,test,predict
0,12.625299531769764,87.88103640534436
1,12.681744092342743,46.6423178535151
2,12.684264304242298,73.82788811954103
3,12.684530036542387,75.21803410114667
4,12.70034352384325,51.05157600058366
5,12.732810831388344,92.6628344624639
6,12.77761337445578,77.49971394566602
7,12.80509738584945,56.786943814194515
8,12.81368461931031,105.12588138067954
9,12.815540890777028,81.96525774152929
10,12.830952978780326,93.74641766901796
11,12.848095943826426,86.41514185149305
12,12.932271858088583,72.9439447103187
13,24.38499807727301,110.18506704588788
14,24.387270331007205,63.02414044503016
15,24.450668156640425,69.49985779126155
16,24.513942017092266,112.77069295373715
17,24.83364634134629,63.39853650589506
18,47.00844673445426,71.56258662908728
19,47.49679999294517,119.41272831512104
20,47.601458241549,89.69782225260545
21,47.89848125154638,95.97315863489379
22,47.93460378642866,90.90288674502978
23,51.95203170858807,72.55839796862519
24,54.610605841851736,68.44244798310476
25,67.6275518091615,144.93976270136054
26,67.62964442119619,142.72943991493207
27,67.6635917961866,89.21542143206088
28,67.96092714208963,66.53302997485127
29,72.16892039935513,125.09459649999454
30,72.55967994466194,71.39603437971184
31,73.9212168161355,67.74954780337393
32,80.6728505091481,96.01994784881717
33,92.1689505602682,135.01570674452225
34,92.16895058751932,134.42760528546296
35,92.1692294489365,139.93680273710092
36,99.16086328871587,77.50362324477999
37,99.31961902209557,111.03708598535604
38,109.38425276156404,84.95234449752371
39,109.656629434394,108.14036697921416
40,113.46407001442776,120.73481821092902
41,115.13783438287294,65.60172619516096
42,115.18573628650992,102.38958884304837
43,129.43516944066968,124.7044244951018
44,129.61027924804986,45.094690648684896
45,129.6709163630289,78.63003408764345
46,129.79292698033416,147.3191789652135
47,129.848961041771,152.2839868277969
48,129.84897833636632,144.9130612223137
49,129.85597998948538,108.2042100584228
50,129.85604657432478,115.78546756041266
51,129.85608172790387,112.01935486850664
52,129.8578836760383,170.29930507332693
53,129.85817278097153,145.98993140809904
54,129.8581786124561,190.34278877903364
55,129.85820725295432,180.10749903919003
56,129.8582154953894,159.56556415591137
57,129.96881800934554,160.39522656707453
58,129.96881907030442,152.43385827943706
59,129.97610031452456,123.50692497897737
60,130.0093641748607,71.54770030436217
61,130.1079556990415,122.90108477429479
62,130.17503362711358,162.62786411918626
63,130.21424129709612,192.54345227809196
64,130.26383344603073,131.73805649216666
65,130.28869838941577,162.53127444900235
66,130.30974702287344,1485.2148104143698
67,130.3219988172591,59.58056882877133
68,130.32300404939562,155.91677657621503
69,130.41322011174734,66.42894161352302
70,130.43180617416834,110.93482997637899
71,130.4318446071747,95.7885806871061
72,130.43184671005872,96.08049138107108
73,130.43263244653122,88.64792394249044
74,130.48169784813422,134.82888545931192
75,130.48170244090372,114.46762255737106
76,130.51090396292165,66.50117758671337
77,130.5109182822825,113.53158066992451
78,130.51094717804784,139.2978656202489
79,130.51126380234302,115.73317576183987
80,130.51178974279662,137.00495897534748
81,130.61003512292703,124.6492831397703
82,130.61414778781057,124.12170313451324
83,130.66162213695011,151.33037805490508
84,130.6616244338462,146.09689807675605
85,130.8067589795537,103.8777451870408
86,130.81921296733438,121.77780877572205
87,130.85009519290367,113.13255164913622
88,130.85854788119835,106.81271522826495
89,130.85857053089282,97.23374525014285
90,130.8690822445449,74.94278172900482
91,130.90314897768957,109.02756340634429
92,130.9063894709046,104.7402187313302
93,130.9067834219263,109.00094080450407
94,130.93341443328475,112.42617749240416
95,130.93341515423413,114.52806766375606
96,130.93341873449288,95.93904007913703
97,130.96060936551078,96.23875343615322
98,130.9855364813494,149.6406865746547
99,130.99162182270953,147.2429615871448
100,131.01759980432277,119.52924451520173
101,131.0635669498747,129.64304143363324
102,131.07833955274344,70.37251841571408
103,131.10186013282393,113.81161355249978
104,131.12986462847658,153.14674652430958
105,131.13185821343643,125.25675605410413
106,131.13188323545776,148.59621257634484
107,131.13299831446582,160.40028388794667
108,131.18948613030273,67.38757503661935
109,131.19893913457233,40.91577425729717
110,131.19972983409912,63.89989608850717
111,131.239153448757,140.3599862951288
112,131.27640003632666,104.16940698104534
113,131.28461073931484,111.25079689812148
114,131.2851322710292,65.80861569482735
115,131.29049335350837,115.97195265030304
116,131.35199215118783,63.893009745693554
117,131.36505407006914,109.06958342836651
118,131.36512477574945,97.38435631563759
119,131.38579415039348,88.38356267568017
120,131.38585902363823,107.18452572350134
121,131.41420934646985,157.5303717689082
122,131.54868069477052,116.52193093614136
123,131.55008805420223,139.5633857084821
124,131.62228279188668,89.29744894577604
125,131.62229669959143,115.57371149781697
126,131.65410728262785,96.59104406851995
127,131.6901575062133,155.96080444354968
128,131.69015882676769,150.79575221303045
129,131.72592149391457,113.29317801847382
130,131.73629250762025,166.1168224969933
131,131.7989637467451,141.7204011263334
132,131.79902092872422,146.5891519853279
133,131.79909634532416,171.00477454232748
134,131.80232467575453,146.38520357617938
135,131.82272672370487,96.10249447502756
136,131.8477101045866,92.41644429684315
137,131.8477771736062,107.47054731329649
138,131.95887650172503,196.5551468871438
139,131.99422252186008,116.90515896265792
140,131.99422252186008,124.00175226018189
141,131.9942242093676,116.97225484849466
142,132.02313430405374,94.05427419418828
143,132.02317559814966,81.80417049209575
144,132.02324572664926,92.47572937906268
145,132.03541215735805,91.73774129415234
146,132.03750643250618,150.11540501811587
147,132.06234628992857,119.24670700444364
148,132.06235473564186,153.20312993259975
149,132.1240488793937,122.09718022944227
150,132.15607450875194,151.6630169168512
151,132.16812223617657,181.04925563837355
152,132.16812223617657,181.96317874472845
153,132.16813282791176,192.12759301866458
154,132.16824463701585,4210.165381342612
155,132.16848649937722,177.84016747921578
156,132.19356754281753,180.73609427984348
157,132.25414946792526,87.1385411859338
158,132.3026100852909,114.00457038792067
159,132.39518580314973,152.0622990694776
160,132.43787716120286,144.02533161942168
161,132.45061633748355,80.7050027778997
162,132.53522611545233,106.70882848547379
163,132.54850962704205,128.76123309223408
164,132.5485440515497,101.65380870887394
165,132.58803942062266,166.98332215493258
166,132.5969824069309,112.57085919316731
167,132.62955006637063,100.96860792705455
168,132.66834791315506,122.1524120045782
169,132.67247495003966,112.97475524366278
170,132.6822064727322,122.30457891073706
171,132.74685053993795,133.06365863036507
172,132.74685522690146,113.78659822283589
173,132.74686477788882,116.92937182517043
174,132.78664524728114,98.82996523012022
175,132.7866692179477,5147.045482037966
176,132.78669823782477,84.19300623649394
177,132.80627532442912,123.21642450125864
178,132.8062763898393,147.7637419561338
179,132.80877540214962,121.6617860973524
180,132.82980554695217,164.44238772079385
181,132.82980766843576,164.72961083697413
182,132.82981810968462,163.10367462790518
183,132.8298231268828,165.22899638400355
184,132.83435292735865,137.4861077333327
185,132.8462364690509,166.4691176283452
186,132.856242473803,142.3847334343668
187,132.8705365063568,164.16528454880978
188,132.9721446815789,181.6362220202727
189,132.9721980204645,160.27526360623858
190,132.97783926540308,97.69283195755594
191,133.04683637783657,120.156633046429
192,133.4643657846063,186.48726397861475
193,133.58967781756382,139.23801355077413
194,133.74183013352996,267.0514469246757
195,133.8251062272995,197.24970722141632
196,133.82511298050505,206.29434596223015
197,133.8251481138052,206.40856651941314
198,134.47518167871073,123.69540819832959
199,134.47533740903637,143.09627871651278
200,134.47702301281188,194.85501472126793
201,134.4770740598377,186.47627580239066
202,134.57921629913702,193.52973402232317
203,134.60156335635008,45.00278295778285
204,134.6015646948904,147.57307286916486
205,134.60156846150818,135.39275910604496
206,134.60157035786062,128.69194215068322
207,134.60166337089183,182.65532940730614
208,134.62898751673796,143.32036976403063
209,134.62899084301085,139.65490263101137
210,134.63026357673667,95.51514845545125
211,134.63028307395493,99.92556153734142
212,134.65940377764267,111.49966484992547
213,134.6594040434405,99.31613961277333
214,134.66570918005988,130.85126548315787
215,134.685211756521,163.58624833017385
216,134.68521544702963,151.79674769982626
217,134.68521863938307,159.4537162238476
218,134.68522011529552,144.78056184047884
219,134.68522085241202,148.64118194472695
220,134.7212677068895,70.01695726327291
221,134.83020781848904,140.72511124402064
222,134.8302422026342,87.27308940874346
223,134.84450854161292,159.57086639613968
224,134.85225432162983,148.88933164412924
225,134.8523521091454,153.93393194054585
226,134.8523779512762,169.7941586999321
227,134.87973263288225,132.84139221464818
228,134.8797634946993,118.49025809511643
229,134.87976371918958,124.30561990151443
230,134.87976371918958,118.05645059761842
231,134.8894041995449,94.92843279287337
232,134.91499312596127,85.58223958466166
233,134.91734250780777,157.07243211066665
234,134.91734250864937,107.49153395109215
235,134.91735270710797,94.89210664830956
236,134.92497502220928,78.83143323465124
237,134.94458389067452,135.63333730507037
238,134.96567041271982,160.32990760920538
239,134.96569991976574,114.03717270912982
240,134.9658163143435,158.83113447492903
241,134.96581771515972,162.9046183387212
242,134.994925454806,155.8453481029261
243,134.994934972257,134.26708332196296
244,134.99572662622262,177.14186632092714
245,134.99572872551707,178.92440481548726
246,134.99922783976984,160.2443789974424
247,135.0023597279954,90.57022448647719
248,135.0176334995883,80.91185177946849
249,135.0178216357428,138.63789325666085
250,135.019335080267,176.16497871041338
251,135.03306367062797,151.08491313851763
252,135.03306539586612,156.95770931315818
253,135.0372156931845,147.40673942504114
254,135.03998740599008,100.02414252779889
255,135.0399906393605,91.32440388619582
256,135.0399906393605,86.24965988002835
257,135.0399967073013,113.60911866078095
258,135.04761180252294,109.72034230145863
259,135.04762477050417,109.2407609848127
260,135.0647115659437,185.06000841420158
261,135.06895681688135,132.62360134427567
262,135.06896480116555,148.09735549771747
263,135.07229586909182,102.80404487183641
264,135.0722981455924,91.87411585040725
265,135.0723112612512,109.43457163302283
266,135.0723146699376,131.6055750759575
267,135.08129244778314,134.65396997374918
268,135.0849092976417,167.79348454159228
269,135.10301200388545,125.34747976276385
270,135.1030241954723,135.39715914304222
271,135.10302507962987,136.6954696335244
272,135.116593972037,143.42203624978993
273,135.11660399513357,143.1490537673372
274,135.14442567732226,99.11602508426063
275,135.15253185954458,135.42850307038503
276,135.16419554749493,183.7470616983401
277,135.16420301141804,186.67664707185338
278,135.16822857949714,113.14004367453138
279,135.1682319023934,116.71243473709085
280,135.19314204413794,102.7726961793156
281,135.19581309092806,121.61633879880581
282,135.20588251932926,154.53554022034814
283,135.21519401071978,117.68992558782259
284,135.2292176305344,96.90203561211192
285,135.26313692488154,112.18842742681947
286,135.2693494682793,147.65340646304168
287,135.27548624721769,74.92898614803944
288,135.27548949972524,113.70584297866203
289,135.2754923304953,130.58646051643484
290,135.27551333900257,165.6463337403637
291,135.27780779509763,120.21723966722382
292,135.28240234157624,136.45611496825344
293,135.28240593384282,150.24034364202728
294,135.28241599002448,77.5379151934687
295,135.28244213623222,141.87562804305443
296,135.28999754438863,122.63789805658666
297,135.29565172726717,155.44800243857858
298,135.30360378399473,117.64377100609059
299,135.30633214573697,106.02215579134074
300,135.33854111802398,156.07752330726024
301,135.3385425837539,155.85427296603493
302,135.3420233002928,135.31462398378176
303,135.35366486629007,72.06633680562267
304,135.35366941331972,85.0331205650991
305,135.3536702091725,89.88539237715001
306,135.36559903439357,134.40038311051873
307,135.37115046941994,145.69627395853382
308,135.38524942248188,135.24921077754823
309,135.38529856187205,193.21849189210832
310,135.39016021735844,104.43451023923512
311,135.3928925659756,193.20821937362487
312,135.3928933597587,176.0324879797497
313,135.39925981442258,123.4898660864986
314,135.399260038674,127.27471896654563
315,135.39926103731733,105.22258648712848
316,135.3992610967914,109.79914644168306
317,135.401861502597,127.61291027349287
318,135.4068597580756,87.8140795553128
319,135.40686567668666,119.75277719267005
320,135.40768743381065,118.77895077379623
321,135.4076914995101,100.13983406903068
322,135.40942295336782,153.99427908824396
323,135.4094449629844,148.03167972442947
324,135.40945062309,100.66362890941399
325,135.40945907277523,21.711083366542233
326,135.41956467899573,148.1620196037309
327,135.41956583321405,132.70408731158545
328,135.47138475757134,100.28186891679044
329,135.47139700737128,105.88970087368241
330,135.47507774397226,154.6071479341453
331,135.47507774397226,86.65592325044605
332,135.48843043711724,100.59348947386118
333,135.488854724202,97.43419235545075
334,135.48886160185458,104.03106643437236
335,135.50113360607853,2773.9387385971204
336,135.5148724840323,151.4169164158233
337,135.52208535401192,79.77421241571855
338,135.52226461057856,88.91243358550412
339,135.5243151803145,88.29620406854079
340,135.524442363047,100.10690732755043
341,135.52445262931533,113.9488525521511
342,135.52550011824883,105.66790463214143
343,135.52551104740152,173.077599613765
344,135.52552044846587,118.17837781183798
345,135.5255205384945,115.11711441436054
346,135.52552337978682,116.17570797212457
347,135.5255274883935,110.18736750820304
348,135.52604676813905,151.20234733986345
349,135.53102538430795,129.06801884245553
350,135.5310254141042,130.59812326303356
351,135.53103046428734,136.95740036515824
352,135.53103106292565,136.09061818249882
353,135.53103835326925,125.40999566278049
354,135.53996329799767,114.31612669518256
355,135.53996774869017,116.52218419430014
356,135.53997038453497,106.50473559545875
357,135.5399758505387,81.03712451496598
358,135.5416733664241,135.32238488685834
359,135.55060917152983,140.48815536674343
360,135.5514073607135,132.3139700965658
361,135.55142441736385,135.35108780314624
362,135.5514267695354,143.24159351487424
363,135.55145059144422,172.17583417265058
364,135.5582686516128,102.55166496487776
365,135.5583063183967,133.4435000477031
366,135.55831550850615,144.68481954766858
367,135.58402620300177,124.4915179245037
368,135.58408495301234,129.8746001193024
369,135.58409662294312,114.94467487931468
370,135.5880220211179,136.0946305784232
371,135.59093702628064,78.77384340232696
372,135.61640267694693,113.14015296961512
373,135.6164039177807,98.67279159587012
374,135.61640397761957,82.2990188798868
375,135.61640701877758,104.34472550005566
376,135.62145429782416,99.35602815399163
377,135.62148651526033,111.78371326170618
378,135.6310444638663,103.83912361398752
379,135.63407342743963,129.73255531927154
380,135.63408441733876,121.56010805590351
381,135.6340861796685,131.58728718261233
382,135.6340886066541,115.29622102109933
383,135.6537240749101,109.41742588049608
384,135.65373665031458,79.15556464365567
385,135.65730395867314,168.27866914742555
386,135.65731177309428,168.83319537586087
387,135.66623705843443,74.88114602431938
388,135.66627496598392,136.44599225249667
389,135.66628365583006,114.79142925544906
390,135.6829614218622,180.58078675326885
391,135.6829689996835,172.33939962714697
392,135.68308946607257,91.61352763934299
393,135.69445111811106,92.63498222435034
394,135.694452105293,102.19959989500944
395,135.6944541641429,97.86812508077712
396,135.69446046984405,102.85997748185352
397,135.6946701513724,142.75385895347688
398,135.6991755928465,127.36059174911519
399,135.70819950068565,94.60868917838488
400,135.71607879275774,205.29051482767645
401,135.71820071719068,145.16805001245652
402,135.7218156439233,134.0587212354539
403,135.72192276272605,134.35958266950658
404,135.7219246566088,135.20041680968026
405,135.7320819800216,122.48246999904337
406,135.73211384194826,107.29766992249851
407,135.7376545714713,123.92810868292852
408,135.74375300001788,138.3916946461731
409,135.7443290476127,144.3140127334721
410,135.75048968491996,77.98243317076614
411,135.7505175538795,71.32838101505322
412,135.7559021415239,164.31992284320248
413,135.7607854391992,168.09662343958698
414,135.76451684150166,4743.289132820751
415,135.77347266987687,22.132950627279488
416,135.77966404605652,156.63403292334502
417,135.77966595381457,151.5788547918587
418,135.78390202880718,142.47576811297677
419,135.78937351921655,86.7987526166755
420,135.78938436212113,71.81064706296381
421,135.78938809701867,95.79102106511732
422,135.7894019204668,90.43921137832254
423,135.78941365415594,100.27398685792218
424,135.7896264614588,85.58903463306959
425,135.78963484326462,77.41034311439111
426,135.7952956929629,155.12478666850393
427,135.79529766721743,155.30120175884386
428,135.79533088512702,151.68446121888326
429,135.79579284025522,128.38266636642356
430,135.79579861707546,126.14707378890185
431,135.7997172819554,186.50972360452602
432,135.801164835309,112.77166177488489
433,135.80117443203565,128.62228255664533
434,135.80594370921142,78.0003857953356
435,135.8059634494091,81.31830855166149
436,135.80609439502945,78.21588526413602
437,135.8241048140746,144.3906152771753
438,135.82598334329873,83.6033960482473
439,135.8290426315521,111.04531991110466
440,135.8358287717604,115.43190526249545
441,135.8481562266486,88.75839192015991
442,135.8481799694776,88.32718928606388
443,135.84826706451577,127.34007846032083
444,135.84828248893166,124.97497471486992
445,135.8482831053661,127.07947755824446
446,135.85551596168372,110.30917230255909
447,135.87622206584444,129.36208373601684
448,135.8824906661577,91.21982203723074
449,135.88308476513305,138.26827235629804
450,135.883086877705,142.60940629605832
451,135.8966341004937,112.99856556396071
452,135.89713006509092,132.70475471055417
453,135.90079118934676,116.70365455991396
454,135.90079399947595,122.51829417416214
455,135.90082773307952,156.79261206682332
456,135.9068975200402,144.82545920780075
457,135.9069947971887,136.90838251829442
458,135.90699576983184,144.39792919042918
459,135.91044507864822,119.8371258185679
460,135.91044507864822,111.8640166372142
461,135.9183502648191,158.11641687992014
462,135.92483860388003,139.0503847475211
463,135.92487430570932,177.2155804297054
464,135.92684169468373,99.46373777567374
465,135.92951473723824,128.77615410828838
466,135.92952721496476,139.595841954565
467,135.92952721496476,138.62573561831107
468,135.93112423615506,116.97287449779748
469,135.93114695374936,62.273908980932845
470,135.9311469537504,163.4696657667708
471,135.9328510011067,76.59023919860893
472,135.9328847464011,84.4930584597698
473,135.93457802426784,162.15562652651425
474,135.93783827893822,138.47402215291675
475,135.9378571865676,184.25218626321984
476,135.94146588044185,136.5626630378165
477,135.941467171016,134.15626401325287
478,135.94147478513048,153.07673988505005
479,135.94147865462892,146.32198245473325
480,135.95682656859088,132.2848064325956
481,135.9588887275314,94.98849633644586
482,135.95889272420476,115.85706645636758
483,135.9689868453848,93.47053942655789
484,135.97040095784575,143.28309935962994
485,135.9817730786695,166.9603534234779
486,135.99900830441004,112.40228790585763
487,136.00016124013757,179.41470405468652
488,136.0035079615954,171.20818189168025
489,136.0035098758512,166.61451918584464
490,136.00351558253456,114.65806048491231
491,136.00360965269917,120.34552991570372
492,136.0051550965912,119.50894877095169
493,136.01218920005374,144.78154374525442
494,136.0125003174548,151.55075162159198
495,136.0125015568347,160.73584509351966
496,136.01252778313082,157.1761080344811
497,136.01256596927013,142.3565314457707
498,136.01470126347326,184.73126352033003
499,136.0147027830375,183.97201210709125
500,136.01472678670058,266.488202496805
501,136.01475350114987,8328.035587954315
502,136.01486727674154,119.89181991098066
503,136.0169067307435,93.66601845189695
504,136.02077566724518,74.64592184059278
505,136.02527918919702,97.13446483575258
506,136.02529582736446,111.0061198454209
507,136.0253019354173,107.6799431938313
508,136.0293131945364,118.93452213513605
509,136.02931491827192,123.7897346536144
510,136.0374099017387,152.14325365679923
511,136.03741502738634,157.5466070398694
512,136.0382685078449,136.25254092403236
513,136.04166648372453,68.59623788158149
514,136.04731688563163,176.92708667524067
515,136.05686226838924,107.31173583068389
516,136.06039824934902,162.96253972645556
517,136.06080151931906,125.24339641054212
518,136.06136540663584,161.45495915324577
519,136.06275805042586,100.29844653617837
520,136.0725190510142,151.66851799894442
521,136.07252853788685,163.27212010380177
522,136.0725841120109,3408.866673509547
523,136.07514040582066,117.00774316954727
524,136.07517489917834,132.97853167349382
525,136.07517610605552,123.67270169390046
526,136.07518346284877,180.39947348244445
527,136.07759014917258,110.43759781843006
528,136.07819952063522,82.63048854486058
529,136.07819952063522,85.05358227005675
530,136.07860923806194,143.7079211232028
531,136.0868555408331,142.45508150211734
532,136.08895416296247,162.30160271286653
533,136.088960955608,180.6012740539332
534,136.08896692320812,158.45358498723007
535,136.08897076491996,166.700441643572
536,136.1039153094306,71.61889992327767
537,136.1039312113668,129.06514244913137
538,136.10393277485167,128.63850381139966
539,136.10541073873614,161.99316832459184
540,136.10890119693653,96.21710830373338
541,136.11279844892653,87.00251929763195
542,136.11831937990976,129.71697470630764
543,136.1230624009636,97.39473991238256
544,136.1270437828823,136.576112552512
545,136.12748040830695,161.74922432712384
546,136.13349680926282,138.73630540185107
547,136.1358880471045,175.06860558203414
548,136.1490991632076,60.580906317879105
549,136.15477919069914,110.14269639842092
550,136.1547833946924,116.66488839547239
551,136.15523105690238,78.28478137639871
552,136.15680821221216,120.33051982538126
553,136.1617903419373,89.43458541259177
554,136.17580408520337,150.53685187433052
555,136.17589746781775,148.79390306890934
556,136.17589915296196,167.22760511130076
557,136.1759020885516,159.0524106226008
558,136.17591209186082,180.85802758833125
559,136.17591209186088,151.29527003284093
560,136.17735881021397,103.19305953027745
561,136.18460943323296,77.49731937989048
562,136.19063819769448,141.23177323920157
563,136.19264734420642,144.72089870443432
564,136.19265173163208,125.92792215195925
565,136.19951848106368,140.02727752130224
566,136.1995197499391,136.0803998591595
567,136.19953051697357,100.43857965946532
568,136.20139502682218,118.04485548596091
569,136.2014046216313,141.4676422260004
570,136.20140576434056,114.75876067086932
571,136.2048748533573,124.59470794702813
572,136.21077382756835,147.66418676328243
573,136.21078401645858,173.61508412831782
574,136.21078485885516,147.04696772560573
575,136.21081038593576,148.69582094757618
576,136.21610271286823,105.0941775001006
577,136.21611723311003,148.70872291777826
578,136.2258796512283,136.86370412974233
579,136.2340894252998,137.46835096978333
580,136.25965055700823,137.90336619083897
581,136.25968428315088,172.52036648307927
582,136.26055940469726,122.94574173326649
583,136.26261763736423,111.87036859712137
584,136.26658608881414,117.29684250317155
585,136.26946865434408,152.31333097095518
586,136.271312671457,68.40972003886876
587,136.2713520333455,176.0762960199007
588,136.2713987865127,120.58685290334519
589,136.27143228720286,41.78689296019923
590,136.2721082283639,163.1396764412265
591,136.27219121817026,186.53325307932553
592,136.27227952157753,147.7678667177029
593,136.27230307477095,139.11687778033084
594,136.27400848560484,89.43748357092709
595,136.2740098284853,98.310053237999
596,136.28972491332664,160.9734841682686
597,136.30382647467428,142.6908243887887
598,136.30629420222374,120.07420974203248
599,136.31245427315548,60.298593358735836
600,136.31543829778246,93.39550974920496
601,136.31798780930438,65.68473260248352
602,136.31920222949802,126.71867906938016
603,136.32475892301215,133.20553381909585
604,136.32476738434215,137.77973153620465
605,136.32476954295913,118.23083598800812
606,136.3372424025806,129.37840421285333
607,136.33752834181706,70.53715132830361
608,136.33754103039277,112.65873715585165
609,136.33755072290174,107.80866648401334
610,136.33755922567775,108.95146230889816
611,136.33932820722563,120.3433638810362
612,136.339348105999,116.00254429275519
613,136.35898949994103,155.95726869341462
614,136.358990745435,123.3068379849649
615,136.36057939456356,185.70828969262402
616,136.3605820196728,165.65629676982564
617,136.36059531140737,160.48776938923203
618,136.36095034967644,103.91065203448144
619,136.36551658252344,103.25120180124345
620,136.36552315546675,111.00764482264596
621,136.37049560517988,120.5285199741067
622,136.37050076908898,108.72827580042534
623,136.3705386184745,121.08943409607568
624,136.37352896235834,85.47582283027745
625,136.38241315876053,152.8354415309005
626,136.38241357005688,153.65308040909161
627,136.38241446905116,151.4700110974839
628,136.38241719341633,154.88977084098843
629,136.3826746707152,876.1742714514673
630,136.3957677034424,142.9783785218081
631,136.40047602459737,126.6100030493968
632,136.4004804526435,173.25096348679716
633,136.40048206968754,163.04668683471857
634,136.40404617871832,182.80053106035933
635,136.41107145696526,125.56179783089294
636,136.41176262391744,128.72797446451096
637,136.41223308967068,174.42662779369724
638,136.41224915869347,93.39290076296993
639,136.41225380825054,150.5318233062663
640,136.41228147597448,71.78878771252185
641,136.41757057197125,155.74442455617017
642,136.41757328083264,106.449522774278
643,136.42581829404946,132.24749156542708
644,136.42582527825007,107.2316325122346
645,136.4258312052151,120.62525406282887
646,136.42623224633647,144.34449212085391
647,136.42623783679008,140.7170781440139
648,136.4262395972456,139.03788163698277
649,136.44558433348604,122.8016044476039
650,136.44558659556122,149.05530043249465
651,136.44795797075437,138.2972373020475
652,136.46043827650905,98.54645934394533
653,136.46471129199358,101.60072948637453
654,136.47133685695684,124.08281803692901
655,136.4713389176642,136.21368539787045
656,136.47642463657883,157.0184556720164
657,136.4784884123906,150.40882219503968
658,136.47848982695507,152.17680885765685
659,136.47922599645352,79.16364145902928
660,136.48000175744926,87.63693931203477
661,136.48018482149763,108.87127603631083
662,136.48101537876948,113.75734989755387
663,136.4811579099144,133.1862278570828
664,136.48156523343974,75.77390844769732
665,136.48156909845304,146.0173169637523
666,136.48160539484968,72.31760705942051
667,136.48241171975363,145.64986678316953
668,136.48361595408278,125.66702264020418
669,136.49243672513404,146.91940202976704
670,136.49244378199091,146.02307568199612
671,136.49244770658257,153.31102391360147
672,136.49898649176143,97.47955364581351
673,136.50076013667635,101.50742868963283
674,136.50177060003432,78.68227965071173
675,136.50865696479943,130.73732750663228
676,136.50872154287842,136.4557718515023
677,136.514427380358,145.38544841540818
678,136.52634458679935,130.7553583893551
679,136.52634950941206,151.82869820418514
680,136.52783561360414,167.18647210449154
681,136.5368823080724,125.86691726764684
682,136.53867075840878,85.85315034592989
683,136.5469912342062,95.69772478418795
684,136.5509523609208,219.93756786439158
685,136.55912707036236,126.05946928267541
686,136.55913120211042,105.71871032816492
687,136.56393305794887,122.85161667123576
688,136.565645814789,135.09521455921453
689,136.56564883881688,130.96255533450932
690,136.56564883881688,139.7120299778336
691,136.5656497004293,141.73677905778405
692,136.59233691020424,123.8248386885795
693,136.59233736830015,113.39144563255199
694,136.5923391444853,119.18322200977248
695,136.59234329651284,121.606269424575
696,136.5970318752879,133.50943240572656
697,136.5970338467762,100.56765106941094
698,136.59933110448185,81.50162294794632
699,136.59933110663525,81.71547572008618
700,136.5993311078522,88.3607527868092
701,136.59934867578497,90.79560487138541
702,136.6062896882599,153.01192239222942
703,136.60629616493063,116.52619163785764
704,136.6076663085284,100.18929107835913
705,136.61246488372484,103.88165744138561
706,136.6124744110461,132.48306100944245
707,136.6131615490069,156.74368373841887
708,136.6133543268155,94.01538511032584
709,136.6133543268155,114.91450291431761
710,136.61336563704907,164.62967153491604
711,136.61338928833632,797.2229817863125
712,136.61614389577414,117.82456760917589
713,136.61615782830577,121.88188179781758
714,136.61684328646248,170.62431775324356
715,136.61690564737177,106.39262499435809
716,136.62240275377926,80.5700168531334
717,136.62240948244445,107.20901242724094
718,136.62241256218746,85.66007726333257
719,136.63469294947615,147.52487926069867
720,136.64379056678672,107.33846057556363
721,136.66627598864167,102.17795189775956
722,136.66627618763118,112.25462212098265
723,136.67046870123596,111.60350950088458
724,136.67052092902006,99.53241455380439
725,136.67449615131622,128.8439342939032
726,136.6798064859143,120.69346795906647
727,136.68517387928648,84.12292973268411
728,136.68519255194337,148.37374402340282
729,136.68842843919862,136.66858828098532
730,136.6884473299471,136.84124568148948
731,136.68961558315863,148.98764948333215
732,136.68962208612948,153.66916300681382
733,136.6985145441808,170.04817394769725
734,136.70891604682453,192.3923149638828
735,136.71261180665235,93.70603307752907
736,136.71263406563335,91.19533992408813
737,136.7127128506057,86.95000228338643
738,136.7151587743078,104.73566889236352
739,136.7263187400062,145.08625200289163
740,136.73019702378184,114.2292905966308
741,136.7301990388696,128.61406774423696
742,136.734163140904,116.98106115589474
743,136.7421727099808,136.11534382442514
744,136.74218060875398,91.8519520174761
745,136.74303217614153,115.38903107084849
746,136.75522588578843,110.16464958943499
747,136.759657106439,207.1777324684988
748,136.77592449071832,132.50759142802093
749,136.78292117507283,177.23226747978163
750,136.7834621003183,152.8850438945117
751,136.78616269788066,121.10452179072156
752,136.79107888293302,128.87662421850828
753,136.79109052995483,131.93258895766135
754,136.79109795192056,122.18126505618305
755,136.79113827390626,138.02687926157927
756,136.80703108690483,93.03566113742693
757,136.80703151452812,94.43204371990625
758,136.8070318473605,93.48147329393313
759,136.80788783043417,110.21089725790476
760,136.80870560462938,111.17187916212025
761,136.80870560462938,111.63447089638869
762,136.8214169022214,112.56488773774501
763,136.82142442532728,126.6190102857167
764,136.8239372327946,157.2061737037738
765,136.82394311809725,147.62954627396502
766,136.82394523934522,159.06119725925365
767,136.8246032933844,127.01317058238962
768,136.82460947465194,105.83972229828342
769,136.8271768203244,146.63540423551478
770,136.83797753832977,180.56680476744947
771,136.86810386250846,85.78435406897589
772,136.87129885180374,100.63398248213444
773,136.8886893240386,143.5491924622257
774,136.8887072997546,144.6776569156194
775,136.89372256510825,155.13306905855075
776,136.89495198276876,138.221405745986
777,136.89586954079368,140.81991866148044
778,136.8958843856777,123.81519500751637
779,136.9009170190038,135.77871853533188
780,136.9019998595409,102.02267277676202
781,136.90449742162753,142.30441065812647
782,136.9051510153826,186.80199197913862
783,136.90554315313517,87.1219005266912
784,136.92057457248546,140.550951834492
785,136.9205761031008,146.0842065217772
786,136.92058591296853,117.83800900872345
787,136.92061569580264,91.68149322828904
788,136.92066796592894,97.99865385834771
789,136.92067003310189,88.35390026314407
790,136.92067047750038,106.02909536427677
791,136.92070748016096,110.90726107967083
792,136.93434845800334,75.68062794326903
793,136.93960552216814,89.06790669191389
794,136.9431116348881,163.7407418292857
795,136.9431116348947,162.95542149306627
796,136.9431116348947,162.4490946372564
797,136.94322737095382,168.01300002539583
798,136.9604425504367,75.18231573171661
799,136.9604604638332,97.00813562689413
800,136.96160818693133,150.47221263841962
801,136.96200873415387,99.3877695043848
802,136.9658235757708,125.47087104537152
803,136.9775495838173,134.1471638224268
804,136.97765725671468,135.43447664115928
805,136.988967548326,148.99914778851172
806,136.9963117653185,91.93981448872755
807,136.99631317479532,98.48520724667382
808,136.99632130232672,170.76863286970104
809,137.0030239478608,122.25425424304652
810,137.0080805372625,139.09358583792488
811,137.0115756850114,125.00297264427283
812,137.0115770486841,71.5258120326941
813,137.02326063236296,148.34307338465288
814,137.02327320782916,85.68080408797253
815,137.02327959016478,112.89764106826655
816,137.0232879967478,216.70867456894186
817,137.03137770155672,98.126628695937
818,137.03623843369866,47.04855665014484
819,137.03623843369866,82.09522165301897
820,137.03624046700645,108.32472151567741
821,137.03624349306708,134.04916453875236
822,137.0420211078391,99.70249960972893
823,137.04557247155134,106.21449025982945
824,137.04560994586546,66.83138307470803
825,137.066260987751,159.51668676902148
826,137.0662695863339,89.37427979458013
827,137.06976381511004,140.23883871306654
828,137.06977475592078,82.43211803341075
829,137.06977988224517,109.7433397116394
830,137.0746654978962,101.98769630799407
831,137.07469433942774,86.6382289049393
832,137.0767208801113,141.11915697874505
833,137.07672410302504,133.95572050176855
834,137.07672803430904,149.44250790334877
835,137.07673272281582,168.19035511314485
836,137.08484461733366,129.86621069066047
837,137.08484918990044,131.33128075833037
838,137.09155356596733,153.97767816071973
839,137.09156026559458,153.6419819601873
840,137.09900692777634,117.08430693292941
841,137.10029851189313,122.02637647546182
842,137.10054432877388,117.12811293336321
843,137.1264271855364,146.7862472146598
844,137.1264296717338,134.0252505270205
845,137.13206003926211,84.82412492129235
846,137.1346395605661,118.60677662106423
847,137.13465370150394,126.41274122207852
848,137.14417802650354,92.15938165606161
849,137.16069465118142,146.44643134027407
850,137.1614475628042,141.2521058011384
851,137.16290766912567,162.61552644869755
852,137.16744166800524,85.05832511595167
853,137.17590190211442,130.9187536216903
854,137.1772222336091,156.2708349076947
855,137.17722812761693,156.55286747628875
856,137.1772303102918,168.64324741966084
857,137.18619204037108,91.58324888233585
858,137.18619339649814,91.46736870778801
859,137.19117290200853,116.18432720235622
860,137.19679978058292,86.74455710315489
861,137.20900027957566,124.97920464023579
862,137.20901345421862,118.74448554862637
863,137.20901601437163,112.60928495780084
864,137.21360056695227,146.58945867807714
865,137.22165359651592,88.7474729855109
866,137.2254416832615,92.92555320227936
867,137.22545900561843,119.36166608529213
868,137.2254629551943,138.42296584349623
869,137.22548877881576,114.19260599818068
870,137.2254944636052,161.50296845767497
871,137.22550128813907,72.87949217819366
872,137.2312758402582,170.8711118352021
873,137.23351594110838,154.18420219726536
874,137.23351617849457,153.9704860828896
875,137.23353886494988,233.81775040977402
876,137.2425577357758,142.9625444970503
877,137.2457399935933,136.4240750504307
878,137.2575066932683,121.62318577803444
879,137.25750706176726,111.40720440030668
880,137.25762547683925,121.87265573832308
881,137.25763078138556,76.95567972025543
882,137.28773429212046,131.97209359919242
883,137.29151651859056,99.50955345193987
884,137.29588830105064,113.4864274488921
885,137.29999723785693,153.33524462354512
886,137.3000257037794,127.55385238008077
887,137.30262393552945,108.11755977796824
888,137.3026252573608,109.40758290564916
889,137.30263094800378,121.80878319222566
890,137.30544403329046,122.87720464662438
891,137.3070512760624,164.73229226037944
892,137.3070525621212,152.25280638798398
893,137.3082161617839,96.20695257438601
894,137.3298467657785,92.8652178753695
895,137.33543423696167,152.74823562811784
896,137.33543979241523,156.93448368053504
897,137.33544126284903,153.8569586297766
898,137.34198029733898,118.9623225117417
899,137.3420087115173,136.98143909511566
900,137.35002053719316,100.96888886423233
901,137.3500325351722,83.51380886304048
902,137.35381585499871,124.51516744175146
903,137.39186239634114,156.81890927758673
904,137.39186748613565,178.88112656959115
905,137.39186991057062,173.79680828775173
906,137.3918752318876,167.54909917768094
907,137.39246281462317,131.53933853719357
908,137.39648453480436,111.7769974984022
909,137.4035386585515,150.29720734276586
910,137.40354379176188,162.782967067433
911,137.4061184484007,125.5252372044504
912,137.41306782857012,108.2367226243214
913,137.41557041332888,146.21559383390206
914,137.41560512771366,101.79940047006173
915,137.42582379043205,111.76285886557304
916,137.42960721858685,113.03448683134872
917,137.4319748477464,81.91790908029147
918,137.43445373029977,162.0606273707047
919,137.43447453398392,167.9405334091321
920,137.43793824163583,82.98586563194257
921,137.4434944992634,106.79103056620181
922,137.44349469351943,107.43279039991155
923,137.44612884280588,151.08939493893953
924,137.44612884280588,151.53413762331124
925,137.44615629481018,159.9782350659999
926,137.46384157747585,115.62660172556093
927,137.4643768724715,210.62489170849489
928,137.46585203898653,115.87473040114489
929,137.46586934314027,124.33344300800263
930,137.4783922671281,114.74269953040834
931,137.47839885034222,119.41816638105365
932,137.47840029247988,122.64667911160362
933,137.47840775383304,133.81115133214672
934,137.47841150402303,116.27479841469074
935,137.48328456604705,81.23128932287601
936,137.48329622938024,75.13822850416706
937,137.4886237677916,140.4192608090048
938,137.4896062594156,71.9315760159317
939,137.48973374636375,102.27349149778198
940,137.48973374636375,105.91199346642544
941,137.49130651698175,130.75380508453705
942,137.4913249265814,154.89584460502732
943,137.49277714087947,143.4249198009636
944,137.49420988331084,144.73865615568036
945,137.4984646279193,1919.7819053141243
946,137.49899116678495,1619.3326609848896
947,137.49945571295223,143.46396684846516
948,137.504690082121,80.2254387454494
949,137.5046923386337,102.06292432348262
950,137.50666156205452,96.41634333348235
951,137.5085682873086,82.59367514041725
952,137.50858000620457,132.90759463041118
953,137.5092840079536,100.02260220584238
954,137.51543828685934,127.82681582468848
955,137.5193862308564,131.96508481470545
956,137.5323934447031,112.06901154826623
957,137.53239392209804,130.5514123201768
958,137.54109068554067,146.7291798875012
959,137.54467876393863,118.76182162001083
960,137.54468056658018,114.38527913968174
961,137.54472862065626,188.78472887642977
962,137.5471967050205,152.97360070983052
963,137.55054054556624,127.73027733763118
964,137.56829722549188,110.70076738562466
965,137.57634179266452,119.82869175462291
966,137.57636487278995,133.66238648635488
967,137.5982181021569,125.7551489592729
968,137.6006155703739,140.75875468894247
969,137.6006167609774,140.3123522589027
970,137.6006195816527,127.26713965945056
971,137.60064306048918,142.7769077581084
972,137.60064570059214,144.96376527524419
973,137.6010096348284,67.37465480103845
974,137.60677382309112,186.39043168465574
975,137.60847067638633,94.84953920228668
976,137.60918085046512,110.76252767276236
977,137.609220928603,94.8605023098002
978,137.60922188160612,97.61561139579385
979,137.60922188160612,94.00611260308847
980,137.61125880566914,126.77571233430662
981,137.6138639318462,159.38541340965878
982,137.61482663520786,154.38766342666895
983,137.62611719444465,90.29681225204584
984,137.63023783226748,88.90216311028067
985,137.6302512458222,73.83399325382791
986,137.63190960924413,100.26797431036348
987,137.63191603996208,117.74743758826621
988,137.6365981315793,136.00879822212838
989,137.6369699984523,106.85621890322709
990,137.64036465500592,179.16343132494924
991,137.6403669021512,190.74051332861336
992,137.64660918586375,71.61607999113556
993,137.64668909577617,86.3921629120836
994,137.65417486244812,125.41776919178758
995,137.65993596544274,144.7253826369909
996,137.65993859266888,135.2771293770392
997,137.6599387594348,135.36887226820673
998,137.65994095642213,127.24922748771633
999,137.6599483496252,83.39529084967336
1000,137.65995272092735,113.11022974506406
1001,137.65997987275622,153.9516219173566
1002,137.6612196682271,128.92918953416068
1003,137.66122120780457,128.03090260161787
1004,137.66122383940413,151.6547108935502
1005,137.67451479500457,135.39122454713163
1006,137.68261809630835,178.36459242617008
1007,137.6826818798441,85.782349316983
1008,137.71711126135767,160.2851954644916
1009,137.71994532235192,122.93164057207554
1010,137.73394661096495,99.52111056792248
1011,137.7346573073506,66.24645411750691
1012,137.7368565034136,150.53868279283165
1013,137.73686052333886,155.53642303531876
1014,137.74025499128143,157.78149928921476
1015,137.75274021036358,106.82152312014125
1016,137.75274142825526,110.63794650889545
1017,137.75296672753657,130.21332689911816
1018,137.75848247892634,163.95415072448563
1019,137.7635776213055,111.68009167259757
1020,137.77321199666625,93.48747242214645
1021,137.77715002727163,146.7281239834615
1022,137.77715429379418,143.7653616893199
1023,137.7893409782826,183.3695422697772
1024,137.78940820980534,157.30698887372785
1025,137.78974032200813,31.741408862927734
1026,137.79065705218778,109.99378010090284
1027,137.79198997013202,27.11348184739552
1028,137.80480339788073,119.84125169203469
1029,137.80628018506837,52.972415884726324
1030,137.81217499038848,128.83425445670804
1031,137.81220588856812,99.03459728639783
1032,137.81333404574693,118.07019351585961
1033,137.8133358872344,110.42969495651847
1034,137.81334980868027,160.58962240012875
1035,137.81403505733445,123.45047554547399
1036,137.8213951176727,1784.4892859319616
1037,137.82152096469537,137.32927083505737
1038,137.82164797950358,179.4320499516595
1039,137.8216482334314,177.55308972066842
1040,137.83173792238054,117.92088492644636
1041,137.83764921791476,116.24913392296372
1042,137.86033287469505,110.00160288852419
1043,137.86034430445196,100.87437397738063
1044,137.86034994921707,108.90562650090503
1045,137.86034994921707,109.04018711796778
1046,137.86035013214268,110.62000487693994
1047,137.8603719613876,112.94934230552246
1048,137.86093506031233,109.45412478467625
1049,137.8655311037432,127.94096247602874
1050,137.86558694284665,145.3142230449452
1051,137.87354615906682,151.4823894253155
1052,137.87355886609356,128.05011492125684
1053,137.87694309193378,140.8893566656339
1054,137.87695818031784,139.04415431358933
1055,137.8773403724568,135.6673910822294
1056,137.88073666309506,129.80167499783246
1057,137.88073865334687,121.96752424025813
1058,137.9084631328135,136.7001383456062
1059,137.90886442597767,132.40547937325886
1060,137.91106872673004,144.4268091070104
1061,137.91957214517694,65.77668294083351
1062,137.91957286208955,73.36655601360593
1063,137.9243386256963,111.13588849526722
1064,137.92593767256662,134.53811657510602
1065,137.92597542385872,136.58685885603205
1066,137.92597959378318,183.98276687107852
1067,137.92598058674997,166.66228059090963
1068,137.92616537131204,156.07161995166726
1069,137.92662102941003,124.23276237270879
1070,137.92908743771244,24.73699898842271
1071,137.93401578387733,63.22270235577745
1072,137.93403629345374,90.04341528244635
1073,137.93898060194624,150.98142327322208
1074,137.93898231419064,154.70349956642116
1075,137.93898241757464,145.78708348287432
1076,137.93899445968376,81.86847337937027
1077,137.9402320761806,143.37981726456655
1078,137.9402342252704,135.7629854529
1079,137.94032347728404,169.3342210905326
1080,137.94655470192458,165.10619416407005
1081,137.94656087410883,112.36455018122271
1082,137.94656110111933,116.21963818228642
1083,137.9474392666251,97.70421631646374
1084,137.9505277132748,137.3338800642484
1085,137.9546482437785,144.4549041588142
1086,137.9692177476017,105.32578777132963
1087,137.97294045403518,121.31339893176602
1088,137.97367399655334,112.44594375489248
1089,137.99418217237775,138.30677806562915
1090,137.99418738468535,97.58699799935661
1091,138.00178971727587,92.72152899176355
1092,138.0195614851575,125.21190147749623
1093,138.02370725218066,122.9435715212827
1094,138.028957677756,156.51329569801922
1095,138.0316215710085,141.99201883203602
1096,138.04253055822232,134.54258903496657
1097,138.04257402715405,106.9462672570682
1098,138.05033449990174,147.93661627392603
1099,138.05033525123935,154.50273588597702
1100,138.05033573611436,152.86971607867682
1101,138.05034235288034,143.42793744992747
1102,138.0550270291355,148.21916389424155
1103,138.05698060244407,109.34518982869685
1104,138.0577041874083,144.03192323178587
1105,138.0586100941809,132.46486778044604
1106,138.0586249462783,139.98968271986794
1107,138.07115415105983,154.7135424042932
1108,138.07115892556857,112.5988684236218
1109,138.0712208574128,89.98504304222757
1110,138.07137769410065,142.31135958382384
1111,138.0839954529446,151.9696118378319
1112,138.08399901107666,145.20963969369765
1113,138.08399901107666,148.065622524853
1114,138.08895479143357,142.87853043998632
1115,138.10818943265713,126.2695775873005
1116,138.10858947093104,82.60496274881895
1117,138.1097999190543,112.90794663406771
1118,138.11078796158225,130.30769667609312
1119,138.1108720362241,129.86786121948057
1120,138.11396293418522,90.74360756694314
1121,138.1139773263362,135.04335669233984
1122,138.12052675603243,128.6480181492537
1123,138.12058433480232,84.37805248006262
1124,138.12630137876474,115.44674688739201
1125,138.1316949230674,86.71300554310491
1126,138.133916714733,133.83268960896584
1127,138.13392941561293,144.53590307503939
1128,138.13557958176614,104.89445086473901
1129,138.13558049259885,98.60873114090437
1130,138.13667994965465,102.18418787670774
1131,138.13670702675748,147.5255969261898
1132,138.1442735337554,138.45784919353156
1133,138.1466242190888,145.65213538421153
1134,138.14662717928314,138.16173703197353
1135,138.14668027590932,118.5355608371388
1136,138.15544195470045,107.92390446419061
1137,138.1554483311113,129.4510756092365
1138,138.15545435949136,129.0773384074234
1139,138.155459653711,135.62276494592675
1140,138.16994237219984,126.99486089736736
1141,138.17220250440496,165.04622306228467
1142,138.17230153538503,151.93737920752045
1143,138.17231793111603,148.42725831013425
1144,138.18960614174773,162.57886399804713
1145,138.18975960111976,274.2388496212312
1146,138.19256652448,153.69162697484558
1147,138.19256940037494,163.7794011561015
1148,138.1925740378066,134.67763950002131
1149,138.19660043924875,149.50351486309606
1150,138.20589619536017,171.30739354404233
1151,138.20590309779925,126.68615053577787
1152,138.20590347653643,102.42323882715257
1153,138.20590503181322,100.78509732992921
1154,138.20828645770467,99.05567293988634
1155,138.2126860819585,104.53889558569183
1156,138.21380321742254,240.98938406420365
1157,138.2138298316029,243.50757991639503
1158,138.22505407161745,101.73595326206984
1159,138.22506005526608,119.42107997619652
1160,138.2250620760833,129.01699135181974
1161,138.22506216822865,106.46304491174618
1162,138.23865449575203,150.95375110144715
1163,138.24331021231362,111.92455273531267
1164,138.2598796484748,89.83125508197307
1165,138.26275554035692,96.29191883646877
1166,138.2633258185782,128.87175458105722
1167,138.26333966584536,122.80050707091746
1168,138.2713782873517,133.16824693876518
1169,138.27143458376102,72.23711201052748
1170,138.2775387035661,172.92654329626546
1171,138.27755272949426,167.27727929510138
1172,138.28077178620856,115.5902690886412
1173,138.28077466130625,122.28453665449021
1174,138.28079554813064,116.79612356759957
1175,138.28981803345695,114.62956601425333
1176,138.29204136542123,110.60730406720891
1177,138.29208151856838,142.50754296046753
1178,138.29208205730333,142.38951263574864
1179,138.29208230391313,144.08192572991157
1180,138.29742313950845,138.03007353907958
1181,138.3129766139088,105.1190446060629
1182,138.31737224230082,136.50030988972009
1183,138.33474921138668,85.10649181949465
1184,138.33837589479057,111.88514392804315
1185,138.33853923724035,110.00933176753972
1186,138.34864897873865,81.52441349067487
1187,138.34865734940635,84.28568218098481
1188,138.34867806362604,77.87351588798676
1189,138.35454127744106,114.65902743475748
1190,138.35800009732802,94.57149574750188
1191,138.3580425783098,121.9867221369918
1192,138.35805590649602,104.84349777345544
1193,138.3597606494866,115.2517548234856
1194,138.35976532414293,127.06504593135351
1195,138.36529718282873,125.52358956484825
1196,138.38313691113433,107.51443401082162
1197,138.396213240036,163.061585373721
1198,138.39644619496977,402.0809878954706
1199,138.39658138641326,162.38677082613498
1200,138.4020480884674,71.51799061269875
1201,138.40206321068635,147.23825766198854
1202,138.40207718970763,132.98423533883596
1203,138.4020799359922,116.3307442444604
1204,138.40382017614297,109.80510083589209
1205,138.406031699099,148.28292989371715
1206,138.40603201892682,164.6568980155026
1207,138.40603649762608,169.62650759761118
1208,138.4060504648096,153.80465107768893
1209,138.4293227445661,148.2815969525474
1210,138.42932738205062,117.6004654765831
1211,138.43127232072555,76.06651055794933
1212,138.4333085895499,159.02408876573912
1213,138.43748026259698,130.07389266447845
1214,138.4446513319671,140.6820980181772
1215,138.46807253243836,170.0826869102817
1216,138.46807470289264,172.37954279742357
1217,138.4680779828621,165.37004601602365
1218,138.47926599878005,132.87860007233488
1219,138.47927487015033,164.62511251610647
1220,138.47928004278086,159.3231686429219
1221,138.48640029043247,185.47425279386107
1222,138.48655731390562,99.36668805206418
1223,138.5090885047129,138.34830287832236
1224,138.50909249256662,114.85179399458379
1225,138.50909410078722,109.41527460883039
1226,138.5091111254686,88.41761691014582
1227,138.51796256138576,168.27554039797468
1228,138.51819332068672,191.56128980601625
1229,138.5222424404338,140.29447949587242
1230,138.52224822265117,124.35684385742127
1231,138.52225134985537,138.7595242379557
1232,138.5250069188853,145.3111690407327
1233,138.53003938309303,2894.568954332681
1234,138.5319651974301,145.22979866764976
1235,138.5319665882271,136.26769095706575
1236,138.53196711660468,132.09589049803375
1237,138.53197274628974,124.02944338808469
1238,138.5319880638752,186.23660362760938
1239,138.53198936950744,112.69468470869094
1240,138.5400172247564,124.44036481830149
1241,138.54146985391463,106.87236980418899
1242,138.54152694336753,122.41408050866163
1243,138.54154546581583,115.31293442009705
1244,138.54372907065488,139.870092212786
1245,138.55961392313404,77.64213729726532
1246,138.55961392313404,97.6004645460786
1247,138.55963197334705,96.79066168409975
1248,138.5696749325384,143.39581656284741
1249,138.56968317366264,116.79844063693099
1250,138.58964264508813,149.72368074161474
1251,138.59970624451952,119.62685860043487
1252,138.59971164237996,134.28505313542428
1253,138.61941217045836,149.0935535427215
1254,138.62426566793312,108.48943160223995
1255,138.62494719510394,136.74375498124797
1256,138.62496506936952,146.60530316213845
1257,138.62497265956802,100.31862289583725
1258,138.62497442298647,124.80338643934502
1259,138.62498200628193,90.32075980100056
1260,138.62613993279217,176.419225104109
1261,138.63214643742407,129.92800617676127
1262,138.63218308470405,127.55361835963556
1263,138.6409454587367,102.71781417131646
1264,138.6409582152791,75.0602080456618
1265,138.6409588503438,85.13492022987128
1266,138.64129441722176,113.73694061736569
1267,138.64274180045174,81.26866300495396
1268,138.64283840015045,66.35012720504221
1269,138.65290835738497,183.13564655328628
1270,138.65297877617417,140.66168057026488
1271,138.6530209362034,182.21630552763145
1272,138.6566563001756,142.17137511972476
1273,138.65665915822677,147.2389666036716
1274,138.65666383114836,116.3027778414448
1275,138.68213519282654,100.90878681239147
1276,138.72094917526778,139.59816561947036
1277,138.74014113835216,137.67559667966012
1278,138.7419520315662,268.2827225228503
1279,138.74198643433192,102.47668736109671
1280,138.74205579897125,2144.599955410427
1281,138.7782263168154,104.14786730034693
1282,138.77885688748802,149.31518977218806
1283,138.77889488966562,159.79878793254363
1284,138.8017083994051,137.89272785517977
1285,138.80171970907,95.55008468240693
1286,138.80172738061174,113.27600714341982
1287,138.80501031057528,126.54632150019233
1288,138.80927595280397,145.41272900547625
1289,138.8232497696814,134.9972486166078
1290,138.82583381612605,264.41992772747113
1291,138.83414358827275,110.14739474927107
1292,138.83416448856258,121.45451073424539
1293,138.84310168272674,144.06722126190553
1294,138.8493174059331,97.85347575996542
1295,138.85308464847284,152.77963095903115
1296,138.86103687228837,151.4155448254706
1297,138.86103885526765,128.3795372061665
1298,138.86705251946734,87.61002363231651
1299,138.88171658225716,172.8046254285154
1300,138.88171737974452,161.38958691854182
1301,138.88827450450296,142.47520549366268
1302,138.88828478735087,144.23817243590344
1303,138.88828768518317,87.76901889371558
1304,138.9020918402107,139.04543778348312
1305,138.90713106992715,177.96968515922916
1306,138.93088544254977,131.99100379952986
1307,138.9322397472854,103.84241611222188
1308,138.9512304824064,162.88532522114156
1309,138.95135493107097,146.45939533779023
1310,138.95519306024568,128.96497206014178
1311,138.95565958634216,128.23952714511984
1312,138.95703970624945,121.90467887625782
1313,138.9660528280589,131.417598712992
1314,139.0002529229899,97.03234682279474
1315,139.01704922147704,115.6039151921531
1316,139.01705268401017,134.01345570136675
1317,139.03143753020004,143.58913983427573
1318,139.031439331376,140.47081436705884
1319,139.03144308557663,138.94876067511126
1320,139.03163751327466,134.2153864091814
1321,139.0470871836176,119.95708820398649
1322,139.0472987710907,107.05730021080258
1323,139.05070172510668,158.7871952983992
1324,139.06304016805927,121.52537713898352
1325,139.06309320755824,93.06556233020245
1326,139.0677875634717,180.58286022497978
1327,139.06779309967447,166.3663085542192
1328,139.0678067446181,145.55305581286436
1329,139.0678115590552,148.46061725509284
1330,139.0864373036165,144.73788203227545
1331,139.0864389791236,138.57403305192526
1332,139.08644632855334,168.84254911230403
1333,139.0864484241042,147.53462017862157
1334,139.08872152926065,172.1724851443887
1335,139.09973382829955,149.52350185209755
1336,139.09973440414842,162.38451637656908
1337,139.09973696785391,168.4830291147594
1338,139.09974339265247,118.85445728073215
1339,139.14809739266167,100.49104795780401
1340,139.1548038943776,215.52503780741966
1341,139.16209307842408,148.90555379260067
1342,139.16211621023527,136.70400632819982
1343,139.18401278115547,152.72410427318977
1344,139.20089677598526,147.02636810993098
1345,139.2009013389696,133.08193875144553
1346,139.20092587634784,107.21683245914195
1347,139.23446645245733,163.8144417406369
1348,139.24977105472573,104.13140767091613
1349,139.2562691213681,159.6643583698296
1350,139.2689843801069,78.1131577375671
1351,139.296488679164,128.8871803128385
1352,139.29650419160146,134.54711916950623
1353,139.4214708189939,163.07495334149135
1354,139.42147940466643,96.18109129891462
1355,139.4497564069528,154.44642944819657
1356,139.6441014829089,154.00152151692453
1357,139.65800836287707,98.83833834482766
1358,139.6584184682025,144.89807983220584
1359,139.67264494147213,118.29516401917675
1360,139.72600061031343,135.4459441703624
1361,139.79286904106596,110.49510066409624
1362,139.79634182698635,147.82209669438595
1363,139.85504714738477,102.78542725610572
1364,139.86129310742925,132.32740788598014
1365,139.89248646727248,142.3512805293522
1366,139.8940096745282,131.89804772297128
1367,139.89417128346471,107.58498543727194
1368,139.89563009006622,176.09647219063118
1369,139.89563282509005,163.40973999687108
1370,139.9771726448734,3777.187684322996
1371,139.9771756933683,98.18284741278397
1372,139.98215094386993,127.0699135597646
1373,139.98216937285784,117.88023924237808
1374,139.9821711621609,136.6415230577654
1375,140.00922970010075,130.20671876164877
1376,140.04652972578216,135.97617886112167
1377,140.13570838087756,133.2532155796674
1378,140.13571944093468,87.85003183501323
1379,140.1357219362293,82.58676814058725
1380,140.13572487179164,75.04425996657193
1381,140.1986866312552,509.0366779162278
1382,140.26938003218325,95.5212842180445
1383,140.3396008085079,142.31168789256694
1384,140.3837875509899,70.16317450828045
1385,140.46166082474628,178.26922242709665
1386,140.49284754872474,135.31314398509224
1387,140.49285734713388,139.66458868677395
1388,140.49285914934353,140.00715329964626
1389,140.4928647971463,134.62694526367625
1390,140.53912055453077,133.97964882895926
1391,140.55613969934754,132.90379433373278
1392,140.5710423822497,152.2115113550135
1393,140.5891141461951,116.36280741505608
1394,140.58913907813712,103.86753705333786
1395,140.62024293964654,134.3308358653173
1396,140.62025035789736,72.7242710257156
1397,140.6238033285548,140.64186016429295
1398,140.6238033285548,27.951136643849544
1399,140.6344511583696,144.60699322462156
1400,140.70457062344607,107.21303922626078
1401,140.7107714055285,122.69449497219051
1402,140.71077565064417,82.6891139304373
1403,140.74042146063314,139.64330697031536
1404,140.79189492177514,143.06864230013147
1405,140.85397291491387,158.23056739508152
1406,140.85400323828793,95.56154897525761
1407,140.8540574771285,824.2091953815633
1408,140.9582934123161,131.38595485240995
1409,140.9768323858038,145.22047458768913
1410,141.0183366653186,130.0935800387585
1411,141.0969360097829,125.21584326431253
1412,141.0969388642866,94.66652358005872
1413,141.12089060823013,122.720608693117
1414,141.1208943414023,121.53818221909921
1415,141.14330146569287,110.62153889522207
1416,141.20127745051457,128.97206088882257
1417,141.26529221070626,90.41349522090255
1418,141.26529239344612,81.92586064718748
1419,141.26579202529592,92.6585792908522
1420,141.40489298129123,149.56299213951078
1421,141.40490158948688,143.9336531515409
1422,141.4981428935743,110.60800959911772
1423,141.49818495626346,127.57525675858474
1424,141.53694311377416,146.5331735741138
1425,141.60749350684867,127.28946762337897
1426,141.80970762166783,146.4285334072764
1427,141.89238616567283,123.20456183576788
1428,141.90183685049828,150.73033993712036
1429,141.96689544333054,109.67016829479024
1430,142.0469333956453,147.00244006543284
1431,142.04693700029094,181.24619867199175
1432,142.05823791328072,110.36419052717787
1433,142.08343991139344,150.58816176803953
1434,142.10025537952018,135.82311769682383
1435,142.1002633245165,123.37241599432835
1436,142.10030239480065,11051.593001729541
1437,142.1651132442168,127.50865478073788
1438,142.20465174128825,135.99973884923827
1439,142.40692713310045,127.85638620656437
1440,142.42151845099227,160.95974601587974
1441,142.47982615554406,155.3875918980019
1442,142.62588858455172,171.86783571826908
1443,565.4943352168706,520.9811478208953
1444,731.0059015656135,11497.065799290718
1445,741.7923523081189,194.56803876421014
1446,741.8063785679954,218.06003238613673
1447,1447.972321292577,4038.0979775806754
1448,1665.6276641027075,739.9223086683623
1449,1669.14872486051,6800.393693365024
1450,1903.1256965619668,693.0955838519907
1451,2362.048176405595,2331.3324182986594
1452,2472.310863811745,1744.814007289018
1453,2617.385151346521,5386.727478491159
1454,2754.8006133808967,4879.599330238581
1455,2754.8006133808967,4733.370030520783
1456,2953.851440513964,7221.839367284644
1457,3210.5220536468782,5885.668324050294
1458,3237.0799600435266,8520.465606997475
1459,3486.768845286733,9694.034207813713
1460,3624.500194311877,156.39541897772068
1461,3670.616552169544,3229.520108018068
1462,3680.091612829525,152.19517310630442
1463,3831.59546757844,5906.236144217727
1464,3845.080791431341,9075.593282241018
1465,3883.6982531716303,2740.8874395740654
1466,4081.907732412716,2518.9245526727186
1467,4287.820984262673,690.4260493478793
1468,4444.21811340429,1624.9515696054614
1469,4471.615628947135,7604.571999322053
1470,4535.72116237633,5486.174939256435
1471,4637.563029909377,3159.9378939109224
1472,4701.131089085042,2260.8648860079375
1473,4750.314318856239,6251.471536167458
1474,4833.039631411045,580.3572870128714
1475,5258.74305800884,10296.572329146375
1476,5263.2620811296965,4477.746517383786
1477,5737.321050039287,18480.363454846072
1478,5907.428736194597,6568.42920159762
1479,6434.1279668908455,10137.469337417571
1480,6610.047414954123,13161.270094683297
1481,6661.276288043331,4757.631210985607
1482,6798.464992014055,1269.6283326889347
1483,7168.521835841338,5968.268975528079
1484,7857.539578319927,5773.862040910494
1485,8069.389666096211,10332.867842110578
1486,8226.048270391195,12875.146994942957
1487,8289.604368757608,14258.485190117097
1488,8385.720703246763,6569.694983127881
1489,8474.96276717608,13785.662569690056
1490,8742.79854280964,7785.293804897434
1491,8793.98015298123,10483.108853018906
1492,8918.126448830597,13884.027029156063
1493,8994.026825874917,8612.124548541395
1494,8996.033635315533,11209.98452409464
1495,9073.002954257285,5407.406958594115
1496,9698.105800141042,8410.008046668037
1497,10013.510682381842,8592.462185924423
1498,10273.287338274034,8474.102965546592
1499,10390.56364316429,9865.236858515871
1500,10617.826027227427,10342.428542201418
1501,10905.077365677967,5745.885457927046
1502,10910.995962317633,10685.770049018112
1503,10933.117506951634,7211.250778391169
1504,11577.014838966848,12100.375580315367
1505,11598.741353613685,10280.945788877028
1506,12114.793350087031,12746.487216727419
1507,12114.793350087031,11506.540282085793
1508,12561.43877697964,14524.820282302377
1509,12777.027198649945,14876.035925118822
1510,12838.369641889063,14112.09509916451
1511,12858.800816221616,12900.643053966462
1512,13002.870106896306,4303.099179798932
1513,13087.07082530542,13832.161298670284
1514,13137.70238849873,11533.030368590202
1515,13257.574230389726,18260.045120704555
1516,13308.17362801837,14483.301020183082
1517,13319.276062104942,8656.669736523416
1518,13353.945359685702,10954.347167619797
1519,13593.547157023026,11536.438167710681
1520,13872.14293939132,11216.43729796614
1521,13896.884085200098,9527.208385114349
1522,13936.514678236646,14009.09728128905
1523,13984.265481172188,13418.121803337788
1524,14056.537197345557,12074.678759823644
1525,14148.987720031,10641.403888386174
1526,14311.62824032934,14860.200442068626
1527,14345.680309261146,13906.71021189713
1528,14426.896288526446,11035.960800536928
1529,14465.881216235706,18065.528104561723
1530,14701.962739125813,10940.305417901274
1531,14780.635645931185,2879.725926455407
1532,14791.124082292028,13372.894338116415
1533,14906.00971520595,16601.633114585544
1534,14982.119093702628,16088.857317161755
1535,15235.292997639115,13207.158943161174
1536,15490.972256209232,18342.100235082562
1537,15495.479255876411,21706.688573407686
1538,15623.288244934583,15985.231310053105
1539,15636.586619437372,13752.175461501198
1540,15665.32177694614,12710.228756083796
1541,15728.2506534113,19282.769164487534
1542,16508.918394944678,12749.487241525223
1543,16508.918394944678,15807.17380591808
1544,16608.966067916164,19018.331146988083
1545,16732.164743043228,14938.512441016144
1546,17318.557184517154,17211.235291062007
1547,17347.763343116396,23440.399483245896
1548,17347.967079015547,20078.184782015884
1549,17363.465756689784,14087.375854118398
1550,17526.53542569533,16774.63222732481
1551,17605.966447690702,19854.380898148414
1552,17669.373364202693,17599.041132873725
1553,18410.96427498881,15858.071839952709
1554,18489.27413290182,20209.240927848026
1555,18596.611092443185,15047.690359588758
1556,18612.01476906196,19636.928930877766
1557,18641.34275493356,16616.73777330595
1558,18644.8969408356,18957.30337912166
1559,18868.2162845709,21685.941078781383
1560,18993.93743252618,19546.851068682776
1561,19202.950112579874,14086.753347254476
1562,19612.48127608087,18687.31327769973
1563,20071.25672324797,9185.947648726536
1564,20583.306626500987,23336.208732044604
1565,20594.11299447928,15910.310650349116
1566,20641.462367933065,9552.899225848485
1567,20642.25681888763,18209.507397284702
1568,20829.517821877143,21147.88106123066
1569,20868.71157148124,19576.106418299387
1570,21085.032679251588,20551.021502737345
1571,21100.403302357685,20017.19662032829
1572,21245.429222468538,13424.941360128381
1573,21783.38086929129,19950.674714679317
1574,21935.13479449042,22167.108221350554
1575,21992.22057472166,24132.17032526274
1576,22209.30559910124,24140.52065848345
1577,22473.933639584822,22742.845262080587
1578,22520.115591959784,23233.582916163414
1579,22642.60191721621,28953.890808383047
1580,22673.737657233425,10728.965800563174
1581,22675.671014272823,17359.326009563865
1582,22773.358860599976,22764.19951457563
1583,23934.6781020375,23687.740196236897
1584,23963.998642902847,23882.271519629143
1585,24095.57211814837,20029.005885657858
1586,24293.64198828006,20245.09735384161
1587,24507.35649677299,23548.289224882217
1588,24548.59488808431,18253.087775201413
1589,24554.50378259314,23257.179549003067
1590,24562.1024022008,24517.06533704211
1591,24798.29823962711,20204.49922407521
1592,24995.303326845788,26160.91475892167
1593,25368.16668107495,33303.383393052776
1594,25759.814889581052,23958.20385675757
1595,25876.72672943705,21348.866461731654
1596,26089.29307175641,39655.85679410455
1597,26118.84810032137,30960.92091965683
1598,26366.045895643205,25006.845198580213
1599,26689.700520415365,24698.352148576098
1600,26909.06325812719,26719.966610891643
1601,27018.64156250286,28530.520091209448
1602,27019.917250511404,31491.393261548725
1603,27044.63040558782,25534.79542483565
1604,27134.515551493278,23229.436601554884
1605,27226.246112327928,15224.223663061539
1606,27591.78296372483,27385.992845246223
1607,27591.78296372483,25838.908992474582
1608,27878.93499114244,29161.287436990842
1609,28167.98817566112,28322.108633982196
1610,28353.045445563355,17883.13866770636
1611,28395.429271229827,35206.77457700091
1612,28399.85745467155,29071.872324732107
1613,28610.88860947503,31080.19077501632
1614,28710.277076916136,30395.779792124333
1615,28959.09302738074,29308.567223045582
1616,28983.998551109624,31494.11428988742
1617,29295.91421429232,32903.33363231224
1618,29316.67155188749,27601.541366635374
1619,29866.074028245705,28653.790358472423
1620,30001.491973721444,29838.538198378974
1621,30127.24947190625,36930.44051082222
1622,30341.243071916004,29326.50024007609
1623,30358.26477982377,33013.393452873635
1624,30450.235867092026,31545.20612520955
1625,30513.564981770432,32451.975641488934
1626,30628.807872288977,36999.99379652625
1627,30672.937624722752,37079.10963603652
1628,30812.67605078406,18680.660977080726
1629,31015.95705850094,36724.309649447096
1630,31048.85997071409,31478.613151970694
1631,31345.34171537833,32142.146098009853
1632,31500.911446370606,24242.00826860698
1633,31524.468040155465,31793.14870838093
1634,31614.167710905705,33668.47819804091
1635,31687.178487673245,26536.981999033353
1636,31761.182670674603,36969.96184958968
1637,31964.85907138617,28219.125637269197
1638,32064.53284337572,33195.418185905786
1639,32358.053534131355,39137.837348466834
1640,32534.493787624804,33322.41173900988
1641,32548.90342468523,37926.68821882147
1642,32855.0749292808,36835.17188198913
1643,33593.184875466424,33804.96883942537
1644,33641.24654741483,34153.04358933418
1645,33910.621265673246,31791.594635309924
1646,34605.69187337318,33594.47011103272
1647,35019.40440827073,34460.84088521967
1648,35086.51904801018,36722.72497009102
1649,35381.353361811816,35075.9923684996
1650,35459.85457605452,34829.81181084223
1651,35873.970828555146,37699.74680057571
1652,36020.286978151365,37418.35518103278
1653,36045.650815836656,33457.44994792349
1654,36174.59296186986,36438.43167626328
1655,36259.985754838825,34416.58166593427
1656,36285.91212058591,39039.62986813252
1657,36433.10898945533,30381.79192211947
1658,36805.150415057295,35470.0093122638
1659,36875.08756495085,36350.9256222005
1660,37529.9353721995,39031.828392479765
1661,37583.62387689227,40617.56297082031
1662,37756.12909341589,40516.05295074523
1663,37758.48707869605,37059.87313931037
1664,38003.91178918412,41271.49613502436
1665,38096.04814011433,35747.827487813985
1666,38347.96171078052,36167.66363115233
1667,38557.74439872288,36615.72968534899
1668,38675.03618170735,40346.787836306234
1669,38683.62208888705,35375.16849675365
1670,38688.03802601633,32980.05909799168
1671,38859.0674541742,39116.087334223914
1672,38939.33425010401,36650.55130367308
1673,39002.87134370704,44689.633574718486
1674,39053.97107002162,38579.85682435899
1675,39081.88038668847,39594.37362700288
1676,39649.512835727386,43144.5634148858
1677,39798.92762008564,36923.69417804919
1678,39846.19615074195,38744.815415041485
1679,39995.49304964094,42191.85768508915
1680,40065.33340868835,35495.8167554339
1681,40763.66066609477,35105.965004927806
1682,40791.5409863262,43294.73396439708
1683,41089.03527809148,44303.90958524045
1684,41333.82301524434,42184.77981121607
1685,41411.42877944445,41810.844804476474
1686,42840.34312839374,33635.60329328266
1687,42864.95288327318,45557.18776792805
1688,43048.40687424198,46383.454474650396
1689,43306.10040644255,44109.82680565153
1690,43330.50029539586,45331.65042126739
1691,43782.20837630084,51767.45996189997
1692,43936.161330633695,42471.74150100035
1693,44063.66781755609,43943.42178379433
1694,44146.412817272765,38885.08991097475
1695,45230.42567004722,49696.49407028939
1696,45545.68410686873,47385.937736426895
1697,45813.00535321843,40255.80460703768
1698,45843.444707422,52740.19232219701
1699,46341.94129026178,38737.82688053953
1700,46478.42486658315,45598.24545986283
1701,46492.74942735174,45365.615809022005
1702,46673.53319890113,44485.034261860426
1703,46693.06569203404,47638.62107160382
1704,46703.82530934361,44862.98101827805
1705,46792.65825973283,42112.44857094961
1706,46815.83857311132,47501.99714634315
1707,46922.933024317696,47276.731055037046
1708,47355.760307327626,48350.65092900459
1709,47418.049895452845,43852.91162007169
1710,47426.90857011136,48418.08183139284
1711,47491.91236364454,49098.24798365082
1712,47515.30425023331,49210.740540073464
1713,47792.61531616014,53472.57289191287
1714,47939.93703470029,46130.64234725484
1715,47973.96858448577,47246.858366595894
1716,47982.82834618922,45790.25764954342
1717,48054.14227293298,50209.87412400815
1718,49506.83749429559,46019.68927354725
1719,50237.233096707176,47401.303951030946
1720,50290.94600540855,49556.48074576418
1721,50523.82805018217,53871.848433338215
1722,50553.811629246855,50548.261348309396
1723,50863.73057766044,52439.91164184125
1724,51120.31681711551,52138.43370793132
1725,51169.06996620683,50208.86298974715
1726,51230.38378066327,53508.726510689325
1727,51238.07964565026,50153.28948158069
1728,51330.50666528941,52279.98057256058
1729,51681.99011213388,54522.48999790698
1730,51823.18655592,42281.49482366208
1731,51864.28670331486,54731.13426590617
1732,52224.27150442694,53246.657319204314
1733,52337.27349034644,51868.59948470766
1734,52406.98020572895,54948.55282532255
1735,52440.470604334754,56288.161685265455
1736,52503.86501479435,49514.77421532114
1737,52529.71104946958,47336.762397147126
1738,52553.83912463456,55474.83438569173
1739,52574.70142093917,55423.06252257754
1740,52989.644799622416,54426.66258744367
1741,53202.31553037572,56398.51622230988
1742,53269.97608124967,53928.584478313795
1743,53706.54479381996,52183.41599421853
1744,53761.45374748355,61617.4359264171
1745,53857.41006698705,54797.0459974614
1746,53947.93206165095,59236.84379209378
1747,54638.53679000954,54081.197950516966
1748,54655.29055577325,52194.92527783846
1749,54801.43039898953,57461.20524905559
1750,54925.05918241399,56982.41774983791
1751,55005.41124638372,56578.72089732197
1752,55169.377329544775,57726.24331255191
1753,55280.761145491866,56138.96907545333
1754,55314.210222540976,54486.12737360979
1755,55414.79422854084,55565.483720502125
1756,55914.81783862441,56651.60070881314
1757,55936.72515707389,51241.05284463282
1758,56071.62145664942,59374.33418244076
1759,56078.04307392519,59005.39842158076
1760,56241.89528488655,55632.13831064611
1761,56401.759074503054,56467.81373252986
1762,56533.118304707365,59900.36658920968
1763,56616.17885149401,56329.777030102014
1764,56617.74975960836,53687.54125863334
1765,56670.842430379096,56910.92016190549
1766,56713.79945628485,56577.27304697721
1767,56786.50934454148,55831.49520759329
1768,57320.93272243717,58604.190786584586
1769,57344.90936538772,60454.093352998134
1770,57910.73999995613,61948.697704022736
1771,58066.08455073817,49540.610889193376
1772,58286.57002563933,60116.88946318534
1773,58372.6455483393,58441.733495838234
1774,58829.38509423821,66464.67114620787
1775,59481.07105440411,63688.520489410694
1776,59568.108661718434,56000.35249278874
1777,59577.19676011344,63739.51855925761
1778,59786.34499136937,60164.84710614046
1779,59878.33900859764,63632.105896133064
1780,60040.13348424749,58016.591233898784
1781,60115.1207188268,67308.45578944529
1782,60159.53602823,58794.32293545674
1783,60319.94014837059,55177.86228055143
1784,60359.54162298772,60821.282247562696
1785,60411.20690528395,60661.48856206629
1786,60502.10017822828,65199.487396485354
1787,60533.178589692936,55514.19975334833
1788,60627.70257038028,63097.8632100998
1789,60670.15222163625,60698.18804709469
1790,60758.59493594726,57403.836771331036
1791,60915.36071539429,59805.99787509119
1792,61049.45660515874,62615.11372094124
1793,61120.49007419082,63471.64744610842
1794,61186.17245067424,61901.5591033865
1795,61198.93595239848,62621.97490405195
1796,61646.45555156561,56079.077932392865
1797,61703.12251594574,68414.01850697343
1798,61727.29249318563,62961.233232677594
1799,61975.86283195701,62729.20063101577
1800,62053.76153945846,57426.351943272086
1801,62137.98456803827,57452.55434190083
1802,62904.98519382627,64054.15061072744
1803,63066.4503108836,60824.134630869514
1804,63188.16716146423,63178.188912864985
1805,63222.72577748331,64693.36703600712
1806,63222.72596686583,64897.40364154872
1807,63385.58439857722,66914.150087632
1808,63437.65753346587,65231.98992763475
1809,63486.067093397935,62145.444229299086
1810,63681.46685486083,64653.9085321408
1811,63719.370424046574,62679.09290205826
1812,63740.512228744665,63418.47757241876
1813,63839.25373680864,60398.207230244
1814,63968.13524232014,64260.81283892578
1815,64179.10055376734,63405.23491287764
1816,64389.06871235421,64584.96782202697
1817,64637.86532851759,66395.13346923442
1818,64696.60847385044,65851.9914541388
1819,64836.268243552506,64108.92444649146
1820,64876.81714698401,60274.874601257165
1821,64983.16718960997,61522.25242204675
1822,65091.42539917656,63106.58528656039
1823,65091.42542327683,63903.875762608506
1824,65102.37070608998,66677.46984344025
1825,65195.24028418368,65550.93422719222
1826,65499.96685648168,65824.39399266627
1827,65665.41818603045,65359.17375312372
1828,65682.28532262742,65784.31773688723
1829,65780.42612907488,63265.56973069069
1830,66079.78215431316,68382.60611570854
1831,66334.69089574766,70088.93452267138
1832,66334.69089574766,71921.8098867864
1833,66590.89541832444,66009.26187304221
1834,66677.7533565517,66891.73513846532
1835,66694.73601616909,67643.83075761465
1836,66751.83918701136,65984.22369492514
1837,67115.60134533116,67548.22947036904
1838,67726.00731207771,68315.60456370503
1839,67726.0078505504,69487.6926834564
1840,68134.17728449966,68940.62769508275
1841,68155.8409745336,72415.96174181251
1842,68450.72604689989,70250.4089378946
1843,68524.77152439844,72329.82087146884
1844,68867.01155421569,67861.59086621675
1845,68895.28740089174,66333.79906713424
1846,68897.6161134877,68836.27961273551
1847,69136.67009518083,71067.34960400665
1848,69227.97312887627,68016.08669282244
1849,69233.33048599993,67814.96700277753
1850,69245.96104820473,67202.10656013238
1851,69307.68492408235,67391.52503027038
1852,69491.34666682563,69692.24200987947
1853,69585.77893729521,71069.12089209471
1854,69633.10980693357,71288.75411590122
1855,69664.90798867011,69673.9965124219
1856,69688.07034267207,74788.42455817302
1857,70016.10376343934,70318.14758654468
1858,70205.38253068269,69446.07492129476
1859,70628.82595407915,70493.81575591638
1860,70922.5417762992,68728.8299533697
1861,70974.55913300696,68182.97867427104
1862,71001.60767184409,71192.01484856603
1863,71164.3445567973,74783.38714766527
1864,71186.10553654087,70545.21704944827
1865,71202.04215179171,75186.98738919577
1866,71262.0244464467,72329.78440331623
1867,71587.17316582164,75751.49278386374
1868,71709.58859407748,69808.96382977259
1869,71929.62032984167,67621.07730806344
1870,71996.31349675996,72232.80851671332
1871,72012.67824257881,75263.15952478255
1872,72108.29870904575,73250.82487724841
1873,72294.02067715421,66579.95068508496
1874,72302.87922838691,68189.7195320935
1875,72516.29217012302,74394.87514547081
1876,72619.05824498332,67341.89593917519
1877,72777.15874936264,77026.14282083296
1878,72900.86723371227,74781.08614955605
1879,72941.97759867975,71446.75380059221
1880,73349.93965537919,74676.72495426075
1881,73407.28520365214,74208.4411621301
1882,73478.10052213722,77952.58739345835
1883,73535.71200656593,65075.05429022731
1884,73844.42338669393,67706.9721038341
1885,74054.0326096727,72591.32913883534
1886,74146.89638929897,73822.7985881946
1887,74246.5376432731,75366.19305095333
1888,74258.78076562271,71708.87261802591
1889,74471.18841210628,73737.46313903684
1890,74715.54043238888,75410.70751291858
1891,74754.85277488823,75057.91017081647
1892,74862.70957514264,78874.08882745454
1893,74939.75804975475,73444.98331556132
1894,74939.75809055673,71611.11346457528
1895,74941.30763335674,76474.38000354971
1896,75064.27094695019,79589.50112361294
1897,75368.80815137213,73218.81587344108
1898,75453.37782343478,78693.92162559964
1899,75555.64952747442,72680.01305884832
1900,75580.99757887099,79373.1508434437
1901,75618.71034684795,76997.79809058506
1902,75771.2706762463,75557.6170313211
1903,75807.33965879765,72671.30285916543
1904,76068.9969817227,79534.03961910345
1905,76078.04890673731,78221.21915740895
1906,76279.11550958958,76847.80721642682
1907,76288.16069051142,73893.83187676658
1908,76560.27071562027,72639.3359940394
1909,76695.33367226637,74271.16957210559
1910,76848.27734357251,76008.42562160082
1911,77111.10783664361,80230.97476690017
1912,77141.14098731574,75379.53104237138
1913,77163.72052564881,77791.38086291307
1914,77306.65799236682,78105.76773711349
1915,77364.16447143586,78673.11278590362
1916,77405.85597834531,74857.29407706003
1917,77975.93048726872,78835.24304349133
1918,77992.6786614167,79517.21858268348
1919,78111.6096834652,79970.0176056434
1920,78210.32895752137,75944.38896485648
1921,78269.73014415942,78985.76547524525
1922,78358.41783897376,78047.57040822713
1923,78380.10994663707,77394.32163076817
1924,78663.6701556558,77229.0327198986
1925,78682.28564059253,80567.64855228062
1926,78720.56213340821,81405.39364131962
1927,78858.05421615524,82577.88617322741
1928,78924.86441455391,78004.83251963211
1929,79063.26192450631,81616.96562621399
1930,79082.2098707647,79501.6392988159
1931,79083.6829692044,80607.58885496928
1932,79104.81593256452,80629.63502881615
1933,79152.98798571782,79602.13804401475
1934,79183.98884648547,80048.79348137595
1935,79583.33724853418,80444.36926714033
1936,79628.02522283253,81951.05260772261
1937,80140.23422111686,81645.16235989508
1938,80205.62578599788,75801.59262500338
1939,80264.80388134252,79175.54808113279
1940,80438.88022506343,83210.74456625851
1941,80519.87345892617,82057.23470575594
1942,80726.66320404131,81837.93935226665
1943,80745.7855224402,82117.90967178404
1944,80844.14851262399,77071.28637263786
1945,80844.15722189318,82986.14642520087
1946,80848.31346360914,79425.73460778818
1947,80925.118628442,74974.94170770021
1948,81310.8808305657,83663.39952481113
1949,81414.21984693309,81421.38523940701
1950,81464.94292052832,81579.70467038915
1951,81527.68117742483,82238.2628019502
1952,81786.5235928585,80794.11298340498
1953,81794.8469466576,83269.82001580214
1954,81836.28183618558,79648.76337387924
1955,82032.32154516644,82533.82889793276
1956,82172.51602913043,84683.44125759495
1957,82186.21102664524,84715.18057270531
1958,82194.48456430243,83832.64886360322
1959,82247.0444315082,80383.42323573798
1960,82653.07120166512,84751.60398486818
1961,82671.37478127322,82350.93298338991
1962,82715.16994672014,77432.94970035336
1963,82795.41170345957,85652.13862030055
1964,82883.26400082916,85277.96115871595
1965,82950.67049217505,84175.07122462339
1966,83052.67067733959,84583.28435423523
1967,83104.09810318828,86204.5532993974
1968,83474.62663640708,86497.98426755297
1969,83736.48901587827,83161.8742693839
1970,83790.0682956487,83945.85794457022
1971,83940.68734984097,82948.1688003962
1972,84097.07568359101,86362.86495028899
1973,84168.11745999378,84415.46372187257
1974,84195.4439190322,86497.5885529836
1975,84292.2945454186,85106.06696318553
1976,84394.13378045047,88506.41993595613
1977,84394.13386483662,87805.75639112582
1978,84435.72091671606,80783.52949923907
1979,84457.82396764643,86913.28625479247
1980,84514.50226006756,87766.98196796383
1981,84784.72979173093,82131.09083489042
1982,85069.66342916727,84567.7129849714
1983,85177.51816521064,89025.92376677542
1984,85378.58647149042,86147.86051584475
1985,85395.02452549696,87637.35260070866
1986,85427.01093387412,82436.28704264565
1987,85562.38018671495,85659.4544714136
1988,85569.22277355309,82508.12245126486
1989,85593.90190128556,86792.95296045797
1990,85653.52824917734,82687.04151161888
1991,85750.74943708937,89182.25399779652
1992,86049.84528220537,86685.63279324737
1993,86243.30221125821,83852.4244988967
1994,86338.74191801828,85508.23195117695
1995,86374.55014357097,87414.38963908539
1996,86463.17660066934,82274.7769415233
1997,86484.18105013247,85323.84274103839
1998,86559.65605091382,90104.25294022355
1999,86783.66931498713,89144.77298285789
2000,86874.38326589824,86803.84149378864
2001,86924.29449695307,92151.7382418697
2002,86939.3487412011,82076.11489818376
2003,86951.9124672601,88683.34118700126
2004,87433.18711374985,79287.65688720535
2005,87442.66626188648,85467.95090687319
2006,87467.8856562286,87366.89362107667
2007,87722.36385657542,84919.06668722176
2008,87724.26042704162,88772.46930559081
2009,87908.71533807703,87986.62767456961
2010,87923.63020260917,87185.06943347218
2011,87936.61493328682,86736.72491769528
2012,88123.4148583915,88842.41709992709
2013,88124.23408299813,89438.92299055768
2014,88254.29474441192,91663.90174938797
2015,88549.81839835714,90389.18317931765
2016,88746.60234878417,91090.19126318427
2017,88754.37363866306,89183.94956176908
2018,88779.22568347194,89734.68610467974
2019,88933.05863245594,83842.76857483192
2020,88937.0669645372,85949.34226280516
2021,89161.64503717357,90974.70620566345
2022,89467.17230582185,87858.00877260038
2023,89538.56128960678,85427.00785500178
2024,89863.93370236858,90077.04236439444
2025,90055.30169105408,89337.31516375933
2026,90202.75427140942,94018.44125293002
2027,90248.79814237442,90163.43296991079
2028,90251.78238756229,89908.06494785441
2029,90376.1070203,91752.12187835938
2030,90408.614409738,86287.55513561258
2031,90408.61696188406,89366.23540424983
2032,90408.6171365276,89225.16032931296
2033,90557.37255500384,84374.96453354286
2034,90563.11673402486,86948.50616767754
2035,90710.40083248763,88594.32008831332
2036,90815.4537704554,92707.9827354338
2037,91028.48768018551,86029.568135785
2038,91047.1608808386,91505.454978544
2039,91087.8675478794,88983.00341637358
2040,91089.43427082076,89653.30781700884
2041,91191.8117230266,91495.63793739016
2042,91242.08743975832,91793.8491799841
2043,91580.76624453014,89352.64576035403
2044,91625.79021088482,91831.52086473015
2045,92031.8395206398,93233.10769064722
2046,92074.26795998945,96167.19959283294
2047,92265.87932609292,91713.58080046391
2048,92465.54685676988,92148.51681756656
2049,92677.90020542748,89448.48121159295
2050,92716.3750038616,93123.9123426295
2051,92753.03211532289,95043.00529453058
2052,92909.1793654281,93827.93078942187
2053,93358.10319899226,91145.63489162752
2054,93554.36981997784,94759.66305778397
2055,93554.75680840714,92174.1084192473
2056,93605.20531434032,93988.00894714012
2057,93660.30445617814,90856.58627293672
2058,93765.57252903226,95518.77976680701
2059,93775.63414623916,94231.86346489863
2060,93869.61825651396,92503.02712076182
2061,93872.63269217555,93387.81036829448
2062,93913.61080206164,90966.05314984717
2063,93934.73596048154,91820.07831053084
2064,94148.92344369696,94572.01643180789
2065,94339.10639726763,95739.88072159622
2066,94349.87557396531,95827.98146762465
2067,94566.70206126236,95864.30318848969
2068,94568.21701726638,96112.73953731835
2069,94646.0370160731,95501.48962912662
2070,94986.85633160188,93060.58031049813
2071,95165.51479500282,94233.08957127681
2072,95165.5152308323,93825.31737280334
2073,95204.65622280496,92514.8432663008
2074,95227.15069825068,93135.09822110819
2075,95343.93316965734,95020.0111641357
2076,95375.10645574422,96614.00865085202
2077,95375.10646975676,93767.28451343725
2078,95624.5359453851,94565.9922759394
2079,95648.69212467266,95849.10796042549
2080,95685.04152599092,94234.64697891971
2081,95756.33818881508,103193.4341786064
2082,95846.30265717812,97089.90475001058
2083,95926.00400256894,93518.18750711149
2084,95946.90988849728,97774.61613050982
2085,96020.05680811964,97879.00904240139
2086,96032.61661611008,95388.53241562573
2087,96052.69504574558,97714.91021603397
2088,96053.15636732064,97326.15429877648
2089,96116.21691312804,97050.85308550583
2090,96220.75462795944,96730.21255568496
2091,96236.46395610788,91827.28356770382
2092,96510.03094339694,95536.70386014819
2093,96631.75694070598,101124.33806316854
2094,96640.02351783786,95676.93357042539
2095,96867.49631370977,95309.60966522785
2096,96950.6522532671,99250.07706181501
2097,97203.32786818963,94405.77221167657
2098,97203.32990984358,101261.98577188583
2099,97281.69776957498,96155.91404167045
2100,97438.40604091152,94473.91077176767
2101,97446.87634451632,97435.46308892782
2102,97482.77558716632,101511.48155641468
2103,97497.2212517138,96569.62197769858
2104,97581.20872740918,98357.37996132867
2105,97825.69312888778,98617.76753857915
2106,97893.37336610437,94214.15899328103
2107,98023.20207081136,97222.36563797542
2108,98034.829186675,97210.58239561328
2109,98260.71342517594,95054.19074059324
2110,98348.60852336002,100853.79830451694
2111,98613.6745178721,99430.73840044363
2112,98758.70359397096,97922.88674971274
2113,99118.91740515835,98688.70625521836
2114,99142.95744819065,97415.21545039261
2115,99183.53227875989,106492.84106892778
2116,99470.86044155023,100105.5541350605
2117,99536.81683263936,97445.35062610268
2118,99552.09712269624,102780.03385522641
2119,99574.62824052696,101284.4219862971
2120,99769.19844689852,94718.50100414391
2121,99812.64031536011,101648.04587882434
2122,99985.44052756716,100216.01160376689
2123,100016.45908708802,101581.69513822871
2124,100101.68070074332,100916.88148393026
2125,100136.2449269762,100225.57029660643
2126,100203.29184787584,96014.58435404312
2127,100211.66548550857,100154.05819736773
2128,100691.83153451608,102906.12093885156
2129,100728.11176087994,101952.35980245552
2130,100868.95444758666,102581.54822339836
2131,100870.22825800296,94136.29330644941
2132,100956.70052298118,100679.6161863064
2133,101102.1462728708,103177.85117027178
2134,101142.79985873676,103175.46335839992
2135,101190.3559968516,100050.11659070864
2136,101267.74794640303,104554.80022484658
2137,101274.18939404236,101155.2683606236
2138,101274.18952869772,101695.75319348538
2139,101291.98412054993,100188.57590422434
2140,101312.89330429678,103252.63364602346
2141,101498.49346028888,98851.5036504101
2142,101709.6499560114,103234.15173835473
2143,101748.37244937284,98820.53054056848
2144,101850.37743971129,103763.84812841151
2145,101894.93711291492,104102.64900282938
2146,101903.90710390528,103090.07467484436
2147,102092.00647929528,103314.85436984757
2148,102184.56366593047,105359.70198753531
2149,102208.30925483113,102454.97988888269
2150,102228.70812461968,102370.94159483539
2151,102251.12089560286,100897.79916836687
2152,102287.55906753324,101519.3637529148
2153,102318.81891372624,102747.1477516559
2154,102391.76337579844,99376.70977980355
2155,102419.30055245756,102622.25583380547
2156,102605.19026866452,106503.77375297612
2157,102872.62226967688,100339.0810374913
2158,102889.33581204752,101204.31019883149
2159,103088.52975918072,102658.5901042287
2160,103147.04997612892,108775.98137588715
2161,103208.34735338426,103668.67224806806
2162,103345.27014349146,100036.40326310552
2163,103345.27031889488,103803.36651101979
2164,103563.30239570656,99220.58597737149
2165,103784.96418945452,102136.09961415046
2166,103810.983997342,99891.73860262602
2167,103812.40171842511,103337.01054132511
2168,103846.05392408458,101419.57093045561
2169,103846.05440243115,100264.22424021951
2170,103941.12365833118,106808.27456340281
2171,103967.32763287156,103647.7659299142
2172,103967.3282294916,104490.77267952623
2173,104056.58125251414,104079.2719886059
2174,104093.42282757995,105281.61797565164
2175,104188.66713528232,104862.09445333325
2176,104199.9734527387,105237.29949231356
2177,104273.47012709828,103248.44600285454
2178,104307.23923075388,106664.07393204683
2179,104358.04405963756,109112.50511605517
2180,104494.40364236118,85512.37770353316
2181,104623.9075172875,106026.3858816678
2182,104662.27828702744,105934.1145536866
2183,104724.94388351012,105504.46791823785
2184,104761.78945400576,104119.59528079776
2185,104772.27506864128,105159.26527610497
2186,104982.07562594388,105156.1420082841
2187,105168.38588481686,107711.20425187837
2188,105467.88461271158,106720.13855777134
2189,105638.1955815125,103791.50240875817
2190,105703.64211106102,106485.31190368853
2191,106028.21583638871,105288.50952306802
2192,106071.21996498625,106642.03038446272
2193,106537.42646012978,106115.57063747205
2194,106568.5722762774,111629.19069377959
2195,106602.3238152331,106151.6327102443
2196,106685.39863699934,103093.64987707319
2197,106729.92983395266,101929.09805136408
2198,106817.18902519428,113408.89487376483
2199,106854.92185065056,106160.08856841945
2200,106962.54529508708,102100.09115952774
2201,107032.17473507352,106429.82979342424
2202,107164.32926454033,104288.44948988408
2203,107228.47307471569,107249.46215447201
2204,107242.19795003589,104253.02303516222
2205,107341.75626584004,107348.5058330729
2206,107455.84587103828,108289.41995350947
2207,107502.53686147725,108201.56988224266
2208,107589.92741455713,105552.2451107378
2209,107708.25232014716,106636.82840972053
2210,107795.08706689272,107801.7160626059
2211,107893.47675409447,108368.00719532727
2212,108007.91593784408,109422.0008435894
2213,108238.17365113732,106462.2208373257
2214,108380.0876769134,105818.64102640573
2215,108485.25154212484,105895.50807979015
2216,108554.74155370198,106064.26809865738
2217,108590.1551044198,108195.08787630523
2218,108871.17527898216,111203.4383340406
2219,109102.13765746148,107690.81611009786
2220,109138.45214728694,108330.38103893517
2221,109214.59860996816,113311.28368583115
2222,109231.91009543066,108495.90588318821
2223,109483.49525013172,105881.44685935412
2224,109630.70170069025,111637.90469243628
2225,109643.63579628443,109300.31727310648
2226,109671.9660940601,108589.741350333
2227,109676.39297371208,108146.50737565907
2228,109679.98891363046,112986.25334436067
2229,109699.03755223224,110201.6956304754
2230,109791.28590032744,110820.59816590956
2231,109997.85061323522,112477.40797957429
2232,110385.3661418164,111083.69125025542
2233,110599.97840124909,109423.54643258054
2234,110702.65690925752,110245.12107543286
2235,110905.26041610024,112304.18919698526
2236,110983.41127212685,107473.34858507116
2237,111041.21050447386,110958.79837160335
2238,111173.45246282342,111851.96943345845
2239,111173.4525174692,109893.2121510375
2240,111173.45533862624,114846.49759358836
2241,111267.30971452247,109105.60683463878
2242,111276.8627016584,113287.85230019921
2243,111421.74575536713,110503.76400351156
2244,111498.6713332442,110686.98981065118
2245,111577.69225923828,106927.39117640065
2246,111784.41398378878,109425.7240409221
2247,111874.88326969184,111254.73736223938
2248,111904.21630317584,111276.32520251215
2249,111974.4703966021,112197.18597995047
2250,111982.16858619096,113234.10351374019
2251,112068.10899032818,116062.61857630672
2252,112086.44696648336,112489.54722696665
2253,112179.67065162204,113840.97145358125
2254,112259.55794889208,114076.32641151265
2255,112362.69460967508,111826.77580901174
2256,112595.9721833174,112575.77034152672
2257,112650.55271321347,112591.78649469683
2258,112654.74891717176,114796.25316326592
2259,112804.8819408598,115917.13116900713
2260,112813.87833068684,112199.24486868591
2261,112813.8795161462,111516.49313431766
2262,112893.78627345542,115358.70617390797
2263,113115.4353463988,110370.12658498544
2264,113191.26472999711,117285.53378407838
2265,113246.26169982315,112242.47490537197
2266,113474.42871360664,114545.73108359419
2267,113530.78533144956,112796.07835591689
2268,113903.32434291976,112221.76237963513
2269,114043.13025021784,117302.32034074128
2270,114082.02288709828,116414.87018461956
2271,114152.6175338942,112886.76611062931
2272,114203.71694443686,114664.67203929447
2273,114220.969056734,115212.18799377893
2274,114243.58143630682,113870.52399045478
2275,114469.55965349155,113826.79537218736
2276,114623.545534882,112665.59172778705
2277,114882.26669534657,113086.64318820604
2278,115063.4861019172,111039.24795122986
2279,115084.6384705659,117687.0866323093
2280,115094.26271171984,116884.25741126787
2281,115336.041456078,115372.95831235187
2282,115554.25374938628,115289.10530888592
2283,115594.57293663175,114854.92246736118
2284,115679.21240397728,117404.77963000574
2285,115735.7754086059,116862.37850498396
2286,115833.88042152872,112444.75577550835
2287,115936.85811603784,114303.22279402324
2288,115969.98916732048,115670.39099371736
2289,115969.98954698967,115778.44718523078
2290,115997.5778964834,118482.0944020696
2291,116051.46378188794,118686.86427633604
2292,116106.86512262114,115643.07318661608
2293,116324.82187930186,115161.35389883582
2294,116417.98267167895,116836.79974209388
2295,116604.94511138204,114673.13767222545
2296,116610.73146765772,117226.86927768984
2297,116654.54836092936,115682.22885575827
2298,116666.75629803917,117939.53146133694
2299,116753.49756824534,116940.84387548403
2300,116778.22820662196,115131.73614240036
2301,116778.22857671438,119021.04870433628
2302,116936.6426462026,115658.87913822652
2303,117020.23942538718,119409.03307211158
2304,117098.03518923084,120916.17285465632
2305,117245.08440566518,119265.69894041144
2306,117309.73932251488,115698.15347902189
2307,117417.24036659332,116369.8862227455
2308,117496.10442633394,118928.72385945603
2309,117536.23037017524,117557.52715625498
2310,117663.94406846796,116908.15522350295
2311,117677.75149127423,117665.2558729347
2312,117835.18982440434,116412.62440893173
2313,117906.57020875438,116543.27323450905
2314,118123.05782723712,118379.54069366682
2315,118159.4504503085,123521.26919971697
2316,118161.95933583748,118161.14659306544
2317,118280.88083350196,111557.12606336595
2318,118344.55826923013,121505.34334774847
2319,118467.51723144462,116537.81700294156
2320,118560.8278489564,114611.08276415619
2321,118564.24121119067,122155.65252991283
2322,118598.42310789324,114933.49018301343
2323,118598.4232764196,117589.02167562868
2324,118652.11295845376,118588.50144007891
2325,118694.39964605996,118713.05079794122
2326,118874.63668648146,114263.94193569949
2327,118874.63965966878,118479.00529601786
2328,118905.05748355023,124023.79122971123
2329,119231.79578442484,125001.39995383116
2330,119254.008276038,126897.61666290386
2331,119493.35471630294,122369.07986068903
2332,119668.39514769544,123154.68852521428
2333,119761.40064600212,122016.66851936662
2334,119763.2679004718,118534.47167759752
2335,119925.46375329811,120544.93331835135
2336,120042.68549058074,120301.78299222395
2337,120051.03689568891,123276.49532603924
2338,120096.6945802078,115975.82652058633
2339,120168.3377450065,121994.6079641221
2340,120252.5024756354,123662.57481732035
2341,120450.92778976532,121343.55220233585
2342,120462.4250862842,119265.31664457373
2343,120663.83834428608,123057.61498447126
2344,120693.4412400648,123976.87167377917
2345,120746.22072195834,118908.30599595257
2346,120821.89970853832,116851.25360743771
2347,120830.75766966918,121434.52587233431
2348,120968.22554965188,121619.99902210577
2349,121045.19987493665,123486.47235186497
2350,121153.8665823354,124066.8641827843
2351,121170.42983126128,119682.64901245224
2352,121203.17059151726,120201.3178036267
2353,121248.89075428796,120134.34167618462
2354,121427.55502360754,115398.44455403884
2355,121849.12406052332,115182.53910190702
2356,121878.115135507,120892.77880886263
2357,121960.381890893,122041.25410385558
2358,122095.34571929368,121874.69602822578
2359,122222.45657629878,122482.19525973644
2360,122378.04732585346,121077.08864023641
2361,122531.55579176864,121694.88992105614
2362,122824.52573562182,126032.33647577076
2363,123126.4889220005,122302.66081374222
2364,123198.46385117406,126132.2972566666
2365,123494.05211287308,121792.78082584025
2366,123596.62003036132,121355.40597126633
2367,123616.44190400558,122057.9881995489
2368,123632.23813329778,128556.87198623127
2369,123632.23813380528,128682.25294765315
2370,123651.00985608732,124749.3939390385
2371,123766.68547324212,123505.27259959752
2372,123766.685657274,126552.78225116455
2373,123803.7750177286,125069.42163623327
2374,124144.73482527796,124892.01870511395
2375,124276.86360246304,127262.7828240621
2376,124298.48776799228,126085.93352964445
2377,124536.27702920538,129099.14302514645
2378,124651.80497998872,129075.02817104041
2379,124733.07016918156,124817.10770228514
2380,124795.54961682226,124343.2629542133
2381,124948.15176021527,120263.57351111446
2382,125061.63383560813,126245.45007948532
2383,125149.4992543209,127872.01285634638
2384,125233.07678615474,127646.76858116961
2385,125271.39535170948,125624.53840752371
2386,125379.2089504852,126770.30748701662
2387,125430.62272249752,126329.96458622927
2388,125484.67931234484,125430.31194722121
2389,125494.49412800273,128286.91868801965
2390,125557.72585228048,125446.07968181114
2391,125592.34643572336,124033.10502554558
2392,125604.19911002844,128173.64174386309
2393,125637.2240475233,126716.50107422314
2394,125637.22431241804,125955.90764978364
2395,125637.22431241804,126491.04198526707
2396,125684.97663243096,123634.74440910401
2397,125758.58883168043,129668.72597611396
2398,125758.58883587144,131199.23009560627
2399,125908.52772654084,126623.25768291375
2400,126091.63335380577,127564.59892891985
2401,126255.05358863024,128461.66210636808
2402,126600.86474901716,127902.89798681528
2403,126774.97784066,129747.22321074764
2404,126840.68801503196,129476.08601005857
2405,127096.66272394004,126330.32319000931
2406,127120.2060879346,126548.71799551415
2407,127175.69483073692,131400.91049081544
2408,127178.86649560418,128513.90314618815
2409,127257.98256523767,131253.71927577074
2410,127354.13181406108,130752.27084986806
2411,127496.6120986431,130810.21294466982
2412,127585.93567921012,129335.65437131358
2413,127780.44521687932,126332.70208179657
2414,127827.95703643002,128307.22117928212
2415,127835.4631309026,127198.07656869896
2416,127913.6919438546,126835.095775792
2417,128027.8554272722,128413.08906733849
2418,128233.42431304326,129974.98526982193
2419,128400.84245217202,132630.1368887677
2420,128458.62011850896,130421.90340818123
2421,128548.09022231743,126425.11987028236
2422,128651.58082292382,127649.26530995558
2423,128838.70544713172,125329.08733328455
2424,128838.70550155498,125624.04777123648
2425,128838.70564597857,130540.26692480287
2426,129203.59987523,128692.08648655248
2427,129443.58691590636,132154.80396524744
2428,129552.5234736917,131079.61404084202
2429,129561.32923702012,129913.27871572664
2430,129572.08204397943,126853.1114982671
2431,129651.29423802656,132165.16917290757
2432,129806.13429293828,129879.96261815612
2433,129840.38982291416,130368.87746818915
2434,129877.95891400876,132234.31283523337
2435,130328.44769059058,134709.77145001365
2436,130391.25032447928,134262.99504682183
2437,130476.46697969292,133550.414978629
2438,130540.96327990168,135067.44072494813
2439,130593.76422211964,133175.7355079553
2440,130623.38346418607,131231.25312993175
2441,130760.0742165029,130737.43776931464
2442,130810.86989669902,129903.37406648698
2443,130909.43585730829,137716.48327682668
2444,130924.51206581824,131352.61259129443
2445,130993.28762379992,132127.15022613358
2446,131149.25549809737,133892.09417859503
2447,131176.12194545974,131857.25785431627
2448,131226.50329625997,130016.44443140662
2449,131284.0057656512,131922.84254004803
2450,131556.5149829275,134577.26107264176
2451,131589.98826649605,136961.14619639688
2452,131650.21260882667,129656.56736272074
2453,131650.21278752683,130441.29305678228
2454,131870.06677867164,132441.63386772652
2455,131877.0812302016,129553.62682937531
2456,131885.63157257205,130767.2948810856
2457,131915.34463211976,132399.76912989316
2458,131936.1690379,133463.96262130435
2459,131967.13288908658,134131.95536149075
2460,132105.6227383205,133992.04993080802
2461,132204.91156170878,133220.48359989867
2462,132204.9116401712,131223.6163800275
2463,132303.63428421816,133564.41060113325
2464,132304.76020725796,134999.06874904587
2465,132331.18577416983,132076.47339758833
2466,132444.7829981135,126556.5089603046
2467,132812.7165970487,131768.59572921085
2468,133126.44752068468,136369.60623540875
2469,133218.92868334035,131159.42303177746
2470,133299.25723317725,137155.5141740692
2471,133343.07926151983,129987.76627053795
2472,133409.7092883309,133181.07955848903
2473,133513.90326087808,136660.5731374706
2474,133557.65553930658,134241.80396129636
2475,133626.2474623924,134783.70151868174
2476,133626.2477702954,137480.62611435712
2477,133775.2909931408,134063.53529536448
2478,133848.06160026946,133188.4411680937
2479,133848.1089715256,139811.93670045128
2480,134065.66723694702,132007.22077959735
2481,134096.15456586774,130714.23905885039
2482,134101.6642871622,139995.96199454778
2483,134101.6642871622,140009.9145792158
2484,134101.66429305094,139596.99183721363
2485,134101.66435597723,138258.92153587783
2486,134692.50861508306,136817.2897739143
2487,134795.78988819156,134715.3032922877
2488,134795.78988819156,132460.18393411845
2489,135282.0880532138,135098.10628072123
2490,135333.62545169675,135351.2847956008
2491,135481.43244901416,136018.50381590045
2492,135582.68042328075,138738.31134770854
2493,135599.6969142142,136594.94672909615
2494,136325.1335239579,134544.16449568528
2495,136660.24743667754,129785.17871415702
2496,136792.13768510247,141552.71536684575
2497,137105.55567446604,138273.26585928985
2498,137119.9827443985,139009.62526560246
2499,137153.0691575121,129942.01587590849
2500,137153.06916612887,129978.07943626051
2501,137417.28863898956,137503.2083663008
2502,137735.52523031837,137121.1726907223
2503,137766.63321958616,143268.7893970541
2504,137774.55709994835,140481.2455601198
2505,138029.7052043186,139005.06118339038
2506,138221.23698968245,138907.72664607546
2507,138229.65364708507,140030.8920520666
2508,138378.26433508436,137326.03495068496
2509,138466.2995132597,137107.6426340837
2510,138728.3703768148,137787.49841769953
2511,139083.78848064382,140662.5437827607
2512,139135.99645493992,142743.42909170702
2513,139520.6630801034,140512.22645164042
2514,139537.38396433712,140978.53417608156
2515,139727.37431454292,141746.34385706816
2516,139750.96699222285,136978.88435562802
2517,139750.96733181417,142951.3631520619
2518,140195.671410079,138038.33500653645
2519,140273.4885869236,139489.9000131926
2520,140396.44457049057,141625.37440546384
2521,140595.6583569544,140574.1499123479
2522,140784.17423678012,140613.24511199028
2523,140987.51769023173,144726.8071063777
2524,141118.86829183355,142477.74810193913
2525,141408.8252707931,144089.7251569485
2526,141546.09906472728,145032.7124398549
2527,141578.12764515576,143555.6367854503
2528,141593.1942070893,141151.3221315256
2529,141707.1615179096,144566.24411038368
2530,142096.09426350775,145157.25660052584
2531,142243.61893292432,144322.5939759344
2532,142272.9991585098,144266.0546476871
2533,142376.96127754764,142630.40437099396
2534,142470.9157210459,141836.78710239788
2535,142550.90226552406,136136.0167189512
2536,142694.39969845468,145000.50097900137
2537,142775.11713891517,142683.4561776817
2538,142788.4899337268,145294.22454694705
2539,142855.82803688385,145189.80711616247
2540,143016.0135578281,143552.64334418715
2541,143227.4243291364,143603.63934429726
2542,143256.14546309147,141565.04426772453
2543,143381.4742809712,143356.07904593312
2544,143472.39162043977,146011.94207910364
2545,143494.29445422592,146068.07370857202
2546,143538.8341584092,139793.97976421253
2547,143690.73084590776,144114.78755478706
2548,143763.74034914735,142931.17390552242
2549,144054.0065911912,146795.19434720997
2550,144082.16181009237,142956.8492012678
2551,144086.59844956358,148450.9528547293
2552,144501.57116976322,147308.75495559513
2553,144740.18212212683,142374.3414585436
2554,144898.93781550246,143173.53329510175
2555,144956.40264451166,144646.86741150677
2556,145064.93187268803,137819.17255435072
2557,145130.7850128382,143902.1140410222
2558,145341.52255223345,144281.6572096164
2559,145341.5225816135,143606.99946214075
2560,145342.80953633858,142961.2163481519
2561,145977.56151434168,147415.43754173824
2562,146117.75694207114,143647.98048534946
2563,146320.06667237173,147685.68654036292
2564,146385.66817207038,146938.4553754838
2565,146691.95271486018,146893.94102581314
2566,146692.5706046701,149122.32281792667
2567,146876.47396566565,148211.01559874424
2568,146876.47406836154,145297.76844309023
2569,147088.34529472096,147891.394438358
2570,147419.3029232262,150325.49648395108
2571,147654.70370582197,147750.52275591268
2572,147699.76566744497,149260.6261554168
2573,147741.4775710055,147101.64155803988
2574,147825.45698754102,146275.94437782813
2575,147837.14319640785,147740.1145971191
2576,148194.13395825485,147376.69596330554
2577,148538.63626842888,149656.72444922096
2578,148877.79961756626,152210.75154577979
2579,148877.79964363505,152919.88532092233
2580,148890.20005429848,147863.80313712356
2581,149283.8795304358,149191.17594863815
2582,149507.87245606934,154421.457083568
2583,149947.39359128306,148762.3911306205
2584,149993.45348030576,155844.64044956202
2585,150455.5063565228,153570.30993677184
2586,150747.79172645044,152210.79475761254
2587,150747.79172645044,151778.03840530003
2588,151072.75150571234,149777.554524649
2589,151126.92005674724,151562.2687957385
2590,151785.71260920918,152976.13063282488
2591,152174.81003110658,150559.31476562386
2592,152174.81053141618,153138.60135122846
2593,152848.62663466737,149898.90164691003
2594,153014.91933097236,156241.61124109742
2595,153386.79891453087,154315.51014981914
2596,153405.1155394382,157279.01058441107
2597,153971.40404202766,151776.3297034547
2598,154094.96012129492,157349.932706865
2599,154097.7945793653,153489.2763103548
2600,154100.0291699884,157774.63723007025
2601,154304.98923848174,156565.07679026396
2602,154728.82344839934,155059.00961762064
2603,154779.3227738176,156690.9175286504
2604,154885.08439533107,153617.26266386107
2605,155107.65737025798,158793.34112569215
2606,155126.91375223757,157443.5152313223
2607,155235.13208480104,157037.59245350023
2608,155289.35363122312,154555.6191765678
2609,155352.7292218548,159037.02950437457
2610,155494.92462485647,153004.724247459
2611,155503.63342887766,156496.7739820852
2612,155742.1411585223,154859.6257640157
2613,155864.35123305116,157376.0063788515
2614,155972.98329323603,155060.1624541908
2615,155980.36970957252,154475.79295700806
2616,156345.59772693098,157341.52586283535
2617,157429.42415381825,163315.39550873663
2618,157540.992696087,158260.6784573517
2619,157609.62391433885,156952.96464069263
2620,157716.35687537133,156706.28772620298
2621,157791.43915104025,159757.86581443786
2622,157801.95070897098,156337.20361537454
2623,157927.13887107949,158258.68822716508
2624,158025.3224755538,161746.58986050697
2625,158804.83140972053,155951.9589775448
2626,159119.3718262822,156238.19241084426
2627,159366.40615620482,162564.69341097647
2628,159475.71154459004,159605.0721353034
2629,159708.30055853183,163820.0454267888
2630,159708.3005830677,162240.63462830125
2631,159917.46766549267,162445.23975610457
2632,160181.39072328203,159207.4839110961
2633,160691.37892287318,162255.79654255405
2634,161060.83101158444,162090.9859336021
2635,161121.1598290228,161694.6329363059
2636,161121.1598290228,161819.3890636656
2637,161299.51748337294,163118.94546289943
2638,162250.7740912847,161913.92911638413
2639,162336.52758364272,162699.98298667025
2640,164372.93296614464,162082.78617381587
2641,164800.31118035532,162339.64680268188
2642,165883.09730201302,164179.356942067
2643,166898.7257376497,167500.18434949592
2644,167091.26157648774,168525.59048045377
2645,167393.56525031518,166437.8023215107
2646,167432.79420816406,168890.05337756677
2647,168061.05657133355,171149.14233911934
2648,168402.18449770167,170041.4247475031
2649,168792.9558791581,167652.03275525148
2650,168881.62990786938,167437.29481289542
2651,171095.43930576573,168628.6691256918
2652,172171.31248429397,173092.73279866474
2653,172909.0601667527,176257.86988755406
2654,175554.4531459191,179442.75220543254
2655,175743.1469932748,175211.62198453795
2656,178234.58855619337,181861.3765722603
2657,178397.27062792395,177622.25861327784
2658,179272.93474725517,182928.7996138815
2659,188012.14797405712,187161.48633566048
2660,188570.9129162897,189973.67273096138
2661,190330.2602716277,190788.69901588056
2662,193107.00410088824,194394.1867702878
