,test,predict
0,1.5950408720625977,9.774861896427671
1,1.6003839606903645,5.782021729495897
2,1.6020485093587742,9.024511049078184
3,1.603337360367906,7.6306726843912
4,1.6047507760149105,8.359506175267704
5,1.6071629886429426,9.683369538274482
6,1.6093785613839704,10.863620887489754
7,1.6113324887906897,8.489304414804707
8,1.613336008459786,8.3418087414141
9,1.6216574942049538,10.573107229099234
10,1.6236165133738292,6.69994004458614
11,1.6259152211661587,9.102139025624115
12,1.6266580975631355,10.122314337962369
13,2.630819717730433,4.325585299615711
14,2.6347903711466225,11.20847978926591
15,2.636997291681875,10.412859432660191
16,2.638829758246428,7.860599068916917
17,2.6642378030518854,6.778946061778428
18,4.748217191688127,8.01882685548806
19,4.748799728196409,8.849673247409118
20,4.7660249933283865,6.141362470195883
21,4.774139692864941,10.89284988114608
22,4.798145306903392,8.55124504739627
23,4.839523804547203,10.42412369496866
24,4.841301175109115,9.013752288940529
25,6.6902481303248695,9.592425687625136
26,6.699525899163653,10.761959401880898
27,6.6995305412789135,10.708550529372872
28,6.699539546525783,11.717360954581581
29,6.716439030461957,12.438453419185894
30,6.719267852424006,8.716822176593348
31,6.730810820191095,11.568587050899344
32,6.730949775143603,11.697491573138388
33,6.731646572696256,7.555446944695544
34,6.732704433452339,8.743810637357205
35,6.743320260949361,9.643538773422941
36,6.745261301015404,8.838681521967748
37,6.75452987071338,9.163705442325128
38,6.767926119693825,9.610490367966563
39,6.797196307362522,7.183404753968931
40,6.797197479056332,6.25348267853343
41,6.849669311128238,8.58778244453482
42,8.46360254416791,7.592798263796052
43,8.463858004591081,10.131194686969533
44,8.463907365557645,10.098932509321285
45,8.464844492223158,8.475956586424267
46,8.464862451522311,8.771241901265515
47,8.470304615150594,7.729765775003752
48,8.475281391195216,8.28351237441966
49,8.475909614106614,5.253029404061487
50,8.475991910956099,4.863753539177057
51,8.478689163081508,11.128024943913994
52,8.478694195140093,10.955192508840911
53,8.478695608468916,7.864611575697259
54,8.479009097263596,10.507015970154434
55,8.479093001362498,8.445066385129943
56,8.484750980645146,10.007968828492569
57,8.485006919718508,11.647093413003379
58,8.485048122040162,11.723209202632486
59,8.487052325695304,7.229416007568573
60,8.487443464439737,12.296538752201094
61,8.487486901300691,11.470714216266664
62,8.488844721770398,8.962108967741562
63,8.488933092983933,13.815615289580174
64,8.489109499477019,7.583658666945749
65,8.489123716213646,7.514951841364388
66,8.490798206857999,8.06114676006334
67,8.491514233072053,8.47940989880684
68,8.491564186770246,8.946467487267519
69,8.49156921928175,8.597293242595105
70,8.49157287221786,7.0356885273546474
71,8.49157342700957,6.967580813427409
72,8.492539638339107,7.8757849015790455
73,8.492539854665019,7.4473162952466065
74,8.492539865552706,7.376779087881
75,8.492539865552706,7.100393757326257
76,8.49527197904705,9.016313061253207
77,8.495588706807839,8.436777082474398
78,8.49558874734069,8.192298605102796
79,8.495664380250266,11.463897934432524
80,8.499866950874026,12.352831903811417
81,8.499867438178043,11.419500126163214
82,8.502344532290433,5.500168746300167
83,8.502410757685427,5.373326232089304
84,8.502539112080749,7.496199359510664
85,8.502647851284845,4.795997927354119
86,8.503262544200023,9.080390572198702
87,8.504028727481417,9.14709726578262
88,8.504501980149904,7.351889233032431
89,8.504698942178335,258.38163427657406
90,8.505051238977044,7.212926250046536
91,8.505079481670146,7.640384199558117
92,8.505291655552668,9.98653183567052
93,8.50530012350412,11.481937095783445
94,8.507417897689608,7.327230015021115
95,8.507517397361907,7.9388802073116
96,8.510058059934515,8.931481373779889
97,8.510058198456832,7.465196045680743
98,8.510058198456832,6.909815778263788
99,8.510073846347947,7.65493682381212
100,8.51173796555872,11.052715699795247
101,8.511738073641483,10.320099165743486
102,8.512361370384287,8.4878570686546
103,8.512365420212586,9.001056902419563
104,8.512784673220049,13.802879463263569
105,8.512798675684516,5.686449901829993
106,8.513177421320565,7.636496980963068
107,8.513841609906375,10.932373227909576
108,8.513844529851186,11.166550292009115
109,8.518041095517422,8.667658883265883
110,8.518061489026962,6.872173122824233
111,8.518063865661869,7.791389576491746
112,8.518063944962096,8.62456444739546
113,8.518454047924372,7.045310601676136
114,8.52455358946886,7.020989170690959
115,8.524734041353785,7.5057993781492875
116,8.525234890089814,5.180995737437564
117,8.525264656114851,6.391063506170147
118,8.525330424234845,5.517993223797138
119,8.525330696557058,6.42816293687435
120,8.525330819058953,7.017699465537724
121,8.525427921286806,6.606250751593208
122,8.525450833835198,10.338652547629835
123,8.525465941947992,10.689801231410843
124,8.52546751412481,5.864117248089828
125,8.52580451626585,6.547756870317544
126,8.525804753938251,6.958035626483621
127,8.525805067513481,6.846336635828517
128,8.526671368789476,10.801631346208667
129,8.526681448184073,11.055130434899965
130,8.52680040584584,10.900289929165893
131,8.526800532573846,10.540269025279224
132,8.526897160193347,7.5803413553307495
133,8.527655425757406,5.249057281125035
134,8.527956447780065,10.614989160387832
135,8.52795778813158,7.1313275058115755
136,8.527986783428949,4.992222822832201
137,8.52799747020805,9.602060635563786
138,8.52799801574723,9.72791736588644
139,8.527998754902258,9.741358505619516
140,8.528004894670373,11.886544737124618
141,8.52829456140189,12.490758524502327
142,8.528310695430822,11.668975043142227
143,8.528311128077192,11.163719508477325
144,8.52831163065919,13.104844769904066
145,8.528514383539157,6.742051570474685
146,8.529760305770669,9.256849848950905
147,8.530013578636742,10.055409414926206
148,8.53001380641852,7.97992902309371
149,8.53156517392984,8.667039155700735
150,8.53172448444974,8.545425775344913
151,8.532635175560753,4.463292870831714
152,8.53339074765313,6.935974077244315
153,8.533575522205746,6.987253915690089
154,8.53361383125229,7.079973946196035
155,8.534326668317009,11.466397723109063
156,8.534404865257915,11.416930921328335
157,8.53447637338964,9.517845428555216
158,8.534532952459985,11.141434686031902
159,8.534541175767897,11.506565668685916
160,8.53456592970541,11.14565045951861
161,8.534957870225835,8.813573954920273
162,8.53496003912016,6.00511241228373
163,8.534981616624568,7.9985697671374485
164,8.535878201894128,7.312473039178362
165,8.535878275975893,7.821815225181204
166,8.53595109056661,6.275589618266921
167,8.53872468159506,8.22110753599743
168,8.53872510836233,9.344317495180107
169,8.538984100319354,9.26711811459203
170,8.538998721013082,9.220749432957382
171,8.539568936911014,6.516534855240253
172,8.540153609823642,8.58009549646139
173,8.540452126492996,8.149482309987048
174,8.540915456454059,2.867295951522893
175,8.541078759359063,9.661949694424461
176,8.544239962412018,6.235382006705814
177,8.544327518338584,6.554937828056585
178,8.54446884322154,6.576357210139808
179,8.54448174389305,6.486062428678894
180,8.544482014968867,8.895003130255569
181,8.544483013972437,6.274829405230602
182,8.545122102314648,8.932712676958845
183,8.54515728050502,6.235104692458669
184,8.54532448764301,11.336035305546167
185,8.545447663697608,13.56454128391395
186,8.545507497135201,12.75742121027819
187,8.546299488541244,5.985308853602031
188,8.546379267355741,7.516066248188841
189,8.546388439044708,8.319919888580472
190,8.548549411394676,5.431710415514378
191,8.5485502834096,8.677759131668648
192,8.548550396054916,5.09334114727513
193,8.548900548666023,10.475466356067466
194,8.549074322725195,4.8065725953242
195,8.549258265853407,11.617834179402486
196,8.54979447388217,6.984412236312798
197,8.54979492255455,8.41438144063666
198,8.549830842438991,6.416183000090338
199,8.5499288135383,12.433483141168377
200,8.549996544397246,8.477149779184991
201,8.550412760844878,6.413570512418445
202,8.550725363093791,10.014197045873939
203,8.550870212262263,8.915154557145424
204,8.55227097116995,8.634509997951941
205,8.552274031698266,8.247389103042943
206,8.552323026083151,8.764053199025637
207,8.552402416214939,6.8743828943968985
208,8.552459535090684,9.05654544165655
209,8.5524606120773,7.615688221978704
210,8.55254558833618,7.332191746561382
211,8.55301556232293,8.12610514341284
212,8.553673594628055,6.190421737195733
213,8.553680428984412,5.958185897609485
214,8.553694492149392,6.12213778376924
215,8.554078989787737,8.149447677731256
216,8.55409507847946,8.268405251097516
217,8.554133579688592,12.284988452104779
218,8.554806615027122,7.4798305577363715
219,8.555267609578602,7.308119719486017
220,8.555268150631461,10.764553096298325
221,8.555272286435153,8.599036818661913
222,8.555603725070643,9.77017608966545
223,8.55624807889117,5.822884528841396
224,8.557011189422907,7.831236546436646
225,8.557328153068006,9.442362799228446
226,8.557901889728726,4.430709482053329
227,8.558885341982466,9.981497087970224
228,8.558885398145321,9.591433427355838
229,8.558911356936456,10.558242935775425
230,8.56086017266477,11.59751284911148
231,8.560920932706832,10.642254754794914
232,8.560922730926722,8.213469664526405
233,8.560922974959773,8.75386229172984
234,8.562236748749921,7.442602187363924
235,8.563013355078088,7.440474286116491
236,8.563023477208702,8.612020422924166
237,8.563031056654662,12.823808449353027
238,8.563160595614569,9.418686059354046
239,8.563161253909314,10.54401462274109
240,8.563168872185724,9.802240493711857
241,8.563452425476612,7.2732047507713515
242,8.563464628611374,5.007029005767497
243,8.563465519208071,7.104521919301227
244,8.564099942564145,8.432534781113803
245,8.564119207796685,8.544607488275009
246,8.564204327697086,8.751587709800324
247,8.564725772281175,8.439029180749419
248,8.564729712712648,10.433107061828842
249,8.564730590752555,8.424964320409556
250,8.56479046596316,11.06248406181484
251,8.566267090330568,7.634466034461477
252,8.566267210760497,6.165858071344595
253,8.566267243206749,7.987465239212124
254,8.566275775249057,7.694115182197816
255,8.566512431011638,6.534111306897854
256,8.56653019040534,10.358526154983386
257,8.56655341148963,9.566475576790483
258,8.566576805437998,9.399720478767687
259,8.56682271363045,8.510064386759833
260,8.566857039332003,8.152805159896289
261,8.566951563042826,7.126596971890315
262,8.566959040279484,7.28944391791122
263,8.566959040279484,7.158914052167834
264,8.56696010919123,8.097887108913763
265,8.56779172298663,7.5482916160713645
266,8.567800446163938,8.062499531154883
267,8.567841883682226,8.880182471524902
268,8.568862374765626,6.138196961495486
269,8.570113572503518,12.265079368972062
270,8.570158817700225,12.99874538825625
271,8.570163517689132,786.7210136281102
272,8.570390131277392,10.55683370031837
273,8.570458955286492,11.128752375641854
274,8.570463569926954,12.058012716613309
275,8.570578241267746,9.008806519075957
276,8.571213251899746,10.020272686380487
277,8.571812844700757,6.732913814944115
278,8.571845532526316,7.4606711481553765
279,8.572102827365134,6.356404628935891
280,8.572109942197024,6.074671875791049
281,8.572109942252105,6.094415886575471
282,8.572110592101616,6.604697924839509
283,8.572348435954444,10.178015496927998
284,8.574210298422049,8.939468194271777
285,8.574602175569419,8.330279503924201
286,8.575418514894437,9.680584907644521
287,8.57554899513891,7.551314568391255
288,8.575549002471053,7.436823751465068
289,8.575549015299636,7.400719104034358
290,8.575595972961809,8.02144038884976
291,8.576397597453013,10.732966014455222
292,8.576457592124067,7.769001206180137
293,8.576458524212955,4.143888861177345
294,8.576458524333978,2.8256664521622836
295,8.57651833963528,9.588517806573275
296,8.576582200000665,6.862337259001246
297,8.577455562456649,10.841490339541663
298,8.577457784702744,11.037973468045138
299,8.577974986686392,7.281200306907146
300,8.57867119414611,323.81622707349607
301,8.579091141481829,7.186059776452009
302,8.579417021951516,9.04719617966597
303,8.579535111691806,7.814170090505074
304,8.580053396248093,10.679724221902564
305,8.58098647401124,8.340698555625783
306,8.581342257893574,10.15274326027225
307,8.581518610540638,7.726438783585667
308,8.581604487179389,7.85612999678432
309,8.582100515510096,7.817588242390611
310,8.582122271318898,7.918790883937113
311,8.582134435542832,7.024062649318567
312,8.582244036872579,6.7523355661994
313,8.582589668919175,9.134176807792889
314,8.582589825627844,9.040808323582487
315,8.582778958362802,10.603243906388592
316,8.582780497311587,9.182163678290207
317,8.582849338503824,7.859059659007395
318,8.583341111388517,11.318787844812347
319,8.583496404101844,8.177777460703496
320,8.583568759412959,6.2839770479953
321,8.58358958271417,4.5824868813411594
322,8.583688030662948,8.993593337414977
323,8.58371630777035,9.974352596306174
324,8.583716429734228,9.047609035666081
325,8.583718277634997,9.17939150375176
326,8.58377947136076,6.086757064102965
327,8.584645863183182,11.340770263350988
328,8.585246082677179,13.579256256218583
329,8.585726277689155,5.297368371585025
330,8.585726617094274,4.591581033404116
331,8.58572845409372,4.936842438507469
332,8.5859460920561,9.038409677979606
333,8.586282400746338,11.58089996461863
334,8.586672381458948,11.356502406207104
335,8.587206902196568,9.225336546418426
336,8.587674546094913,4.87175196438659
337,8.587691480656247,9.845600985142406
338,8.587736839907128,11.315428526202014
339,8.587883210770288,10.789223614765882
340,8.587913768340867,10.357563974937685
341,8.587913888272624,10.878017639905881
342,8.5879916108423,12.110999073790172
343,8.588096628917633,7.108814616678027
344,8.588097933603917,8.852961485425363
345,8.58812908687382,6.627388982971624
346,8.588161518150642,7.754133936638533
347,8.5891568961839,14.845587657040438
348,8.589157573314154,10.316187176637053
349,8.589219164898138,14.54931487565114
350,8.590497398947061,8.414040750552928
351,8.590509501905379,7.748543309251303
352,8.591429128009471,9.376375417444667
353,8.591429129627281,9.312420810429867
354,8.591429398562656,6.399607788235078
355,8.591429735821162,10.114635844682041
356,8.591707742100452,8.716125793176284
357,8.591707790248956,9.516600935042755
358,8.59170818630181,10.70512271513687
359,8.592151223457837,9.983783863944408
360,8.592151319324609,10.16566588589347
361,8.592230895030672,5.4808029155273505
362,8.592236621602309,7.945867162959809
363,8.592254953853496,8.339923037886988
364,8.5924384038725,11.713593245692756
365,8.59244029784016,8.575166366031047
366,8.59244546881272,9.756698823148083
367,8.592445600923295,8.182216200426037
368,8.592445741091655,8.813546348481902
369,8.59305754753152,7.137668062789184
370,8.59306344712611,5.31446512285177
371,8.593457228104738,147.6810339147637
372,8.593519135108986,9.43765027306678
373,8.59351925878576,7.991277515813406
374,8.593581176006634,13.61176413281415
375,8.593683330589979,7.841045761109267
376,8.593721612904652,6.493785485658076
377,8.59373377975705,7.911385840873486
378,8.593753257793493,9.942769678067856
379,8.594051599947186,7.9429763705667185
380,8.594175439693856,8.323784188474713
381,8.594176686595846,8.918003507796177
382,8.594435931539431,7.148129748665728
383,8.595279221118036,2.90927972385752
384,8.595709418626019,6.367331988264338
385,8.596606853025442,8.957988016668235
386,8.596628321459534,7.406799152781208
387,8.596669687279796,7.075908272594272
388,8.598130853035855,8.936085044427184
389,8.598131909367066,9.067325313923128
390,8.59872932025678,10.51824895005939
391,8.598735135622722,8.008259277479619
392,8.598738265157099,10.470184336067208
393,8.598767236458833,9.226219213573556
394,8.599810822084269,8.318610967716054
395,8.599915254934988,12.47367185976474
396,8.599915270711874,12.496777502614298
397,8.600073512242838,10.518983289029324
398,8.600158801431379,8.517338679095927
399,8.600225289577393,11.712670812227355
400,8.600253691034348,9.66735102810387
401,8.60025386624726,12.021134135191874
402,8.600253868477123,12.081957235586845
403,8.600866828518232,7.006858230501274
404,8.600908288398536,6.869852696911563
405,8.6009765167821,12.60017234522591
406,8.600976522090697,11.98733044572621
407,8.600976627117515,12.030250235735483
408,8.600990353528314,13.161315823042386
409,8.601252708418354,6.2464999550338955
410,8.602123653161964,8.910907008983347
411,8.602561018725897,11.22166438088623
412,8.603044609778905,10.896527710273798
413,8.603243135971306,5.874346827514685
414,8.603280730310258,6.646424399098702
415,8.603548282587381,5.282503677367052
416,8.603548294729473,5.28229119655262
417,8.603606473169933,2.8793749279428904
418,8.603618575999187,3.5913078375135457
419,8.603624098781582,7.184906022451772
420,8.603624145339053,6.3769292874185215
421,8.603835238898492,7.696003204622903
422,8.604023358106904,8.673661880744772
423,8.604196123523971,7.42474904267982
424,8.604463768081564,5.243069812332695
425,8.604726283360332,8.558852410096291
426,8.604745973483027,6.925896805288127
427,8.604772011267588,6.7897728030259294
428,8.60496515129367,11.560257199862487
429,8.605245081042373,7.9178390320868495
430,8.605638802721664,10.590045842311005
431,8.60564884166291,12.027645812557907
432,8.605906291264171,11.582802349490288
433,8.605906437142929,11.114000230600269
434,8.606230150802709,12.177580854076707
435,8.606232084986697,8.113954366639723
436,8.606294274184474,3.55914537880246
437,8.606541037129539,14.645367820838796
438,8.607142598348727,5.460050746639678
439,8.607817377761336,7.9017927754598425
440,8.608299611775633,9.314640575742978
441,8.608301850172447,10.378537542739203
442,8.608301850172447,10.281696771052738
443,8.608736812402972,14.638101926993969
444,8.609249631433853,7.906404240112094
445,8.60941527360696,10.76930244139821
446,8.60945496170838,11.993721179902193
447,8.610724169245874,7.475722745418381
448,8.612184754944634,7.1276069007094005
449,8.613555651481953,6.870303097453447
450,8.613555864693723,6.680949426969326
451,8.614012699617295,7.354206394039432
452,8.614140974613548,8.835033156513468
453,8.61434102697949,10.379401680991322
454,8.614341028472532,10.326129979820667
455,8.614341028472532,10.192637345217484
456,8.61434115128028,12.11105399149261
457,8.614855273458646,11.682718084402262
458,8.614855273458646,11.554244555608156
459,8.614855436045623,9.389736330379638
460,8.61600674070659,5.9317475231234775
461,8.616041020718757,9.718634384398358
462,8.616429110698803,8.1777230550488
463,8.616432638649291,11.878990429240721
464,8.616445273864109,13.2695049956282
465,8.616871838816559,9.473113308706358
466,8.616979037842617,9.484095367557865
467,8.617252605708927,7.1392529740297475
468,8.617292964203001,9.504033017430462
469,8.617293476245662,9.539435351628622
470,8.617293634136315,7.536961983018242
471,8.61729381670326,8.758473077921462
472,8.617355433490761,1.6128674121975404
473,8.617421775663558,11.194101530674077
474,8.618100598944755,9.569071126493627
475,8.618629751799412,10.330155765458668
476,8.618712901824154,11.154012600112512
477,8.618713677527985,8.93462124505567
478,8.6187167924318,6.9954317341618895
479,8.618716961037748,7.025488558925933
480,8.618716961037748,7.081175596225131
481,8.61871893997265,9.100714057324431
482,8.619029881615164,176.3284428512257
483,8.619055926465592,10.0678705364466
484,8.619161500705406,5.707753654447988
485,8.619530810242852,7.592508183323359
486,8.619746575566484,6.073733134366431
487,8.619762015005927,6.062927670399476
488,8.619892812061456,7.434031339855513
489,8.62160370775391,8.221056621239816
490,8.623113020612456,10.206145316297224
491,8.623449654278875,9.453252684947232
492,8.623451366423211,6.995828123295327
493,8.623451366423211,6.981525000656884
494,8.6234609771847,6.937368999581761
495,8.624682707734802,12.211129277589817
496,8.624760011826485,11.508280372660181
497,8.62476791403756,11.969440788719508
498,8.625055696285761,11.215729170011839
499,8.625081035924588,15.334291941729175
500,8.625081528576501,12.733674097214266
501,8.62513800173662,13.61641399907975
502,8.62520323930908,8.022257591998256
503,8.626282520730417,9.668024718260657
504,8.626448964303169,3.9817390440307427
505,8.627514426980804,8.675183965589332
506,8.627850137528362,8.355137457066231
507,8.627851494795298,8.410977432418816
508,8.627853339905668,9.949538818003113
509,8.627854310237709,6.343550341356487
510,8.628699281290658,8.219409515156514
511,8.628954897944533,6.958363995314175
512,8.62895498862039,8.207337091272285
513,8.62895685615814,6.47913981165369
514,8.628980028476558,5.658765207255723
515,8.629065316956536,9.51149348603639
516,8.629206733033508,9.109076479142683
517,8.629206749098836,9.027446804250673
518,8.630588165496896,8.898341651418418
519,8.631011763489818,10.02042648786856
520,8.631047654441451,9.050609748961572
521,8.63104779856197,8.48213142971294
522,8.631173953176933,6.794621214759436
523,8.631426733786473,8.494540978673228
524,8.631759877939915,8.353821102382192
525,8.632564243084406,9.158754922971813
526,8.632675566591415,8.835046608988545
527,8.632676213589109,5.766009254423583
528,8.632778618688995,6.890972974157283
529,8.632833790566256,10.405206370864061
530,8.63320103356172,7.17860390459519
531,8.634480030970654,8.487478011749028
532,8.634480904577972,11.313855930269886
533,8.634886739073005,7.535185134737135
534,8.636487938859608,9.238019095792493
535,8.636742188927439,9.748163483953606
536,8.636742788874333,10.090729673725283
537,8.636776596543353,7.969161537558399
538,8.636811014318887,9.555262953024616
539,8.637617636627567,8.049272492218975
540,8.637765400192524,9.744248303447561
541,8.638109181667714,6.107187150069012
542,8.63814066397821,7.815866726163559
543,8.638149615139257,8.05942173775283
544,8.638156165486237,8.552058017881535
545,8.638156374314296,9.519432430245912
546,8.63820475521269,7.932798683194257
547,8.638342268188598,13.09041732209042
548,8.639559550266457,8.021456914763219
549,8.63971757775791,10.277050643303134
550,8.63971777415269,10.001674437480933
551,8.639914587756063,7.163041931348894
552,8.639988561417681,6.80899132892546
553,8.64020750216738,11.217487455834942
554,8.640240107504368,11.109833708597323
555,8.640252423912562,11.568705752270445
556,8.6402738722768,10.181949296167756
557,8.640313277848804,9.32375672199462
558,8.641229600442175,10.582880692666171
559,8.64180913387029,10.402152484792046
560,8.642143115916282,9.215275974297525
561,8.64219525475606,401.03747767706164
562,8.64220089269557,9.09964652912818
563,8.64222355485899,9.971974411977406
564,8.642283815737901,8.155770971754093
565,8.642420066010311,8.399422320265492
566,8.642425479706896,8.457860120451139
567,8.642426988076352,8.190056935030325
568,8.643028531464937,10.071554756709684
569,8.643613071516985,9.3194795674099
570,8.643613071516985,9.984791506075556
571,8.643614113880744,7.017685716283409
572,8.643619863807203,3.1138522451682755
573,8.643846868652403,7.487292258441707
574,8.64389393838944,12.276443491197211
575,8.643894228379892,10.524903409136718
576,8.644155518634639,9.407261256063027
577,8.644352966903593,9.78309697660483
578,8.644487689808711,9.10014014411115
579,8.645969627317472,11.239410073691415
580,8.646652094570431,6.4044098360451125
581,8.647121095825225,7.575752765299076
582,8.647124254302478,8.284685374079032
583,8.649194149051866,8.98306236827245
584,8.65054468884268,9.381012627631984
585,8.650619957118751,9.347826843698757
586,8.650904420029377,9.70762344457415
587,8.651057786316644,7.889390714620795
588,8.651058876363912,14.489631751901374
589,8.651674115067111,6.060170464139603
590,8.652832959056616,8.079965521127797
591,8.652836883548646,8.137899651937122
592,8.65287133981476,6.349288924333442
593,8.652962054828778,6.87389389128213
594,8.653055971275847,7.111951434857101
595,8.653079982121435,6.6275993847121795
596,8.653082918064312,6.756680055380809
597,8.653595723148035,8.467964358742437
598,8.653623120732831,8.360564553626155
599,8.653633668022525,6.7972192933416
600,8.653634919071276,8.478917599215528
601,8.654152492832747,8.426400784796176
602,8.654466962947325,6.229135773723484
603,8.655340475340763,6.401477698311403
604,8.655343842229033,8.19981411630485
605,8.655710428508987,13.447675186598584
606,8.655882889494771,13.342750035609178
607,8.656082476336422,8.274534985988364
608,8.656777292744172,11.122320885778473
609,8.659315175755692,11.449093001289286
610,8.659484276342084,11.062486247117473
611,8.659485000870493,11.322186803079685
612,8.659879224879104,9.630628378470696
613,8.659879224879104,10.061312691227629
614,8.659882946977856,9.641371071846088
615,8.660289285574326,5.348719900022381
616,8.660298801126064,7.522822101732192
617,8.660578157162883,7.7430651479569175
618,8.661305952810725,10.109586100695088
619,8.661312871704634,11.66474543997284
620,8.66131787413544,11.83153439006873
621,8.661725270476037,11.766760613373625
622,8.662376211692717,8.71655868340303
623,8.663134508532222,3.848214373834348
624,8.664080043374781,10.029593305912814
625,8.664188747332517,4.914186156033181
626,8.66511066452379,7.942324322156232
627,8.66785398193086,8.335323786387693
628,8.668135285236906,8.205816932108247
629,8.66814148987412,8.896648955914793
630,8.668388299586914,9.735988246628356
631,8.668412121932011,9.850174098306876
632,8.668964565885677,8.323443826745665
633,8.66950150132308,8.632937109650678
634,8.66950150132308,8.879470041048556
635,8.669502097737084,9.11108718717254
636,8.669906359845784,10.380322129537763
637,8.669923246242577,7.920389482256017
638,8.670930240780438,9.633099735625402
639,8.670935820916018,11.316494640360537
640,8.670938080909895,11.56506140426543
641,8.670973265772748,10.54863214211154
642,8.67100555379181,134.8817702340308
643,8.674091025449831,7.384819776591795
644,8.674091096306853,6.222253222591747
645,8.674092022165723,6.401588097319084
646,8.675398279404705,6.573523376167034
647,8.675410928933951,6.910198701226267
648,8.675410934102691,6.03351730475375
649,8.675940455845748,12.661339376138564
650,8.676105281437067,7.189953980285157
651,8.676471020332624,9.54117355300542
652,8.676473725302406,9.441439861605128
653,8.676473725302406,9.365830358300386
654,8.676475323202855,8.880077876383245
655,8.676475323891166,9.085158678002202
656,8.676477239545097,8.604692456550003
657,8.676596562797263,9.992056701763598
658,8.67672487724195,9.317645429647992
659,8.67714216285849,9.250217423572376
660,8.677327653299656,10.36613566649433
661,8.67749194387757,5.1758922969842125
662,8.678116747988886,6.605923466577108
663,8.679288410901737,10.368226018423817
664,8.679312043711226,6.37990851012533
665,8.679621051741162,5.773217486383407
666,8.67963624520386,5.914953247722298
667,8.679705887468302,14.876682223682023
668,8.681165801662718,7.698301742319437
669,8.681227861575229,7.099993269503131
670,8.681827757127063,8.277039578088043
671,8.681829549298104,7.2989772050562465
672,8.68183090072053,9.786712577739236
673,8.682280739146044,9.152019287112127
674,8.682281584442503,7.02948035018216
675,8.68228204450142,5.218460489104249
676,8.68228204450142,5.731064578351769
677,8.682282219645577,7.075483417727579
678,8.68228482564586,8.65728499624865
679,8.682290233881712,6.0844341662841845
680,8.683116688156373,5.063329608549711
681,8.683136955279966,7.6393569337085445
682,8.686094548143354,6.798910131924803
683,8.686592899559585,8.789937783175246
684,8.686618829355298,9.266848417906756
685,8.68679473559045,10.46288375136901
686,8.687517110203995,8.195277732957937
687,8.687861640130333,12.251834820562193
688,8.68798496390395,8.33167299519355
689,8.688794969170576,3.1508132729115044
690,8.68883712988857,7.095497073999137
691,8.68888268962774,7.380119986670518
692,8.68928923432096,10.064762999838978
693,8.689297664576682,8.345607642708162
694,8.689298012560691,10.237602835087273
695,8.692183621362464,7.833232150202113
696,8.69247860790968,6.881155316782236
697,8.695360919316064,12.32372758313388
698,8.695364350341434,13.315346276071308
699,8.697489415187178,10.430604013405084
700,8.69802551254705,6.640574048423089
701,8.699172273451527,13.346982934888173
702,8.700007763301068,6.955484666967527
703,8.700096453825529,9.287948587076613
704,8.700108550332095,6.784054103981188
705,8.70401380818725,11.864478962530312
706,8.709871652084443,9.454833701732715
707,8.710514450818302,9.425128658992637
708,8.710549264301296,8.789771050798699
709,8.710549896464345,7.571429704657956
710,8.712399821333616,9.609845307027198
711,8.713217485473441,8.07222339548535
712,8.713224108353923,9.32147707364327
713,8.713224317702917,8.617311567597627
714,8.714846486537823,6.248254435014467
715,8.714872167791945,7.819118207126287
716,8.716681016461829,10.23967184481093
717,8.716681866473289,10.268900724731713
718,8.71670641539288,11.003292961753596
719,8.72094159520958,7.136249468241007
720,8.722276615822361,4.799445366103806
721,8.723498716687073,14.73282812516454
722,8.723499324323011,13.862647335695549
723,8.723507247243127,12.886625387443614
724,8.72768093578951,7.952304045778279
725,8.729066514133054,11.581676300323931
726,8.729073694579968,12.378293355703235
727,8.729127468762156,12.183897070348042
728,8.730140186519703,91.87902578715615
729,8.73017478194334,8.288450643867703
730,8.731270712480997,9.102859626486213
731,8.73168371527501,5.936300494398447
732,8.734614512620155,10.218252096085774
733,8.736197264358573,12.556288781150185
734,10.009190867353222,3.7133236112386383
735,10.020449559209885,12.550021380451964
736,10.022597748674034,13.414011497272199
737,10.029213208245068,5.3301288507652975
738,10.030340818189083,5.4608304200515665
739,10.039717749888876,7.8998186898345
740,10.043258686750622,8.66687203117267
741,10.047221765956117,10.108858098906902
742,10.047223939331548,4.666926846783537
743,10.047224334843795,126.34732332618724
744,10.04722509131438,2.6930208437654524
745,10.052450090942196,7.3722692841839885
746,10.052450392056416,8.364957482837925
747,10.061083978413512,11.12842336897183
748,10.062410078458448,11.67749156707884
749,10.064912360626428,7.797647244051348
750,10.065026648988528,7.787306415461119
751,10.06505883146082,7.300969102721546
752,10.067102734032911,10.672987547936327
753,10.0671177934754,11.344904711274332
754,10.067118490086552,11.516773348017994
755,10.067118621913073,8.446117519096969
756,10.067505404936597,9.58756973447265
757,10.07076868306794,10.632466105380761
758,10.077773991301394,9.368511509861266
759,10.081936622946944,10.614761972820567
760,10.082109418584077,7.010037330079813
761,10.08374778879532,8.90355188921064
762,10.083842718042732,10.429077733206373
763,10.083842855325017,10.007332502430561
764,10.085440156765443,6.222512937833864
765,10.09008033119691,10.99927115360398
766,10.090823979491097,10.195097673056486
767,10.090902763052958,7.368989928174398
768,10.096624213675444,9.077492861603679
769,10.09706226212476,5.506835037804782
770,10.097958786541504,8.285995489644879
771,10.097959068061922,5.514820957510651
772,10.098845036227727,10.394044513451915
773,10.09965463534136,8.461976849972988
774,10.100805317564792,8.791601011268373
775,10.101559577085393,7.162359390135922
776,10.101591946446131,9.473098450854938
777,10.10182401580861,6.993242100860176
778,10.106893352491714,10.828983169609051
779,10.106913305234622,9.095605348742192
780,10.10691344712581,9.429306973210302
781,10.10702200691476,10.546859751936596
782,10.10789984335316,11.32075819196151
783,10.10790975940322,186.62657552871147
784,10.107944854225076,11.864446158050754
785,10.109272389482207,9.088146285794666
786,10.109274705575428,11.033675051758602
787,10.109316142567476,12.348225118518322
788,10.10933831992141,10.380982556080447
789,10.110417871472809,7.955979118935376
790,10.110419288040184,9.31623495929918
791,10.110419295400863,10.768240197506866
792,10.11048925666472,7.334468624978027
793,10.110543065740636,10.182141774215218
794,10.111544802621754,7.073418727729908
795,10.11240929966883,9.072551929369206
796,10.113132245969537,9.86061375220049
797,10.113383574060965,11.215506577255747
798,10.114685155580686,9.844805298056889
799,10.115667221545191,11.354414837858208
800,10.115807823870275,11.360253053062776
801,10.11584791483223,11.151657735345161
802,10.11833684180117,5.33876186129672
803,10.118337112751025,6.565482564242404
804,10.118337112751025,6.253238337338008
805,10.121876437630457,11.119108159077495
806,10.12423308987974,9.937690012688758
807,10.124337885842577,10.781357486340276
808,10.124396728456986,11.920120752907746
809,10.125738368861622,10.29627817533878
810,10.126608236278392,8.81679160267032
811,10.12815384439742,7.050811317403232
812,10.131002898431197,11.546449093055024
813,10.131012050670272,11.986204233549026
814,10.13121903422977,10.352345713124913
815,10.131219122980104,9.332889563986601
816,10.131991907406952,7.959147771428631
817,10.133722890278204,5.472283081069953
818,10.135379457782468,9.044267505312014
819,10.135485533193243,8.639646132978125
820,10.136258332743177,9.576650965764532
821,10.13963979320372,11.814020472962843
822,10.139640107729887,13.16338382242074
823,10.142620966612732,9.33647266565437
824,10.144185634430146,8.879547164083895
825,10.144488341425047,9.619965421447288
826,10.144488488348683,8.757137594908277
827,10.144548538903845,9.191381738327184
828,10.14546068388932,7.2137376040304275
829,10.145886138992658,6.4712341844949215
830,10.146726855855563,9.244526892265071
831,10.14784877110387,11.068857021383158
832,10.157676777534292,7.533848962242122
833,10.160025455813454,10.479988729644925
834,10.160049298332218,9.667490275431263
835,10.16005301170278,4.639269549769494
836,10.160505591432786,8.235834427224091
837,10.160588645819896,6.413191798188502
838,10.160596554749796,5.490817032234587
839,10.164376105293432,9.968928027559453
840,10.16481055909876,10.182337372911858
841,10.16503817610854,6.723914254895023
842,10.16511852374309,12.528864002379295
843,10.1651571191292,8.934717013876623
844,10.165157897897974,16.215019479138377
845,10.165159094523815,8.23067474811929
846,10.165159094898952,7.968810380519239
847,10.1651607330029,10.660602517767698
848,10.16784528610169,10.274486739843786
849,10.169016862313493,7.4248339386683755
850,10.170786912706804,6.514973245532022
851,10.174192335902209,6.688989953446679
852,10.174851087798384,9.038836139565944
853,10.176366894822298,1.6243905039121687
854,10.177669368559831,10.219371063926804
855,10.177767262060588,12.889299197212967
856,10.177799625952336,9.703648277489146
857,10.177807952637192,9.54757482761838
858,10.179068438934198,9.920716489733273
859,10.17908964944542,9.842236112146255
860,10.179091901784414,7.521215724649094
861,10.180411701975425,7.01513257918471
862,10.181565277122314,8.53255502453024
863,10.186629048189772,12.71298251068887
864,10.186630918970748,10.955384447732676
865,10.186870989527502,6.906510912232211
866,10.186871067842578,7.197880862627874
867,10.187295075400264,12.368012440295578
868,10.18772415175127,9.57028557121327
869,10.187747608721727,8.751417441781406
870,10.18777840183476,10.610205211413236
871,10.191325500523742,7.9660489363644995
872,10.191430950101145,11.216904920675663
873,10.19245630532654,7.245849943001614
874,10.192456353273286,7.387998107085058
875,10.193697275697462,9.43406332213613
876,10.19402463382867,8.360500619241797
877,10.194440163293669,8.134061103094135
878,10.19450651429247,12.33740743687651
879,10.198558655494748,10.455110278290318
880,10.199543348669234,12.982259746031119
881,10.2022771005621,11.369370006131675
882,10.202277193406774,11.571154936827762
883,10.2022998899839,11.753746898757827
884,10.206280317624008,10.495504028651498
885,10.206333115120318,10.528036122617905
886,10.20633515922389,10.442980565077148
887,10.206335234855748,10.43664578685157
888,10.209602280153476,12.2927614794734
889,10.209602303393758,8.42398642703515
890,10.209604365909671,10.505158691374621
891,10.209604617221045,9.721925182993257
892,10.209623036172085,9.56034952257197
893,10.210324870863552,10.213742362489713
894,10.216708855862484,5.8766520437464935
895,10.22317794439277,8.80843342012002
896,10.223190333748295,5.502536392955377
897,10.227096922845249,11.093812045045098
898,10.230173670043408,11.033116107897207
899,10.23049035727407,11.274192047331756
900,10.23190928699057,5.132334799886495
901,10.232026816037822,11.421353562232815
902,10.23202811401744,10.56526863741203
903,10.234853536469602,8.041265887300023
904,10.235829469065628,8.031844660939834
905,10.235855892533747,7.87452092534992
906,10.236356272200874,11.465907771237582
907,10.24043498359977,9.382275155196632
908,10.24431881969619,6.123128887137972
909,10.257322499468325,12.45218169794853
910,10.26816479322585,6.050588522827057
911,10.268192282691755,8.479250404113456
912,10.27008608728272,6.646250724006572
913,10.270584061858775,13.916616588105093
914,10.271562513371745,8.447071946122565
915,10.271888528404109,8.705787258338217
916,10.273714989173502,6.235967216575471
917,10.28128030042654,7.052174518346279
918,10.289386642512884,6.591845599116737
919,10.291052213665056,10.899479964592482
920,10.29888067607357,8.897919984081147
921,10.301784506957404,157.38157445102038
922,10.302402330353386,11.399187564310274
923,10.302411709466853,11.655893462168022
924,10.302416315244743,1249.4582505141097
925,10.302516503434092,13.253129452712644
926,10.304215268938114,13.083517290817001
927,10.308576298748076,7.671449772696048
928,10.308719419477717,7.926549687834436
929,10.308719778197911,6.701122756503957
930,10.30978854032226,9.767674895077533
931,10.309838147248565,9.650079411624032
932,10.311601008541404,9.522499608828644
933,10.311602928972166,12.391941527520899
934,10.311668894536822,12.33006859882505
935,10.311669326283964,12.884409545248621
936,10.3166172802611,13.146997327393239
937,10.31938959032006,12.376484037740816
938,10.31952127910793,12.688602442857322
939,10.319521470660977,12.800778155058925
940,10.319521969647434,7.884700793979869
941,10.324614665523026,9.847348504956148
942,11.249881760299248,8.218868692958054
943,11.249882045202613,8.874476970918304
944,11.249882057241129,8.565570401623146
945,11.249927994131053,7.877884163082749
946,11.250552093175408,8.377470980125263
947,11.269263934736944,11.761707067194042
948,11.26929148973372,12.173024499190936
949,11.27061777499447,12.71332449923556
950,11.270618273011095,12.990625425511716
951,11.27495862779919,11.18583442348734
952,11.274973952356344,12.460321745795255
953,11.27756028140116,11.958703907341615
954,11.27776372511055,11.370690480975295
955,11.277802538840708,12.521953857724043
956,11.277804968545947,5.136786646435856
957,11.277845773486556,12.198075568120204
958,11.2778615238716,12.293637898459329
959,11.27786155935533,12.3736447819543
960,11.27934168396926,8.527348401740623
961,11.281136701483335,6.16349261318272
962,11.2897671458032,10.144137485281236
963,11.28976718665782,9.692840361287049
964,11.291676028200577,12.497860350254552
965,11.291704010616916,12.56562907865782
966,11.293004330946024,7.1175689022927795
967,11.296412528688291,10.118721492392872
968,11.296425802612942,5.685484608575041
969,11.296427526918324,78.7238981404485
970,11.296599632213985,42.036940153485034
971,11.302595624199077,4.855757620509737
972,11.302596530977723,10.183305930429245
973,11.302597345049506,7.4789897199148845
974,11.302597358827654,6.757028923939309
975,11.30262441280906,6.953360023166122
976,11.302632118003698,7.400557369618051
977,11.316809266770402,10.054920423685873
978,11.31939103186214,12.485284019049624
979,11.333351249668446,10.969098213012165
980,11.33482859657062,10.187911059361438
981,11.336041471558469,12.81118670078578
982,11.3389108696243,7.800562725549526
983,11.352214231595068,9.53438157031782
984,11.352431987990911,6.632566360065748
985,11.3532945792754,9.784632837205331
986,11.356237122022712,8.611778023848654
987,11.35798245597547,7.774384683836438
988,11.36692693980984,8.76867011684602
989,11.36859334450823,9.683905728485467
990,11.37257852789844,6.30590138149736
991,11.372578783762531,7.273969265865958
992,11.377160517795264,5.909536417185678
993,11.384206065936189,9.077270535343985
994,11.384248387633066,14.066588703770654
995,11.384346245618818,6.446103626559614
996,11.384948786206156,6.2417172459273225
997,11.384949345874494,6.994761025843196
998,11.384957621350058,7.299297596884906
999,11.385445115299763,9.026119387165426
1000,11.386341691677895,11.444926612604773
1001,11.386341921987034,9.940185064086808
1002,11.390562099049207,8.428968868312184
1003,11.39186896421992,6.526205968567893
1004,11.394928180274922,6.493716871699716
1005,11.395444345980566,11.005722567478374
1006,11.399116211664962,11.491882780603936
1007,11.399116271043882,10.02902629189492
1008,11.399116414653353,11.113585649061857
1009,11.39911659770034,11.523254505209847
1010,11.399808683699783,11.406646133891291
1011,11.399939043750717,9.021728193012395
1012,11.402162460281636,8.47744680273606
1013,11.402617884839149,2.6534405046969827
1014,11.40361975041716,6.502750311375916
1015,11.405239708949384,9.349076927577627
1016,11.40569761359307,7.069361637569075
1017,11.410163689585543,12.689213789673051
1018,11.410173285278184,14.301039613502383
1019,11.41017394264571,12.73903705046312
1020,11.410206032410176,12.06170385167624
1021,11.41191315405082,7.711490029569918
1022,11.413127628004036,7.667411345197282
1023,11.41314295021328,7.648584586160911
1024,11.41316181422022,7.332769231069099
1025,11.414397329400016,9.529677729239651
1026,11.4193446404731,10.133507180423262
1027,11.420077833739814,9.40039333025313
1028,11.420077889739702,9.478765552278604
1029,11.42246830397366,6.948155473911939
1030,11.422874362191132,9.89807341530999
1031,11.423487452421467,7.316917253197354
1032,11.426035726118096,8.59074633170848
1033,11.427183578004248,9.23720337631802
1034,11.430528836531714,6.662109480356873
1035,11.43218822630696,8.401614206141323
1036,11.43220934483156,8.427093670880593
1037,11.432255237242604,8.577407252536883
1038,11.432820042906853,12.710597838891916
1039,11.43749301148645,5.479979517260647
1040,11.438868448890585,148.65532028623252
1041,11.43887395136712,6.105781657747979
1042,11.438981879917543,9.261435672682227
1043,11.444214299107433,8.8146926860334
1044,11.444221220542612,8.902121945890107
1045,11.444221403582066,8.020613119040082
1046,11.445607541760356,10.419260148474802
1047,11.446715868827932,11.028435613191096
1048,11.446729048948404,7.5771302927514235
1049,11.447023823619933,4.19893500862503
1050,11.447024455629228,6.530230264568959
1051,11.447025297052985,4.5462863434647245
1052,11.447032951035313,4.374597422625201
1053,11.447890611769528,12.03149970164193
1054,11.44789145785284,11.691398959017025
1055,11.44791331470325,11.890150621912472
1056,11.447919642877205,56.23629174530477
1057,11.4479262450937,11.5026854842786
1058,11.44847063705057,11.530712860065307
1059,11.45761078361038,3.474245437543881
1060,11.458701044795642,7.881312293421985
1061,11.458847121803904,9.700998156106905
1062,11.45884763155552,10.391889289686446
1063,11.458885455684069,10.78332318300589
1064,11.463661144588237,8.802176907863181
1065,11.464192088616294,4.177010814966394
1066,11.464265642735246,9.452119063969718
1067,11.46426569636706,9.191255087922455
1068,11.46427136325672,8.359272517964426
1069,11.46490709026408,8.231001808920434
1070,11.467654247026337,1.8905105548519539
1071,11.467925145407603,7.350626923146089
1072,11.467930887754484,8.93669498916638
1073,11.467939123379535,7.718767682275017
1074,11.468393018840978,8.778146701151856
1075,11.476393811128004,6.947888869242877
1076,11.47865686758982,10.29237422484147
1077,11.478779342047655,4.804217382716011
1078,11.481461443925411,8.649183759419246
1079,11.485120325959604,9.511121522084412
1080,11.48760493803344,8.805248377133355
1081,11.489333561809378,5.155944127515112
1082,11.492440420041422,10.37894946657393
1083,11.492632353630311,8.996129496763247
1084,11.495513424369328,4.440503658093816
1085,11.499957863582948,10.209875397323643
1086,11.499958483939237,9.752722148213987
1087,11.499964578955638,9.297360893164825
1088,11.500367897067186,9.727085057591443
1089,11.50037872954154,8.618517345610599
1090,11.505069513251568,6.6391533095988615
1091,11.5102031880207,12.029319719743528
1092,11.515122908536348,11.762757214892238
1093,11.52196278792405,14.655860716294534
1094,11.523626962440233,9.139351413243551
1095,11.526323095563187,8.318330920284035
1096,11.52752725326908,10.12844652702047
1097,11.530359215688682,11.889223179429498
1098,11.535045579517693,10.681149281918767
1099,11.536510904939638,7.623566518390881
1100,11.540852173110808,8.32956429544014
1101,11.540881816808614,11.263914132957545
1102,11.54589435847682,13.45489048735086
1103,11.546332385303776,11.327075457314203
1104,11.577615577874717,7.6013752796037615
1105,11.579079668032708,9.780126379842914
1106,11.590645651312538,6.235973597170182
1107,12.193494534576066,8.921016480786175
1108,12.19349521917572,9.393241349529353
1109,12.19350467386585,9.717551315830192
1110,12.220375601283392,9.285229903662366
1111,12.221937467859778,9.896121403413055
1112,12.22600617379892,9.274316061097933
1113,12.226006530674502,8.16604292126789
1114,12.226006560840387,9.829191945202368
1115,12.237353281203264,7.942760531866153
1116,12.241443276067528,7.193783813658825
1117,12.24144453464118,8.673975602858981
1118,12.24316965540121,11.048963424663947
1119,12.24858871097062,5.2885727917004495
1120,12.251416860075508,7.207518173307018
1121,12.251417544823273,9.19484179312904
1122,12.255059419616607,7.861043471419899
1123,12.255067505109157,7.332394871296351
1124,12.25506812075822,7.824349953823814
1125,12.274452315058817,6.693321224306494
1126,12.285010945196582,11.132162677586905
1127,12.285535343787542,10.744490849544418
1128,12.285536303020857,10.384408118614205
1129,12.29296157756995,8.787138597461508
1130,12.292963151460896,11.2937493761918
1131,12.292963616521,8.909448779964363
1132,12.30078336081006,12.089407098662338
1133,12.305820898410753,11.796709728807011
1134,12.305821735957837,11.494363390976352
1135,12.305821931156164,9.715199806145332
1136,12.308885149884285,10.732211340714661
1137,12.308885344207534,11.478825396062957
1138,12.30888540654574,11.539074841977603
1139,12.309661204082197,6.173295584988004
1140,12.310804708516274,8.97677779241606
1141,12.310987958581872,8.355201236955486
1142,12.318245187675258,5.420884630237639
1143,12.325164508213318,5.858171165816955
1144,12.325191481493269,5.404494243045924
1145,12.327541457365324,9.689152901043178
1146,12.32952413944059,11.651076618359145
1147,12.329869473449444,291.6614469505598
1148,12.334723474934696,6.032892476623615
1149,12.334724052408056,6.8212814238945585
1150,12.346298906806275,8.661550957090654
1151,12.35263040846402,8.610314551625713
1152,12.353439949146942,6.367337989908856
1153,12.353440129867783,6.219917576942613
1154,12.353575359998672,11.140007514898038
1155,12.358070773330963,9.804189528435675
1156,12.358673675888609,8.185866234440304
1157,12.360474634970366,6.21370495391148
1158,12.363039793702349,8.16712016607337
1159,12.36759101106684,10.719081554213156
1160,12.367634871334104,9.895686083004804
1161,12.369740938054136,11.529591326697778
1162,12.379506844749308,8.093781271163289
1163,12.379753614137002,7.418878077733147
1164,12.379811590811537,8.624153258997636
1165,12.385300659873412,10.857514055639518
1166,12.385301011170402,7.906848895231457
1167,12.390904593416796,7.7508607582885265
1168,12.393375675657673,12.989492866729945
1169,12.39351438304505,8.488338838878345
1170,12.39677326648846,8.644682037136475
1171,12.39680469979284,10.121807741933262
1172,12.397013083121164,12.453510975992298
1173,12.397016120488855,12.150414510638178
1174,12.397426274998358,5.935274538493665
1175,12.39857589506208,7.37868486971676
1176,12.401404860074978,6.537131213112137
1177,12.406741168848422,10.224705939083726
1178,12.409463093513642,12.31577997530093
1179,12.41022822427298,5.7496788025130625
1180,12.41022822427298,5.406933794903956
1181,12.416977566476945,8.611674945581605
1182,12.417127166788529,11.043064076457323
1183,12.417127166788529,10.502611936725435
1184,12.417127618833955,11.029062419381262
1185,12.417139422711164,198.72626730843447
1186,12.419483688270194,10.84179864742556
1187,12.419485873686687,11.483356457792269
1188,12.421747406611496,11.008127147691942
1189,12.422137048809123,7.721224950181325
1190,12.423841416344365,7.112310203648237
1191,12.423859331749608,1.124331811826854
1192,12.42705527688175,7.412788701808344
1193,12.43645184815812,7.973513510686855
1194,12.437949771265476,9.28705193003361
1195,12.442645785199195,6.9566654121386495
1196,12.444152593439702,11.749707437239827
1197,12.44878413994254,10.142706908775041
1198,12.451351962314424,7.404976509496761
1199,12.45135208747446,7.416728048768223
1200,12.451352300032664,6.708186670432185
1201,12.451365188245214,5.972959642895946
1202,12.454636502583693,7.28371467560496
1203,12.45472931388442,6.37066848586189
1204,12.454729376492716,12.60594544948842
1205,12.454732991258956,6.094943304373087
1206,12.455787599162967,9.743370651547757
1207,12.45590204817076,9.657317368575583
1208,12.460651388112447,9.784002137467153
1209,12.461581461072562,6.911482949073315
1210,12.46883034495051,8.473293917399083
1211,12.469374766199063,8.749897333801872
1212,12.47035855778098,11.614256583371365
1213,12.472298379468365,8.653742326508828
1214,12.47596764246166,10.510156085665319
1215,12.479127090622413,6.996502864315173
1216,12.491054371951368,8.723089285440722
1217,12.491054613016566,6.952270935740514
1218,12.491059270347307,8.33476430890053
1219,12.49149847111112,10.888091293617446
1220,12.491499802937303,7.4204064705599695
1221,12.49150027356961,9.753826219000901
1222,12.491500349214029,8.945036273321517
1223,12.493407564776644,10.569607420382587
1224,12.493631982853378,9.92978711920148
1225,12.502275288335705,43.975618376495454
1226,12.50228330189882,9.450314376661604
1227,12.50953004781484,8.297873265230887
1228,12.51332608305556,9.441138358195296
1229,12.514826974218968,9.06368690082241
1230,12.514831835151636,9.23315335356176
1231,12.522422426542168,10.071427857498817
1232,12.525205354632345,10.201399000544422
1233,12.52521723606478,7.985966630779009
1234,12.527899804935595,12.697788108330318
1235,12.532215206994175,8.444079303478187
1236,12.534454979335065,6.651081216471565
1237,12.534464594092851,11.173673532917542
1238,12.544740656616174,7.372844578063284
1239,12.5638810929779,7.630395208791732
1240,12.566466500086644,6.805900812112931
1241,12.571718907058164,10.477462079770957
1242,12.572299814644603,9.888103594540434
1243,12.573521832501532,10.763248089610848
1244,12.574747695321824,9.714229453919595
1245,12.574778498348548,9.125834388881424
1246,12.594224875014902,11.531322843081053
1247,12.594266063028378,11.423695726504455
1248,12.594267454314474,11.908034705120073
1249,12.600535687481813,10.445715474601123
1250,12.600536035592835,7.148854906746555
1251,12.609124598461838,12.386996496502384
1252,12.609179920310726,10.226128936187521
1253,12.609210977590848,10.992171681827102
1254,12.637922893451432,10.250893235131633
1255,12.644925514461129,6.452075152560409
1256,12.839118150920614,10.267893942926799
1257,12.844890565162396,10.196158561410728
1258,12.92442389089033,6.7806121108768425
1259,12.924425100386667,8.846339684649491
1260,12.924425531843358,7.997765285146038
1261,12.942939551858949,9.7980661765052
1262,12.94770505177604,10.564850151841105
1263,12.950416191628609,7.932987428374634
1264,12.954431283090011,9.391304639989835
1265,12.991735863317473,11.175225142806672
1266,13.00384892148802,8.380510654988374
1267,13.01723768882252,9.613543101078829
1268,13.023800637359445,10.728606413132699
1269,13.02647189673303,7.9834665580556425
1270,13.06817225532934,8.713517622259271
1271,13.068176652793795,7.165191788182959
1272,13.071193849119096,9.48932133783056
1273,13.072407995664436,8.334396630063907
1274,13.079607950039229,2.980987966200947
1275,13.079607950039229,2.8397677871470144
1276,13.0805466840014,8.217266355098888
1277,13.08190592888746,9.24822194270466
1278,13.083363845781212,6.532873328582756
1279,13.085023250179349,7.536318359163649
1280,13.090591396503084,11.309551223244444
1281,13.090611086149684,8.736321844615244
1282,13.09420259726554,8.680802320770638
1283,13.09771627154538,4.851378728898815
1284,13.097924544945249,7.457825080586902
1285,13.097928397215473,7.642502636365764
1286,13.106379764387617,11.369915015560254
1287,13.113434058728632,11.353008070696315
1288,13.118508083714564,11.555324565113217
1289,13.125491378820955,7.218779235636372
1290,13.125491378820955,7.225260401511159
1291,13.126774338807378,9.161781594345584
1292,13.128524495108778,10.609069071035572
1293,13.137225042082813,9.925392204883561
1294,13.137226463759893,9.525633591927324
1295,13.137432685428102,6.680033407442839
1296,13.137432685428102,6.925001608744861
1297,13.142514810776436,8.424679907953003
1298,13.142515262137325,9.063025589227228
1299,13.14394694101625,7.310602366531909
1300,13.152245723234932,8.841543398671353
1301,13.159421425604512,4.377506755363824
1302,13.161035920684968,13.252263024352844
1303,13.161902530718455,10.1601811719945
1304,13.161936268740789,12.710549749571198
1305,13.164285950871196,13.966480000468467
1306,13.17107959233092,6.180001782329197
1307,13.171095129724268,10.027438099724376
1308,13.178301143587415,5.31789107508101
1309,13.178302323563312,7.670650176912595
1310,13.178302575730244,10.335674721580164
1311,13.178302703513946,8.106721317806231
1312,13.178502073698972,8.14264703094698
1313,13.18028846610084,7.935914414512471
1314,13.184791486995069,10.723885496165913
1315,13.184807623385057,10.973751401105257
1316,13.18480786385256,10.984304863347468
1317,13.18480833300509,10.733647109493054
1318,13.184811995783456,10.978149577703848
1319,13.184846195709522,11.205605402021012
1320,13.185185572139323,10.353611435114859
1321,13.185185919396837,9.905004620614232
1322,13.185191514938518,10.030836685133924
1323,13.185981942101511,9.155347959802876
1324,13.18772625513976,11.075549593224808
1325,13.18774664277476,7.790174004264561
1326,13.194126741366109,3.63494502778474
1327,13.203291282536895,12.672773748002635
1328,13.21069146803621,8.004273569409222
1329,13.21159128104117,14.382009556908542
1330,13.214476189352236,9.914460067062803
1331,13.215569479061848,8.160010675549676
1332,13.218969400988687,11.567424014899576
1333,13.226510563114935,9.137862765132551
1334,13.226511206229466,10.473946578629533
1335,13.22687135094464,9.128475472783764
1336,13.227746694350577,8.98554876586705
1337,13.227749254200456,9.258328291054049
1338,13.227750090207744,10.234625286769601
1339,13.230522806423572,10.188328867404667
1340,13.230522850793538,9.747036467878207
1341,13.234614128881422,12.48414343722736
1342,13.236512474828864,10.98159499973918
1343,13.23892685362958,10.7134769320872
1344,13.24357998262943,8.76511695697361
1345,13.243580700438406,11.085400491015603
1346,13.243612486294042,8.924436468413582
1347,13.24939455426166,8.00204838748826
1348,13.25174010609318,7.032190310956717
1349,13.253780176065543,9.752452888088667
1350,13.253783198467756,5.318632217633016
1351,13.26132507637381,9.687712773872315
1352,13.26262514488609,9.635741706260072
1353,13.27223150641302,12.631211850917193
1354,13.282191019882177,10.22754425244091
1355,13.284281573410428,8.29581926052289
1356,13.28813076356161,10.775363548962037
1357,13.288130906296136,6.925521105934524
1358,13.288131048367031,7.298693929457487
1359,13.297077310395457,7.7594076845710465
1360,13.31821794022714,9.936983914263909
1361,13.3222619483419,12.412702507567031
1362,13.323576897543555,9.94769067318806
1363,13.325942508758596,8.672316053516285
1364,13.332322692507928,7.5217014767951165
1365,13.33562255301105,10.445322471755441
1366,13.33563313580602,10.978919933722937
1367,13.33568809658401,10.039882789743944
1368,13.356694777526725,9.384287836913975
1369,13.35911880866341,10.610172501807194
1370,13.361613541868824,8.791234177524956
1371,13.36180922070699,14.196832532387548
1372,13.361886668664278,14.179786333868227
1373,13.370799066110788,12.57670434277407
1374,13.370799339147691,12.9445180174263
1375,13.370799762262155,8.040911942932706
1376,13.389309062713682,9.384536413178774
1377,13.400808536217207,12.759005131176885
1378,13.400935558155656,6.0863772170793995
1379,13.420947292770853,9.673542077021946
1380,13.498178252089607,114.00765718036034
1381,13.5747505010582,119.36853321796947
1382,13.587901130623727,6.499055171474138
1383,13.58795199845808,8.242452370142637
1384,13.60040561528905,9.154006879110868
1385,13.607797061078806,8.25375651193439
1386,13.607806121908398,8.56102509030918
1387,13.621194725693911,6.049450242155993
1388,13.625916711746822,11.193289820843496
1389,13.642613754194524,7.500339373752769
1390,13.642641483621723,7.949700621648406
1391,13.64267089508197,7.997339815122592
1392,13.652764454250184,9.57565530380052
1393,13.66098832417046,10.32362408616992
1394,13.6656484731701,9.199762441565342
1395,13.666531106676928,10.842474235568037
1396,13.668143675466496,9.907382018643494
1397,13.668143675466496,10.070647051616415
1398,13.673101901676269,9.58013541266566
1399,13.680191116206634,7.489845831174098
1400,13.680681188259474,77.22392446007953
1401,13.686176242291696,9.089086531350251
1402,13.69546691925493,10.500054448402066
1403,13.70723268111681,7.613398317228073
1404,13.718286331764574,10.19964786950891
1405,13.718957229550586,9.096101791570389
1406,13.718978688116222,7.5037448839914225
1407,13.719001434685476,10.835524316337525
1408,13.71900201763079,10.6002880270443
1409,13.725752644127295,11.46999471532667
1410,13.72575314002994,10.341006306058423
1411,13.72576750040894,12.12829136644165
1412,13.7408090413054,8.149663368468214
1413,13.77884092160608,8.041391618250838
1414,13.77887430648239,6.440882142036014
1415,13.78329308814859,9.447120052256794
1416,13.78566846634161,14.730519848847814
1417,13.809040406403174,67.83480322489997
1418,13.810185737039523,11.796350500687536
1419,13.814540894314186,11.343794456911269
1420,13.81492932366376,11.880169929725735
1421,13.84216860221941,8.034894906434989
1422,13.846611950523783,8.877553639137197
1423,13.87515957091915,9.6259997845924
1424,13.875166107513545,10.207048943601993
1425,13.887319738228152,9.888180851832255
1426,13.895685908691409,9.224167585512538
1427,13.896691333091743,7.536979304769129
1428,13.907389598932092,9.227351812206962
1429,13.907404422283497,8.38413690849552
1430,13.912861152888183,11.260733886656155
1431,13.916100614805668,4.979170784707435
1432,13.920401610103072,11.357737113374506
1433,13.923897272440872,130.27855527603344
1434,13.925058898683565,10.504938580633366
1435,13.926819669752035,13.62793403014426
1436,13.94828670942343,8.103350997023828
1437,13.948287087748923,8.351832926262867
1438,13.948287896124194,8.44887625163771
1439,13.948289496991237,9.224309649042032
1440,13.948296208572428,8.538309165628839
1441,13.95136632181186,8.343051702364848
1442,13.960466538635911,10.568817443707308
1443,50.500580197589166,115.58997298517605
1444,72.16940002078758,689.5232299540036
1445,72.30314462071053,582.5350537821356
1446,72.30344827005693,297.70862729459367
1447,139.92126909901006,212.7128999543782
1448,161.39103532561836,165.75681389977535
1449,162.7077462101402,535.7179317897072
1450,183.10391765897245,154.67071097846386
1451,227.8155922620269,162.71476728677865
1452,238.63570414607912,352.6188438675375
1453,253.0763758152577,358.12960138203306
1454,265.89367125450343,452.4744709739771
1455,265.89367125450343,484.9072010868419
1456,286.7158847387535,476.3560734935852
1457,314.97013690344585,339.4521790953821
1458,317.13249079703195,473.76460107022916
1459,342.7488737389968,727.9229752133176
1460,350.80979259956337,2.332581685521231
1461,358.35253487959574,49.15264170112797
1462,358.99323134879853,307.59046450350485
1463,367.5220403576973,372.10548163841094
1464,374.880308902726,820.1087555077581
1465,377.4514710771975,309.64761486828723
1466,397.5662798003964,327.3146603852393
1467,415.8850735614726,1.1565248072113126
1468,430.56128165942215,245.21212217493525
1469,438.8649104775977,559.7785620701388
1470,444.392413645773,408.6131082497089
1471,455.0253137235902,451.91489599240805
1472,460.320507759964,355.1915079543845
1473,462.1735631141861,648.5923143863191
1474,475.78199347711467,108.66501617733249
1475,509.0593349181904,939.2897022563321
1476,515.662813785681,423.9156576334401
1477,560.1225750606342,1707.4670304274125
1478,579.5269373629825,382.7726694422689
1479,622.9339481688556,707.0194792710217
1480,645.117858470464,873.7686801613524
1481,650.8837326191187,615.7909164940362
1482,659.8955929429047,394.3003393791766
1483,696.958559501011,532.6958299983344
1484,768.7059062071385,608.6337605766257
1485,786.3658558830906,727.2128921058803
1486,804.2099734842759,1101.3551299660855
1487,812.1772364021605,847.3263663497399
1488,818.102576132183,685.4662016247429
1489,829.1854807223132,1528.2629314391424
1490,845.4410641693487,857.7948608034517
1491,856.5507704386163,950.5391073486369
1492,867.9049314775299,1654.9064108394332
1493,874.8112811428407,862.8950259954969
1494,875.418395689559,905.3666011469957
1495,884.7629738654304,547.5314669878555
1496,951.8961414597992,1001.6016771629997
1497,976.4076897349728,827.3328607324922
1498,1003.4673217586547,1055.7111494326048
1499,1012.1032465422328,1028.3869890908973
1500,1031.2207099881896,938.8856360795195
1501,1062.263225803671,434.53160924623865
1502,1072.2375079905455,755.1030877515026
1503,1073.1543386727958,835.4863690741346
1504,1132.3953173378484,1012.1067437428321
1505,1144.79445020894,1170.4727466481256
1506,1187.906530190712,1259.938719991513
1507,1187.906530190712,1387.1045100123415
1508,1224.744653522571,1256.34980288406
1509,1244.931426237135,1305.3699941824766
1510,1252.712688891043,1413.6896765550994
1511,1257.585737599398,1433.9348986863924
1512,1267.257451742853,559.4133067675873
1513,1285.7885504937883,1241.9784406874
1514,1288.5227917726925,1368.1163581566375
1515,1303.981384855879,1908.1012616269309
1516,1306.4490859010805,1420.5504513803373
1517,1311.5509465120192,1171.586065422064
1518,1314.2139104170851,1107.3238696347248
1519,1326.8794340408476,889.558683040588
1520,1350.9001718217994,1124.0423282528886
1521,1362.2787163084558,1046.1578306612198
1522,1367.0676089957922,1310.2305616407286
1523,1367.2221363519325,1327.2041169747567
1524,1370.6059587616944,1383.971293422127
1525,1381.0658115597805,1148.7050759897415
1526,1399.8678450300968,1528.9143426693445
1527,1403.4493802090503,1068.8529620230374
1528,1406.819151206693,1532.2621686173022
1529,1422.8979280682645,1748.575313787485
1530,1435.992811130649,1277.13364951101
1531,1437.9404724330234,374.9942208600604
1532,1452.5231241658794,1282.0430806920044
1533,1456.6294838586657,1450.3641866046814
1534,1473.2544752719612,2003.9129706677004
1535,1491.8740106162943,1345.9741742311826
1536,1517.1420642216056,1671.2498446490295
1537,1518.4999736946795,1959.0298528146968
1538,1524.800447003731,1282.025350438413
1539,1526.069288146869,1702.0839451767524
1540,1533.1610666474796,1453.1388906679708
1541,1542.0864484485185,1688.1444561772
1542,1618.464096377326,1996.9756659516706
1543,1618.979393500453,1642.163065372756
1544,1618.979393500453,1357.502741833137
1545,1642.3946267062258,1317.8576008471834
1546,1689.5591306062602,1930.744302327556
1547,1689.7811136478283,1765.128894166325
1548,1698.0339137590454,2064.9783245488165
1549,1700.0067863856914,1661.8255585043778
1550,1715.8247282532895,1753.7467353949328
1551,1719.9517082409152,1804.8630128625837
1552,1727.4946014997718,1934.5115653099879
1553,1804.4759154430371,1292.661562090055
1554,1806.487461075196,1811.9238687120037
1555,1811.050145042428,1689.8200716248189
1556,1817.489494835477,1966.726247544981
1557,1837.8883538964624,2011.5639986790707
1558,1840.6371448268924,1475.9117969091076
1559,1848.9669660464103,1875.4954551047672
1560,1861.0576562795272,1986.939100965431
1561,1873.0440096070904,1495.5518912271962
1562,1914.1964098202127,1964.3964496695814
1563,1962.7681849566015,1544.6890820644005
1564,2003.0832443231805,2116.4541903708473
1565,2004.1976419494097,1829.9411050068993
1566,2006.2430551886407,1878.5323331766838
1567,2010.997766017166,1869.5899006088064
1568,2029.9872211257757,2090.23293825718
1569,2054.3028010755,2134.1618515106534
1570,2059.7669717563786,2004.3559286704487
1571,2070.756513828513,1967.7219504353436
1572,2084.091445754711,1669.767373133301
1573,2131.781720967735,2005.6781846959975
1574,2132.980927567526,2291.5412713556602
1575,2161.0266197957017,2564.2629334739863
1576,2170.081834601593,2171.2277542872885
1577,2207.2301261391085,1170.0236902128086
1578,2208.280387167388,2204.2000952297103
1579,2213.753008308037,2970.252249058349
1580,2214.21588095702,2265.85228632877
1581,2216.16408255385,1874.060350923611
1582,2255.556701110884,2376.215394663399
1583,2329.2631499496,2415.393364623588
1584,2341.8433419237167,2098.8456560043037
1585,2351.820189555812,2287.980127546762
1586,2361.990427994185,1969.6233535985639
1587,2378.937719802343,2249.887641254256
1588,2392.282506519987,1543.5049778249618
1589,2402.3844078155835,2182.1340533696994
1590,2414.931870233926,2402.794271500649
1591,2415.344714018231,2229.846563621323
1592,2434.3708396280795,2290.849647932983
1593,2472.8014301436783,3036.49679582422
1594,2519.355452533005,2244.996364174582
1595,2520.164022986093,2515.553402656227
1596,2539.563188230792,3981.0251253329766
1597,2564.94717207573,2583.7788660309716
1598,2565.103868563148,3078.5568602729736
1599,2629.921250405373,2759.527769095701
1600,2631.675102740748,2424.56308705068
1601,2640.566079299389,3033.9965028161273
1602,2641.699345219866,2558.141907400574
1603,2646.1447617878,2544.8491026142356
1604,2647.7843829251988,2683.1654784990487
1605,2681.155185192679,1683.8286661082257
1606,2722.317979355784,2711.3063540227217
1607,2722.317979355784,2837.410580202438
1608,2738.063921422201,3024.8052405926687
1609,2740.576781149761,2827.267055361132
1610,2764.3853175470967,1691.5156291676597
1611,2770.596177515501,2894.8411775214317
1612,2795.164314996241,2930.243003161573
1613,2811.7304222738653,3080.673861416275
1614,2811.9119080400887,3001.4604324664715
1615,2835.1939191314827,2886.507019376017
1616,2846.6183877439844,2634.954781440985
1617,2851.975208011828,2928.8640525605465
1618,2852.7497360407674,2872.3949818754886
1619,2934.0507714892688,2705.6158128543098
1620,2939.982414862293,3067.9127411459785
1621,2956.2773866500606,2977.747131088918
1622,2971.6602648231533,3114.94771263078
1623,2974.168486826903,3392.706511060174
1624,2983.744880357061,2843.693781584852
1625,2985.6095828377247,3295.85789667724
1626,2994.5280267673406,3183.7139393732086
1627,2999.757418188301,3752.970132342629
1628,3014.682989837497,2036.5430677832105
1629,3016.841416770108,3510.2314962362298
1630,3048.297117700719,3041.4317215195188
1631,3061.4105169937898,2291.7498631895583
1632,3065.0741677975143,3294.97533537216
1633,3085.7586890400803,3146.9589658740656
1634,3100.3045137276736,3327.4920852156124
1635,3100.447662905634,3526.2211238718924
1636,3120.6093492482623,3442.8545481442325
1637,3128.787884882261,2819.2526753790994
1638,3158.1779450560584,3341.1165925267555
1639,3166.2179969967065,3327.075653689433
1640,3167.858517234743,3522.741767813294
1641,3214.253110028565,3446.6241593065783
1642,3230.996956083156,3662.174012362992
1643,3285.3588933449287,3502.383541241128
1644,3308.458236939371,3462.443569433203
1645,3334.6122593637624,3130.8640354856075
1646,3359.193971420249,3561.6270410090688
1647,3409.422363267538,3497.071258658518
1648,3441.851628092052,3789.823576471074
1649,3445.790774065213,3550.43472234105
1650,3485.6214587871286,3595.846671755942
1651,3522.0116681723616,3345.8523008301904
1652,3522.913683862965,3716.22062705148
1653,3526.5582715919472,3387.5839126889573
1654,3530.19900794794,3689.908098582138
1655,3539.3937472141515,3506.4892192096945
1656,3541.728261926612,3769.542332036161
1657,3549.483095795718,3304.6588716940946
1658,3591.2771263084965,3490.2876125827124
1659,3637.0795236728654,3986.2585746846557
1660,3676.394091067728,3736.8425631097894
1661,3683.9115937170154,3562.645407266374
1662,3696.936385942238,3767.33666542818
1663,3705.6771835528634,3813.48490039132
1664,3739.727322631793,3735.418354234612
1665,3753.1180598491137,3437.7150189054614
1666,3761.681820067272,3298.073238215357
1667,3776.0173511954144,3302.831242397812
1668,3790.63608130394,3886.6649274762203
1669,3799.8854940913134,4127.778491360503
1670,3804.158417185408,3805.013198677046
1671,3815.766756247077,3696.237970238775
1672,3816.25409014176,3822.660165913883
1673,3816.422679401605,3697.755884661762
1674,3817.359563267903,4105.690291632087
1675,3838.187722089128,3752.972836157222
1676,3856.2573078762334,4408.604565086399
1677,3876.602571264841,3764.569765815549
1678,3884.2943224897103,3648.4960819584676
1679,3929.60052573698,3583.919678292732
1680,3948.851016905904,4007.2550968265714
1681,3978.593457542312,3222.3884707714924
1682,3988.727554556729,4223.319809308419
1683,4005.390614329856,4065.224509696605
1684,4031.853906683419,4202.169136593105
1685,4039.568440106252,3974.212909935582
1686,4172.884868291316,4285.117462819922
1687,4212.411918118609,4289.119476094558
1688,4241.001418248191,3937.329540562438
1689,4248.717311775869,4004.3770202747232
1690,4252.36419809069,4657.831682264343
1691,4264.357085631809,4563.399679060589
1692,4283.938504799669,4401.4883770521465
1693,4308.81291756921,4047.2760502287033
1694,4355.458076190533,4238.925280058057
1695,4427.951086526461,4583.171169758938
1696,4465.926935115982,3766.442714426014
1697,4468.351887619388,4783.377198007189
1698,4485.751037676801,4844.785901994183
1699,4541.712910624057,4138.6085984318015
1700,4548.251312846838,4675.09290002277
1701,4550.535164658158,4165.066208832817
1702,4559.818328287451,4628.728547974599
1703,4561.997208955199,3537.7606343503408
1704,4580.72730291152,4535.729877135304
1705,4583.536435685861,4601.470387836936
1706,4602.6384240650605,4764.845661428874
1707,4609.251762421576,4685.435775966192
1708,4611.767644891587,4370.6948399933435
1709,4618.5704372913815,4830.156989868399
1710,4631.355107814515,4700.444621491315
1711,4642.616431206021,4662.724415798624
1712,4650.212328390685,4976.67822773903
1713,4686.100931604732,4893.325940617976
1714,4698.629413948416,5440.388658614882
1715,4701.1830615127965,4684.435274937657
1716,4706.674991171874,4794.28065848356
1717,4727.043627864121,3872.808885591227
1718,4856.988846090455,4613.70605545311
1719,4926.285166638847,4984.206306670094
1720,4930.674562399145,4867.605043706704
1721,4965.481190821997,4822.753151598172
1722,4969.89241429159,5315.634117459115
1723,5002.260042365969,4966.072806460864
1724,5016.853397171702,4951.226881916929
1725,5022.917318270523,5580.084705761743
1726,5030.628393972036,5035.2254411298745
1727,5038.732015852338,4310.865124275308
1728,5049.339330018285,5146.193139955933
1729,5050.611719366653,5451.041227422552
1730,5060.80233869721,5353.822649838035
1731,5104.369032531783,5371.783168123631
1732,5111.74941189651,5242.386993371641
1733,5120.584223980102,5693.780475402158
1734,5125.33133650247,4750.877344295755
1735,5129.013675354164,5066.127108245047
1736,5131.938140312402,5242.758781359346
1737,5135.931743339177,4975.77067108141
1738,5149.837459412505,5407.545734581268
1739,5171.9842975593865,5521.205664241862
1740,5177.230542791816,5534.253869185692
1741,5180.7571802719485,5537.694928728157
1742,5214.937531483281,5256.211265351419
1743,5237.264232574743,4745.418589960892
1744,5256.713523285411,5243.525880963012
1745,5265.339395657662,5836.174218995125
1746,5320.062762757785,5917.089433447019
1747,5323.998066011613,5397.525554173032
1748,5344.570610580568,5678.433183366169
1749,5362.553913204759,5314.565179925893
1750,5374.716847037548,5346.2546781581805
1751,5380.496783091687,5753.926384806253
1752,5395.904769485717,5429.11130493977
1753,5427.830032153427,5409.375161466916
1754,5439.255082867377,5556.115071377714
1755,5439.582831080223,4685.795184535299
1756,5450.486980273585,5722.009590081847
1757,5473.420778057503,5934.681989980532
1758,5487.69485464081,5385.441588576422
1759,5497.793007575578,5284.473289581354
1760,5509.807973081208,5477.731532529684
1761,5514.172647339851,5513.959743382979
1762,5514.523694706023,5987.829392954534
1763,5518.405160819088,5245.57949079693
1764,5583.661715104608,5760.828701375952
1765,5593.191332845268,5856.269599464342
1766,5597.29170047464,5684.294028052702
1767,5597.707677232816,5469.342516657229
1768,5606.816806405894,5739.779220485087
1769,5641.656714273013,6067.007451222442
1770,5671.317024255017,4724.086672489345
1771,5679.299147936476,6088.48284802606
1772,5720.807186823625,5510.089591031272
1773,5721.505114861055,6009.488233160514
1774,5730.654787169793,6384.253836471202
1775,5831.300675423458,5476.415053489096
1776,5841.446448913993,6189.3224574166925
1777,5851.831194940443,6382.9113545090195
1778,5861.785579802809,5785.882587177627
1779,5872.847803104508,5927.025401881679
1780,5881.049177871065,5654.481012799597
1781,5885.830179527568,5876.510085329373
1782,5894.385916135963,6160.8413968631985
1783,5908.342257185889,5975.467910908427
1784,5918.117125867074,6260.425430610179
1785,5930.090037378941,6181.823169756815
1786,5946.087329838578,5729.255104804948
1787,5946.140219839876,5954.952516119118
1788,5947.164655043747,5799.340604637002
1789,5955.086491650684,6350.682537622726
1790,5963.639597653699,6179.152670151778
1791,5964.830221905834,6134.761064622305
1792,5972.801808923877,6059.562661256158
1793,5979.205072080709,6523.652625834558
1794,5984.976757084113,6314.053824611556
1795,6009.846357819508,6076.251166269372
1796,6025.572749451085,6300.3054674940395
1797,6043.87778258781,6286.780816248325
1798,6046.75696312392,5997.97928906535
1799,6055.0322387340575,6004.989297619136
1800,6075.302516562989,6395.898248214364
1801,6093.720987043003,6016.6867190650755
1802,6159.751785321711,6463.764308060896
1803,6186.822621687008,6072.954091091149
1804,6193.20088241801,6339.619973964604
1805,6203.81571495844,6436.25826531465
1806,6215.219362948829,6409.495910474204
1807,6215.219389341049,6380.371887688927
1808,6217.887925019151,6028.189370879818
1809,6230.278069579369,6447.312915196257
1810,6235.991717108534,6646.582862195846
1811,6249.058993618107,6413.667764947912
1812,6270.065213807711,6293.558186112577
1813,6277.596216438703,6037.793020691248
1814,6300.03826858643,6586.162500334816
1815,6301.382575549763,6378.173073821334
1816,6315.603758572726,6419.835176724085
1817,6330.785074327919,6344.349788513087
1818,6336.321331426924,6571.363053259474
1819,6343.379873165657,6469.475988525463
1820,6343.379873213832,6448.391422759177
1821,6344.562866427053,6412.493008470707
1822,6351.184203625215,6191.013570287518
1823,6360.506295733605,6095.076300475608
1824,6363.233810712791,6535.870998500444
1825,6410.091645541437,6461.179737490697
1826,6426.441871255548,6475.426131766515
1827,6432.433395439341,6448.659453558057
1828,6447.934557072161,6281.032657063728
1829,6449.92213042347,6554.648172767753
1830,6463.682672593826,6551.6699416193205
1831,6517.074479653269,6534.799031857757
1832,6517.862277849956,7053.294567643006
1833,6517.862277849956,6885.794677109301
1834,6517.9758005207805,6359.13551353069
1835,6534.514170385805,6442.316171084473
1836,6561.746397278744,6661.71449241327
1837,6567.578787067756,6333.65558934428
1838,6649.934351714571,6992.124907654059
1839,6657.146426954252,6747.026928517054
1840,6657.146474992812,6818.123378953349
1841,6697.88488422982,6758.603607590315
1842,6734.599303895852,6968.46953213522
1843,6736.387797844814,7095.427237559239
1844,6744.534568971326,6773.804149796073
1845,6753.546575703274,6007.02397622272
1846,6756.339208082964,6737.65084276032
1847,6761.476943527968,7153.584499048815
1848,6776.635075378992,6618.9545441604305
1849,6818.444232964552,6586.314935804292
1850,6820.164811163623,6840.823593533518
1851,6820.61235797556,6867.811421449179
1852,6824.3065579096055,6953.305954957938
1853,6830.71918780945,7111.302473711861
1854,6846.041543541485,7241.212364384429
1855,6852.304552178702,7123.148681241282
1856,6872.38833271406,6954.168282334798
1857,6875.731529885748,6956.200255321006
1858,6879.775025886698,7034.697122866321
1859,6917.157575591215,7167.834205693614
1860,6925.903970843934,6852.664127016902
1861,6936.786976575582,7066.795121431192
1862,6943.399968198747,7008.467025109991
1863,6967.223273318939,7049.409265589198
1864,6968.336354708377,7205.7185549108235
1865,6975.152822852788,7017.945116739281
1866,6979.115279484107,7385.625995555867
1867,6996.003167902303,7378.6278775709725
1868,7031.382014787518,6910.370732738993
1869,7034.405217796067,7232.965533564752
1870,7036.464404116539,6776.845668904962
1871,7062.436498970212,7066.419654863359
1872,7064.26801326602,7146.404200768155
1873,7069.292556668473,7021.065797292032
1874,7075.591626649813,7415.899479207763
1875,7107.842742536673,7075.281726624666
1876,7126.014496098107,7109.673661652154
1877,7149.826100329763,7396.892001227929
1878,7157.792379066975,7362.245524132709
1879,7173.067253450798,7275.406615264907
1880,7182.281250303793,6849.042575772029
1881,7183.993957348139,7132.947868210307
1882,7189.941496861072,7859.990802200789
1883,7193.227386288203,7536.122275016712
1884,7224.624704558613,7403.929166314747
1885,7242.601734818167,6496.17176288974
1886,7251.071899967817,7009.379676780867
1887,7261.681040398078,7165.477024711978
1888,7266.369150490224,7380.412711624116
1889,7280.543103230071,7436.18632935729
1890,7288.2704302833,7552.525043788633
1891,7338.455265747456,7436.03935290611
1892,7346.978964669754,7354.170000969696
1893,7346.978967058126,7481.088603058193
1894,7350.418189419774,7661.249283289495
1895,7373.00655270125,7449.185007624657
1896,7394.040622247975,7913.209575984749
1897,7403.726632437089,7234.237344493371
1898,7409.475281734325,7990.487230413664
1899,7412.724028058554,7294.934534781642
1900,7432.867030942239,7530.313515359356
1901,7433.960131323817,7682.028574819059
1902,7446.412014926945,7850.614825294971
1903,7448.225330842517,7729.818382946186
1904,7450.196320243021,7660.845793178563
1905,7462.661340570804,7182.89207039301
1906,7468.968726348188,7546.269296399148
1907,7482.288094833144,7534.760086317845
1908,7484.658466092509,7513.26881758256
1909,7497.64763000072,7044.540633475018
1910,7498.92264525892,7709.556386587268
1911,7525.018613160054,7513.218744297181
1912,7531.858922786821,7238.125843871577
1913,7554.321497746007,8105.462427600962
1914,7569.902129652996,7947.697930848835
1915,7571.122823042761,7009.864605732125
1916,7604.665440215355,7532.278857350552
1917,7638.002775973518,7125.285703878267
1918,7670.011477760207,7821.529477034397
1919,7677.078387265357,7775.652018087909
1920,7679.611111050292,7960.260959884741
1921,7681.270439108642,8124.26938456538
1922,7686.290844048203,7703.704961710318
1923,7699.728763379407,7574.642403837481
1924,7701.273459697128,7760.475494608359
1925,7703.238213552369,7847.6878260840185
1926,7717.835348659506,7818.662586735614
1927,7718.942173105462,7787.41040298283
1928,7729.461703959397,7497.945979555275
1929,7747.573513329428,8026.3198755719
1930,7759.598195842458,7847.948005732259
1931,7771.590086831555,7846.332305125386
1932,7772.278272238338,7726.378906883906
1933,7792.610821965173,7769.648000932165
1934,7806.278274127322,7990.776427868838
1935,7811.130851913896,8088.431387284909
1936,7813.219983109467,8090.586858848004
1937,7840.400541458675,7895.086766393971
1938,7862.845976661381,7829.532819866899
1939,7871.551938761183,7901.512011467092
1940,7875.2259658003795,8048.344546009295
1941,7875.227085113575,7340.871487258876
1942,7900.405766469509,8084.53673292368
1943,7901.698744574841,7892.521387317629
1944,7904.220049821114,7884.00237293833
1945,7904.463511087873,8052.220496680408
1946,7918.518042587336,7886.326481031889
1947,7920.513526399775,7958.862014996235
1948,7939.470386488835,7990.188069763261
1949,7941.096325750495,8439.419884949282
1950,8000.330416375595,8258.729840386895
1951,8011.15487249044,7676.564679746583
1952,8015.827636827778,8229.49754501895
1953,8027.16541890567,7539.473915154984
1954,8029.724575118023,7975.359638530456
1955,8035.909340244148,8178.49763723643
1956,8036.261530549579,8217.316948595713
1957,8046.099612041593,8049.352142490334
1958,8061.395385072608,8131.646920259316
1959,8069.640517334412,8357.977240927516
1960,8075.271536933428,7489.0739381462145
1961,8099.444069174986,8200.53685159912
1962,8101.803685881543,8447.655269423945
1963,8109.234512621251,8128.807687332119
1964,8114.692224804337,8291.912500438246
1965,8130.856875124671,8470.611478821755
1966,8138.884593641316,8485.92882935366
1967,8139.09866648527,8437.123397301295
1968,8171.020771864431,8175.779876038294
1969,8192.171231383236,8013.084396170072
1970,8193.110225168526,8026.631554147839
1971,8216.14797642798,8214.08763658549
1972,8225.221406907629,8220.0820352546
1973,8233.280595557899,8594.783411870625
1974,8238.589861150602,8370.152296481545
1975,8240.923673774307,8213.204162154363
1976,8242.33207113656,8289.460731943513
1977,8251.983607473994,8301.46502840171
1978,8260.63872708108,8427.052062567109
1979,8275.608111878622,8476.814326701397
1980,8275.608145428587,8596.295791575036
1981,8336.644712263409,7845.539042997667
1982,8346.726854953862,8519.140768297244
1983,8348.023702260301,8101.173885246553
1984,8362.371815117189,8314.54558127357
1985,8362.758832657248,8979.930082829896
1986,8367.978650345598,8437.471897341386
1987,8369.641387923186,8427.543532421045
1988,8391.29925415835,9093.132312229436
1989,8395.40887845152,8578.739108372156
1990,8395.860605283662,8544.869395962583
1991,8396.525844004862,8362.431817081522
1992,8407.270927632988,8050.744381872013
1993,8442.500715479759,8445.406092205092
1994,8480.584384588585,8945.737730765473
1995,8481.860958419118,8146.77930063868
1996,8483.433150741468,8052.697757867519
1997,8496.322849862134,8487.467500084038
1998,8504.803761544305,9026.760236156337
1999,8510.478448545467,8048.452258015635
2000,8523.12252388735,8660.759800806996
2001,8524.29494108156,8569.216841979507
2002,8531.943673433378,8963.759151468725
2003,8543.786705042306,8085.411266195084
2004,8558.291276042946,8824.066773927538
2005,8561.3293466233,8007.0044269146565
2006,8573.956915289331,8555.31209331471
2007,8602.741574275566,8233.97220524501
2008,8614.936403617976,8653.02569792968
2009,8621.594118083929,8315.84502868106
2010,8628.09220237582,8255.140655571573
2011,8638.964413613377,7955.207930686573
2012,8661.383415758677,8814.287529637715
2013,8666.838376225884,8951.412876878192
2014,8672.517033605913,8536.708660121525
2015,8676.016514278224,8755.116389456525
2016,8676.141994316618,8890.359826427226
2017,8694.145711530495,8300.236701111471
2018,8708.229018788723,8942.158526828453
2019,8709.520732255607,8592.290090198396
2020,8710.806308667497,8302.16796665517
2021,8724.260052939762,8936.135059529293
2022,8727.694285257652,8716.210823014764
2023,8738.578177682642,8579.779593409467
2024,8770.83207850811,8648.116825198302
2025,8804.957072840747,8258.424694718417
2026,8807.034512485752,8736.706312815588
2027,8807.0345296504,8613.24503269994
2028,8807.035606634576,8445.641338160602
2029,8840.447305875408,9186.579280391508
2030,8846.283137494602,8772.085853054528
2031,8872.720129337897,8939.479610598455
2032,8874.054486382549,8927.58066382392
2033,8890.879135511033,8874.751322305587
2034,8892.405135534165,8831.888602418847
2035,8894.261125960647,9099.864789455585
2036,8894.536600083522,8594.134280034972
2037,8895.324587255456,8780.557511826943
2038,8907.961593611428,8578.16875535809
2039,8914.454505552087,8783.869354675506
2040,8915.731177593261,8881.101821711374
2041,8933.94957258854,9138.91860648933
2042,8965.293129245094,9174.458704875526
2043,8970.952208132992,8620.439070517341
2044,8979.114691137445,9250.847368059556
2045,8991.529102124276,8976.257104047252
2046,8997.05803692457,8995.378930192779
2047,9007.594041441993,8937.010382397037
2048,9090.844283673938,9014.80957741939
2049,9098.649609068356,9049.295032850156
2050,9112.435497194088,8832.53676061547
2051,9120.940269314351,9113.995160997005
2052,9124.265872870958,8805.705452277503
2053,9136.052785191185,8872.536696416515
2054,9138.548273574355,9307.400722760178
2055,9143.50467999649,8875.543396274394
2056,9148.25554940873,9336.393354416063
2057,9159.838637315532,9003.733764764618
2058,9176.08085644917,9315.022733072268
2059,9177.462390742205,8830.707564695778
2060,9196.789512144253,9240.281387607998
2061,9199.86642517315,9212.078798280165
2062,9202.489719489537,8991.570640324968
2063,9208.157395613878,9198.63513285887
2064,9216.399857738164,9296.00438056608
2065,9219.959830530375,9301.584500069786
2066,9246.033099741591,8958.363332815237
2067,9257.78777013921,9575.037687893173
2068,9267.734472469698,8880.160240161558
2069,9293.030424791848,9072.272692960634
2070,9296.062338790583,8915.828361098023
2071,9312.511977502036,9645.071024121438
2072,9333.875742819966,9462.165012791838
2073,9336.136381588158,9814.693809665825
2074,9337.979612302892,8796.222886498736
2075,9347.122735187642,9254.971873162853
2076,9347.122867131333,9282.399763452588
2077,9356.842498602808,9522.27915672815
2078,9358.348936451765,9148.703766457753
2079,9360.415074760398,9416.886380665512
2080,9377.71884528544,9662.688014280657
2081,9380.465869060195,9557.5423619116
2082,9381.660513354833,9833.836951653704
2083,9381.660519348949,9637.051588410779
2084,9383.180414470828,9253.75923197529
2085,9406.187548711072,9404.531213187915
2086,9422.604353408731,9489.098647062392
2087,9422.776687500944,9029.535698896407
2088,9435.308952167054,9312.21483312386
2089,9436.68577959176,9489.486715627087
2090,9443.536249786055,9601.17310237796
2091,9462.418407739951,9516.433482030176
2092,9474.352263349523,9442.279137570611
2093,9475.237011012578,9163.391806427748
2094,9477.587769463677,9080.854402241597
2095,9480.43143257113,9893.867135515606
2096,9501.33895943952,10040.834331721842
2097,9525.333883869323,9412.300157047484
2098,9535.428110991072,9249.318037912766
2099,9535.428314000455,9813.956409186307
2100,9540.939941327491,9322.77122943468
2101,9544.06461528802,9909.184300427916
2102,9546.21213918958,9718.148160217695
2103,9559.630857268852,9597.251639930231
2104,9560.260051456607,9375.537855307406
2105,9561.049189784791,9513.24031526442
2106,9569.208349826851,9503.441143405198
2107,9580.517697704783,9738.62737667372
2108,9590.787284892029,9260.844775458436
2109,9593.52686014512,9193.660435738368
2110,9636.182454688167,9279.856524309387
2111,9649.297221432897,9473.119490414541
2112,9670.462757449155,9502.99201615271
2113,9700.89280184193,10694.190022232286
2114,9708.628279558952,9420.87586689271
2115,9714.946325916791,9766.349730067746
2116,9733.215681465734,9411.131426269676
2117,9748.33459816606,9474.867958863948
2118,9752.277504928412,9364.659024460681
2119,9754.560282471011,9538.040808044803
2120,9760.152102769598,10085.458478483275
2121,9764.90192631168,9733.920375999
2122,9784.641598563308,10342.971846326362
2123,9802.103007273276,10204.98350667438
2124,9808.5499080842,9867.231936523653
2125,9811.990250748257,9722.707660363798
2126,9826.260522033068,9810.260880381376
2127,9847.450009584934,9795.839174648692
2128,9857.620326853348,9925.095499280436
2129,9859.706515956286,9861.63596618514
2130,9868.401600710326,9936.711209959774
2131,9879.52864737865,10118.28208356022
2132,9898.936292965682,9570.320891348187
2133,9901.303569619333,9890.866871745211
2134,9905.3815204923,9818.33653059452
2135,9914.97167918415,10088.28726907454
2136,9933.795918663858,10135.857957588321
2137,9936.330023896158,10249.09997780916
2138,9942.325136251484,9645.544836008472
2139,9947.812588537736,9900.273851967157
2140,9949.702236647076,9954.06216002369
2141,9955.831432482666,10034.980753046804
2142,9957.359660045578,9784.664852146021
2143,9977.672683384377,10097.887178826757
2144,9982.219375570869,9990.629109659874
2145,9986.72042354902,9674.343856312105
2146,9986.720436044372,9536.215609391116
2147,10002.450162371242,9806.718839429182
2148,10008.066749711876,9694.005867324977
2149,10024.194367659811,9952.082744430487
2150,10024.917470871656,10145.736299741593
2151,10035.492381962447,9967.642537488928
2152,10054.504874887172,10015.876300401485
2153,10060.742106314454,10191.034682296546
2154,10069.59927897527,9927.640915214362
2155,10069.599282718367,10204.252952472327
2156,10086.158236042093,10580.188982215936
2157,10091.755041721824,9852.726618072862
2158,10099.789420776293,10190.290377436682
2159,10110.31102903518,9655.22345108906
2160,10110.311071296095,9692.014560085992
2161,10111.908979863763,10014.76285019884
2162,10112.127502686071,9861.84056289492
2163,10125.712621577131,10149.992470080566
2164,10127.134457169876,10349.577278445993
2165,10132.884599580098,9937.003760416676
2166,10140.489451234076,10065.805885701318
2167,10143.69604558682,9750.5476681088
2168,10155.775570754691,10443.922519599002
2169,10167.0688412442,10700.430282138166
2170,10171.97652857224,9842.751802678778
2171,10176.92690327885,9898.247364177923
2172,10187.162407134798,10333.258920292245
2173,10207.78642835528,10060.661742212747
2174,10215.017343235651,10708.310470279104
2175,10217.130530294387,10147.730432458677
2176,10218.729340953116,10343.837798797791
2177,10223.847422595032,10223.384464726949
2178,10225.03370079003,10409.333321579606
2179,10226.097356903316,10393.93151095221
2180,10226.097432560702,10296.86598100063
2181,10231.012262986109,10223.255443429674
2182,10244.381195294774,10658.243062742402
2183,10279.379295609162,8957.990664868235
2184,10302.521935344212,10789.720308764192
2185,10318.261007875151,10296.99893328892
2186,10318.582850634735,10603.453432736103
2187,10319.320048775791,10149.631116789566
2188,10321.376677786298,10475.571658279072
2189,10322.299952351395,9826.631105511902
2190,10326.46349070846,10660.667813046004
2191,10418.27695983747,10384.041832033821
2192,10418.89008725298,10334.915298293232
2193,10420.86786116758,10108.067260349688
2194,10423.659770262308,10085.435095659981
2195,10432.84288062731,10737.806817613622
2196,10433.514579162396,10061.500262056341
2197,10444.63859692612,9952.84037325564
2198,10449.537748012674,10049.355261215647
2199,10449.914539715488,10776.04093930648
2200,10463.502021179009,10098.61922111199
2201,10473.875422329467,9946.757397494763
2202,10490.308911735929,10783.585093768172
2203,10502.854615318169,10495.69825349029
2204,10511.686899274226,11061.749529292245
2205,10521.654403819395,10492.03812853668
2206,10524.719967006937,10347.974667112294
2207,10525.04650844685,10549.416284864168
2208,10543.762703782237,10535.211453091462
2209,10549.486343162169,10523.3813609984
2210,10557.14643378612,10538.55064215954
2211,10565.934678380769,10486.282464381458
2212,10576.096072023573,10124.33937723118
2213,10593.150200586482,10170.171563821019
2214,10595.099352337147,10372.223185784924
2215,10639.674083947371,10275.161382155047
2216,10650.030238441925,10535.483845595623
2217,10654.029837807817,10610.68005762954
2218,10655.046632609625,10973.536795240718
2219,10670.664036304352,10736.372529215781
2220,10671.447262247955,10677.299743981333
2221,10681.305239522891,10314.40956445252
2222,10709.597521303427,10243.40194524187
2223,10719.212271725815,10722.394052801765
2224,10723.355391208055,10729.609255435504
2225,10741.604459085174,10737.015743167207
2226,10772.710815925788,10807.888935225983
2227,10774.760094738562,10469.990202590494
2228,10785.581160865378,10821.600034508823
2229,10791.3214799307,10392.955644276577
2230,10800.959092260706,11511.375179395025
2231,10810.091895514804,11233.49795459418
2232,10810.623219313138,10748.536781328561
2233,10830.685283521838,10526.366582796622
2234,10830.685385606132,10757.10079232845
2235,10830.68554027572,10945.33679990367
2236,10858.98176956109,10951.339104775905
2237,10863.568427633669,10810.494278608368
2238,10882.302899028728,11299.22493814798
2239,10888.438406827096,10667.506414709887
2240,10888.923110121304,10405.997579080482
2241,10900.921874234427,10431.11348021835
2242,10910.143178025552,11171.43393376462
2243,10911.765024372378,10577.429470943784
2244,10918.016031438634,10815.687420826569
2245,10925.319004156028,11023.20789044534
2246,10939.281234526665,10503.395842348895
2247,10945.15649638992,10568.000653137284
2248,10960.16379820373,11031.114174424058
2249,10967.440083342604,10600.145212303303
2250,10982.869236560007,11091.517630116241
2251,10987.35239938412,11140.573674434747
2252,10990.819786046264,10947.380547740364
2253,10995.221145043692,11367.472641988168
2254,10997.095724049525,10707.007068518727
2255,11001.107225004624,11042.227307593908
2256,11008.615313255872,11071.586085338457
2257,11019.285725267411,11145.952982142231
2258,11036.110203724793,10928.879594430222
2259,11062.912228042158,11321.569319117452
2260,11069.620680200132,10646.077938647732
2261,11081.307513935884,10899.013269656278
2262,11089.402876100434,11365.819077365975
2263,11090.368927410838,11106.466028508807
2264,11093.112766921502,10781.41949955776
2265,11093.112887515244,10805.03380620834
2266,11104.101374006144,11047.461768191177
2267,11126.17461423368,10876.444686958335
2268,11154.405915147598,11083.89068088964
2269,11155.086906756516,10970.544622492815
2270,11166.415641779502,11421.120052055716
2271,11205.488651871692,11459.249790914384
2272,11211.099058779351,11075.33762044324
2273,11215.557626530106,11232.696035077432
2274,11228.200040907795,11584.899882238973
2275,11229.429111449856,10708.08970621479
2276,11237.017230656438,11477.082768919432
2277,11240.93322646379,11100.37864271342
2278,11245.004756276812,11067.607290388705
2279,11246.581914067356,11226.38154742943
2280,11264.19300535593,11313.292789269037
2281,11270.380610680671,11141.037074072441
2282,11295.139184613756,10774.131645350133
2283,11301.120927801556,10932.213150584095
2284,11310.276845787712,11229.20156503224
2285,11313.336616391627,11433.232338104177
2286,11327.074712265689,11397.826417256088
2287,11362.533981759165,11451.119308096217
2288,11363.76773305412,11125.982661347498
2289,11367.856658476234,11278.444698123754
2290,11367.856705366365,11431.686320791398
2291,11373.253768996725,11312.656282335052
2292,11376.89020001395,11229.505890390554
2293,11379.592953385303,11556.185295879379
2294,11391.94816220491,11415.250823577046
2295,11396.837498967943,11628.611165752773
2296,11404.486334036526,11182.577381178706
2297,11406.071559247524,11245.018713055217
2298,11406.077679296568,11307.587890884837
2299,11408.934197320075,11559.908787545
2300,11423.257105384377,11591.666264168834
2301,11425.128190683612,11712.52750957848
2302,11425.128212578113,11376.686180932997
2303,11432.381289072682,11742.47412516024
2304,11467.11469350659,11725.507420907756
2305,11473.664412999116,11442.04707626939
2306,11478.728031277034,11581.646317309494
2307,11481.45501289314,11379.342802988127
2308,11508.431089448994,11634.992142289728
2309,11514.293396787083,11445.016951080384
2310,11531.844647190508,11585.201331548107
2311,11538.707712925414,11463.529206009423
2312,11539.119761507343,11462.29202918997
2313,11546.848024154418,11591.108023617699
2314,11577.887770182491,11303.747107156783
2315,11593.130190545662,11297.298816046523
2316,11600.416627045968,11649.7874483551
2317,11602.24278120611,11974.237166276967
2318,11602.469518022015,11264.287017452927
2319,11606.094914732092,11424.001986555371
2320,11608.752448486191,11776.50793006033
2321,11616.983132794016,11184.78608972665
2322,11643.988894440772,11278.835741549381
2323,11643.988907322024,11399.879890234477
2324,11663.839667553522,11346.588879699924
2325,11663.839917792178,11686.26231941924
2326,11663.850487733607,11657.218657340252
2327,11669.440050005504,12199.80172901962
2328,11672.444333381434,11302.855076246737
2329,11695.271361498582,11723.257612709252
2330,11695.698641474828,12015.352804009317
2331,11717.103180925476,11888.571574543801
2332,11718.99627258815,11330.455367802188
2333,11736.891714253492,11613.003918454811
2334,11739.127406222722,11856.594999283709
2335,11740.129455335078,12107.878111495624
2336,11758.071521377256,12084.198787221187
2337,11761.862142159576,11903.264705282583
2338,11765.360864554892,12311.302834499229
2339,11766.278100841217,11383.68869136185
2340,11776.668400839695,11964.553707725414
2341,11789.611489534092,11990.979751091787
2342,11790.062433352376,11940.818530807124
2343,11793.504443682838,12225.493100534506
2344,11794.752571088538,11629.154558220773
2345,11813.17996601729,12107.374329121505
2346,11823.871508407476,11541.123341519664
2347,11836.79070026552,11688.88645428492
2348,11851.708159644582,11523.87029281939
2349,11852.997433457906,11810.736123976088
2350,11871.18255149746,11760.78972157162
2351,11898.261048696171,11742.015120043476
2352,11900.595199632273,12118.303040682538
2353,11913.417285559584,11790.542722291082
2354,11922.448701317084,11643.032443155882
2355,11923.049830406531,11382.61560512331
2356,11938.93282511847,11786.207873003643
2357,11959.613802072488,11809.919603412916
2358,11968.139135227517,11302.482677650392
2359,12002.557860941944,11998.440188200448
2360,12014.11727918193,12227.763282958362
2361,12036.510227263889,12111.15306364975
2362,12041.764445477884,11960.964829796349
2363,12047.8119107966,11994.934739365248
2364,12066.944847314177,11916.927478377826
2365,12092.384060629596,11928.501796872935
2366,12113.030773414936,11807.392453057035
2367,12119.293298211232,12154.396025131979
2368,12119.293315311215,12437.359292462703
2369,12128.33995370331,12444.134259744054
2370,12134.514367451417,12568.884854797292
2371,12136.668226329808,12531.664530830036
2372,12136.668226507829,12564.325950252294
2373,12141.833606293814,12519.301062875076
2374,12151.57214236804,12508.863647978435
2375,12154.674847359838,12191.16639992701
2376,12161.840089908956,12291.537027605447
2377,12181.06339825498,11741.430418535967
2378,12188.05289791817,12271.6319861644
2379,12200.29943036832,12164.216293728421
2380,12207.885521483591,12302.687708899211
2381,12224.51782396292,12369.744905901818
2382,12229.799292307602,12380.62753687618
2383,12233.340087945977,12282.920179637886
2384,12263.645088843456,12283.020909078126
2385,12289.275310826484,12476.07770390766
2386,12291.764859399223,12590.454309403302
2387,12291.764859884202,12677.78902677612
2388,12298.27203912596,12683.802278482057
2389,12313.29216700164,11997.01119574869
2390,12315.063593328405,12630.774438353985
2391,12322.429349665215,12460.670229224763
2392,12325.760140304388,12176.234563265138
2393,12325.760140304388,12170.242791980198
2394,12325.760180480209,12147.098312143573
2395,12336.263698830193,12387.152678080576
2396,12344.57098427794,12324.220729171271
2397,12353.482906283223,12394.344751381614
2398,12357.516192840609,12240.666254715568
2399,12364.788992031892,12531.111708114031
2400,12383.762125763797,12450.799363734897
2401,12393.590287101675,12373.892844555492
2402,12410.429700182412,12335.939214822558
2403,12440.449604988758,12557.550115178748
2404,12440.795677364184,12885.938314817531
2405,12444.399745607623,12287.24160946602
2406,12452.69434311971,12189.88128961004
2407,12470.607922131509,12459.15466651524
2408,12477.061683117872,12390.242215830764
2409,12477.079541313977,12675.616799118621
2410,12480.893557000534,12295.699683494206
2411,12484.74019128818,12879.50896983842
2412,12486.268033644725,12277.15106077448
2413,12508.02682981347,12946.399905131808
2414,12511.40016896525,12938.006192836681
2415,12514.448177591052,12717.46581425813
2416,12551.945341600109,12528.237376021794
2417,12570.21982749598,12488.73412295141
2418,12573.339409473185,12922.520478396229
2419,12591.952217129085,12750.389788463292
2420,12615.532709648724,12344.860307678573
2421,12620.505901817723,12309.913886770637
2422,12649.92742786511,12456.984214822589
2423,12657.709180714632,12935.869404839641
2424,12691.89013591822,12339.170597887469
2425,12691.890141366352,12375.101093268784
2426,12691.890167290938,12797.588877227838
2427,12694.437971761688,12425.245316048635
2428,12705.609212209043,12672.068816837267
2429,12714.91799849194,12954.768116368721
2430,12715.267153644474,12976.20480151339
2431,12720.070737041333,13196.645141925075
2432,12728.290257230585,12575.343945181741
2433,12733.863386956556,12483.828859801284
2434,12735.275610276436,12795.83138008216
2435,12738.19784459562,12469.403576300558
2436,12746.673811167686,12797.648579181634
2437,12750.589822609569,13024.604323965976
2438,12761.310160383757,13072.732379156254
2439,12780.55501164374,13257.712467688376
2440,12781.051374046609,13211.623706000932
2441,12791.750937908697,13230.349147896393
2442,12799.861237716106,13086.103366142217
2443,12825.082793393223,12567.667256503813
2444,12847.738870481204,13243.147543352106
2445,12849.531587922644,12848.753289051978
2446,12885.93173373557,12928.008592100874
2447,12903.971766941466,12811.715068112684
2448,12913.982424128364,12986.569858501487
2449,12914.154048361092,12986.934559932733
2450,12914.606163319351,13104.547571846993
2451,12915.039780734896,12664.90307894647
2452,12922.946277109331,13128.35343095681
2453,12923.738548574454,13173.78059393128
2454,12926.561376331018,13065.24542753343
2455,12938.03464064244,12679.74296236825
2456,12943.210982965333,13067.477786233065
2457,12943.999117755277,12240.853124291214
2458,12948.945156183445,12943.017836561236
2459,12959.373188542291,12585.30123735357
2460,12964.687147450555,12897.22692447288
2461,12964.68717154168,12750.41011001777
2462,13011.356936023472,12784.907577804712
2463,13014.167269445265,13309.398984302794
2464,13014.167275507578,13043.77557458625
2465,13024.905080490258,13124.74319055059
2466,13039.794748777687,13136.22593224052
2467,13040.92064858125,13161.684276216945
2468,13046.96662310575,13125.899292592185
2469,13056.876277851909,13165.671884209558
2470,13056.876309949335,12918.094900477641
2471,13058.967032637813,13067.556298751011
2472,13065.377852157731,13229.872577642816
2473,13065.382561455948,13600.329649750485
2474,13068.582186656737,12772.641489529498
2475,13068.82988054136,13233.975818558354
2476,13080.19785001951,12744.174029576076
2477,13086.141661021891,13187.401409773096
2478,13092.971609642464,13671.091267255377
2479,13092.971609642464,13743.355536857529
2480,13092.971610238948,13437.900480324837
2481,13092.971620226268,13559.5329339609
2482,13117.02364836349,13103.574312231298
2483,13179.760160790838,13040.347370375881
2484,13179.760160790838,13203.325712469601
2485,13180.114668587694,13352.444841697123
2486,13185.314645030046,13281.159884887546
2487,13187.63647782644,13079.086511790547
2488,13187.948921648587,13055.053558131587
2489,13218.569781943828,13356.262838816323
2490,13247.948232754175,13218.738431730018
2491,13268.72937612965,13466.73163018052
2492,13298.823584957456,12596.788358712887
2493,13320.070528135651,13154.00274405326
2494,13360.471138372566,13447.231747294469
2495,13402.351822518154,13249.488481803823
2496,13418.857536607738,13640.30260131999
2497,13438.503400521618,13594.780992877671
2498,13448.059319672922,13483.858792739504
2499,13460.049277091352,13695.01115299769
2500,13476.98591449681,12884.661667572203
2501,13476.985923189117,12871.248093305281
2502,13506.02225252535,13840.305338515349
2503,13508.807391834518,13374.529495741284
2504,13514.162601097289,13461.32902145543
2505,13542.43074738908,13392.70763429913
2506,13562.903644899725,13602.859030602203
2507,13566.50966304745,13807.726900901487
2508,13568.54911581596,13686.016416112712
2509,13594.26542870054,13415.14570426172
2510,13611.45938108652,13809.490346711102
2511,13650.514976170696,13962.633315255387
2512,13665.46179024899,13875.248919281776
2513,13670.77848217523,13447.210678263093
2514,13673.078543596324,13786.186788361492
2515,13694.499402043377,13896.947185553323
2516,13695.41677117888,13586.58156562412
2517,13717.139021284223,13337.112955269688
2518,13717.13905027452,13887.581782584593
2519,13754.635835444617,13701.060231953605
2520,13759.153716466128,13551.658380800172
2521,13761.975058702068,13897.689570182125
2522,13823.265898479964,14041.355607337702
2523,13827.11998355926,14095.234862699292
2524,13842.489584705683,13967.33405120844
2525,13861.111025494609,13934.169965947105
2526,13870.233449813464,13994.461835874168
2527,13873.302702748852,13930.793295971598
2528,13876.855549220523,14173.716622483777
2529,13898.53498231019,13845.782495900972
2530,13919.322500397922,14238.071963128701
2531,13924.743378518007,13793.236347924772
2532,13937.527186882491,14016.587124860305
2533,13947.232718384535,14196.651604754015
2534,13956.292865988828,14245.070381807462
2535,13958.970145758987,13963.092934759168
2536,13984.005897798444,13959.929929793709
2537,14034.110352224763,14079.8152604498
2538,14041.163181857595,13978.818967852956
2539,14051.18966546329,13361.130895407017
2540,14059.1137790873,14078.42439449532
2541,14063.848838518636,14154.805776203135
2542,14067.785986572731,14178.812794336909
2543,14073.99857245878,14102.778287664916
2544,14075.273867635124,14344.908116672425
2545,14078.727530967091,13958.761397054825
2546,14081.88732873613,14352.793665323998
2547,14100.74693312534,14058.110763755549
2548,14104.751819685674,14369.642636392537
2549,14136.285788712348,13938.822974497003
2550,14159.107164454488,14270.288864649892
2551,14189.111767293043,13954.737340453807
2552,14204.739530460303,14500.957222205721
2553,14207.226470645825,14328.348839790327
2554,14236.132643365943,14042.709469114709
2555,14239.201183164729,13381.72672033408
2556,14263.497448303928,14026.37494140092
2557,14265.910880037063,14017.171115087212
2558,14272.585674839276,14323.860952473991
2559,14276.688809730342,14093.515282294635
2560,14306.768449852265,14221.851144235194
2561,14312.318543979609,14136.226020172333
2562,14322.672775573485,14129.997920362877
2563,14322.672778052392,14138.294811936235
2564,14339.937129869748,14566.372416694352
2565,14389.077733169475,14448.122329535388
2566,14397.371620974069,14481.721044097309
2567,14397.763883617385,14412.617456767906
2568,14405.022001798425,14531.792458453188
2569,14421.192827690216,14426.050337816689
2570,14446.21721718987,14415.194954627379
2571,14446.217233820302,14223.05807770671
2572,14460.100307730305,14590.993427881514
2573,14482.461075232968,14229.648919884525
2574,14493.137437954982,14898.23028514538
2575,14493.137446331297,14925.926068441835
2576,14524.71770765131,14548.06898473155
2577,14537.705350018286,14520.329883795506
2578,14566.684935210658,14805.63309699654
2579,14586.78591753922,14462.288962994955
2580,14595.864348220157,14373.22570521464
2581,14636.879791564525,14487.074608883542
2582,14677.526533365206,15011.542004384062
2583,14691.956624546678,14609.564466380043
2584,14706.16747216188,14681.815367130266
2585,14706.16747216188,14799.408004041192
2586,14765.2073866573,15235.977008693168
2587,14803.35882190905,15128.58157561943
2588,14854.775610290842,14814.540860922525
2589,14870.639002523742,14894.654514164225
2590,14878.254288447017,14721.821598095577
2591,14990.286747385786,14790.689714264341
2592,14990.286781784764,15033.352597154651
2593,14999.549109606183,14913.948481679992
2594,15044.586653148366,15073.57187168789
2595,15055.242668024044,15363.09671257615
2596,15087.826547960596,15700.609593616795
2597,15102.429652377788,14946.989588533905
2598,15102.830413548154,15026.132450358182
2599,15116.042863348906,15396.31614689022
2600,15147.737054520723,15302.351874019381
2601,15195.698933462829,15259.06852202869
2602,15209.460332153329,15217.88226651442
2603,15217.94585846485,15192.634454966495
2604,15218.873097519216,14936.85045446205
2605,15232.603426550517,15383.223257310905
2606,15241.830554250548,15805.805923053676
2607,15255.368995888904,15853.447470916219
2608,15273.442745682269,15283.30027066323
2609,15285.04378238049,14937.62403616784
2610,15299.548763162316,14995.945696444438
2611,15306.557659151877,15406.128858511005
2612,15308.274825175176,15502.62421553457
2613,15331.370389055057,15274.155483704644
2614,15336.662820299924,15039.926234780329
2615,15359.57892503894,15515.68112259901
2616,15389.340674232622,15226.864096126423
2617,15393.227373589782,15356.236384761365
2618,15403.121840888572,15274.027379355686
2619,15423.3643719756,16028.326109970467
2620,15433.032844021844,15581.07889374306
2621,15442.232906590669,15418.096738390437
2622,15447.207747419385,15352.4062524558
2623,15517.840298325786,15427.904815766899
2624,15542.053569692936,16155.704108734686
2625,15650.115945398382,15662.84470275189
2626,15650.1159528527,15724.17166927022
2627,15654.840109887198,15521.184653706185
2628,15656.42517327757,15655.198892447639
2629,15671.23808718342,15633.769916019619
2630,15676.39149859396,15506.365476821133
2631,15677.393186149417,16027.082157647621
2632,15689.286640260012,15581.180485228606
2633,15742.767269223932,15668.537011709328
2634,15842.992027602952,15793.839736246044
2635,15842.992027602952,15814.8178212138
2636,15856.249734001773,15430.039337721915
2637,15937.526485013872,16067.794735830184
2638,15996.00760086771,15804.451572897955
2639,16067.612596177874,16060.940350326631
2640,16073.430753024684,15874.172356736954
2641,16103.37793520665,16011.32165771993
2642,16265.874339381822,16016.422920624917
2643,16451.200742313013,16865.505925882553
2644,16465.162773035485,16677.46790138264
2645,16532.422570155617,16353.118306732325
2646,16539.119693834313,16520.05192429827
2647,16553.2792939249,16375.284438977209
2648,16560.232304449804,16436.302658238106
2649,16587.402509519507,16338.241563035894
2650,16747.85061014521,16484.502550520723
2651,16914.63297796398,16508.884385363854
2652,17021.5139905816,16885.920127770703
2653,17258.952302453334,17608.939969429965
2654,17387.676883707372,17537.38013793168
2655,17453.126922497315,17364.85519314336
2656,17656.861368943974,17375.84262072886
2657,17847.61138558999,17838.316424630164
2658,17960.954291613903,18020.5464602503
2659,18553.916258221725,18254.46705253613
2660,18823.20514725821,18576.458552515018
2661,19042.61185683513,18628.904324213578
2662,19130.148922889904,19324.130898315998
