,test,predict
0,0.6649351904181919,0.6439898704026024
1,0.6660374552043196,63.01390977509688
2,0.666963782454263,3.0519162662374217
3,0.6678129464682288,2.79836558000836
4,0.6679254816561432,1.6860781655946897
5,0.6691998875545042,1.518333874798578
6,0.6703794065783871,1.2039352930365688
7,0.6706272490997259,0.772499846181536
8,0.6707451973467263,1.5403334141716298
9,0.6708728494824838,2.1580828498908455
10,0.6710105338699117,2.0112907744553126
11,0.6713490185319524,1.7428683342857099
12,0.671542361581859,2.0406973650339175
13,0.6715480965334779,1.5863212908742934
14,0.6716484384157371,1.5551042152837706
15,0.6716862667413166,1.4013139158888261
16,0.6717774714839666,1.7071312821697968
17,0.6722324092954601,1.4273406597414344
18,0.6723022873105136,1.3494402826988348
19,0.6724188064797,2.10694908178505
20,0.6729202107716067,1.1014428898137492
21,0.6729652100026918,0.16533827227175002
22,0.6730307358009273,0.5435305682406295
23,0.6731555792957931,0.17416572067265068
24,0.6737000608534517,1.5350381405605131
25,0.6737000608534517,1.5908029991789787
26,0.6741323479886921,1.8044987757002882
27,0.6741594848260988,2.466177630042115
28,0.6741667920608417,0.703692740238097
29,0.6744135500879673,2.374330941393075
30,0.674512106584897,1.7926755791422182
31,0.6746809876420841,0.9554784685209214
32,0.6747110404388286,2.974190913472616
33,0.6747981683275008,0.37333707887505885
34,0.6748124987381425,0.7450314732271965
35,0.6748149919122426,1.8614378636951705
36,0.6751701588197067,2.5917513437639417
37,0.6752069445036953,1.2020376149974163
38,0.6752620093822858,2.8525925574923625
39,0.675584925152895,1.970116075873821
40,0.6756195495806511,0.5125858967303953
41,0.6758002282907445,1.981869943038571
42,0.6758814009727803,0.9032088165903394
43,0.6760642943660418,3.124721759763592
44,0.676648897555785,0.7298783361943029
45,0.6768311093859081,138.44019442331398
46,0.6768766772148823,0.526542332892662
47,0.6769191957575551,2.4170413007579237
48,0.6770889508757291,1.2111000045583111
49,0.6771179402986328,1.4715569341532337
50,0.6772900164136346,1.2498897442208525
51,0.6776865918874119,1.2134913918040664
52,0.6778830596779393,79.36416289454021
53,0.6781315371445858,0.44185582081797004
54,0.678156433467168,1.11084671217279
55,0.6782564505780443,0.2940579512197884
56,0.678305376093283,2.2278258785940115
57,0.6786602955379448,0.5903988551640964
58,0.6787439080880808,1.9258009077866847
59,0.6787939212656137,1.4788359292272832
60,0.6789348363385668,1.4306002072527324
61,0.6791776146973472,0.8102228305158441
62,0.6792344068944409,0.8118172232465855
63,0.6794779469070129,0.8731419642823575
64,0.6796836843655362,0.4289117064250483
65,0.679796739949319,0.14880809266004325
66,0.6798317406899881,0.2448682389140887
67,0.6798774054072072,0.5893935166846704
68,0.6800335505231196,1.1801298556871154
69,0.6801385928026379,1.0915288994255765
70,0.6801756100808897,0.9983808477032601
71,0.6802060030392155,3.2771549536996165
72,0.6802106419699179,2.8474906349144415
73,0.6802111678509613,2.338667710486876
74,0.6802950329918427,0.6056900177566273
75,0.6803053202455908,0.4694005329368439
76,0.680480513606268,0.8493861879791511
77,0.6805076071547383,0.559690601040478
78,0.6805407736686134,0.16952863663688966
79,0.68054182354944,0.5704982662055119
80,0.6806415014337566,1.9517247237294848
81,0.6807081387720926,0.7084810009129996
82,0.680711029199479,3.488441289592223
83,0.6807219122567794,0.6270532290717674
84,0.680827800729726,0.9089909629825812
85,0.6808364360292999,0.7156786747628188
86,0.6808837495397828,0.5942761856400518
87,0.6809081972553583,0.7526691739113696
88,0.6809860802292983,0.5183396489763464
89,0.6810520882311335,0.6874256268258332
90,0.6810745405544252,0.4792518472484102
91,0.6811031972937539,1.1215817346272967
92,0.681108686043438,0.8878093605030095
93,0.681175197318222,0.19084232465245876
94,0.6811981765579854,0.37654571380058144
95,0.6812173376332333,0.8600360836589034
96,0.681229621452515,0.8646701765090015
97,0.6812735096951681,3.1995859783268945
98,0.6812802506616908,0.20079952295087777
99,0.6812807280998591,1.2271095647492127
100,0.6814225799241214,70.83299325110163
101,0.6814240274208389,0.5951635710940324
102,0.6814351329661045,0.7012786054693985
103,0.6814352650833253,0.6051814755850184
104,0.6814661328299947,0.9996969354914469
105,0.6814901791764398,0.9006328903088923
106,0.6815004664944451,0.38268752224872415
107,0.6815087530973052,0.753022111132905
108,0.6815281714903048,0.24138229018232682
109,0.6815530795304554,0.9872682485539783
110,0.6815993210273347,1.7528152892733164
111,0.6816669947102472,2.045309459953096
112,0.6817003343225385,0.1260757913540288
113,0.6817717023552916,0.7323100740464235
114,0.6818300209011258,0.6849732043645578
115,0.6818344525928102,0.7010691927771011
116,0.6819038471034077,0.7236050827952245
117,0.6819083248979191,0.8994877786252418
118,0.6819921561759295,3.0245824488660213
119,0.6820354280974491,0.09474585625424903
120,0.682040530409949,1.4039627224761555
121,0.6820529083849294,4.471191776547069
122,0.6820612406401011,0.8521591115954643
123,0.6820746999572616,0.6446905779873153
124,0.6820852985899197,0.5655441920538002
125,0.6821001449658153,0.7738216617109694
126,0.6821078253786466,0.8426748794062819
127,0.6821606961863332,0.7414899341408467
128,0.6822498890793223,0.14805518815190344
129,0.6822774848718315,1.4491941529804928
130,0.6822951400349864,0.8427718414812087
131,0.6822988726113799,0.622029335867379
132,0.6823168301792573,0.38783817789833286
133,0.6823444377545805,0.8863902190102
134,0.6824031624059638,0.5788010764423834
135,0.6824031624059638,0.47786401684346047
136,0.6824032002852853,0.592672836743448
137,0.6824303400827986,1.864305561473866
138,0.6824500094234676,0.741357449088099
139,0.6824585082211851,0.9534083461327654
140,0.682480028811617,0.7461238265472512
141,0.6824815898624583,1.2689318335117892
142,0.6824817692852876,0.7219694385728714
143,0.6825575074914547,1.6596803963986413
144,0.682558418325842,0.6899566206180239
145,0.6825990052459873,0.7591194029818586
146,0.6826488558190671,0.19844815607094257
147,0.6826804627550094,1.102730906268363
148,0.6827060635771065,19.358673052844253
149,0.6827729424946511,0.34938401721978385
150,0.682773416212711,0.5639694778896996
151,0.68277342572933,0.34866917848376633
152,0.6827918953817762,0.7005614640509827
153,0.6828097160954226,0.49277778027470154
154,0.6828447537638169,2.481652120898961
155,0.6828713696276235,0.9798829006014032
156,0.6828747357785476,1.3258759854325226
157,0.6829540548887496,1.2451840829253469
158,0.6829966034393281,0.864980405264907
159,0.6831004661259068,0.2718367470257891
160,0.6831031625062484,0.8119647469765592
161,0.6831067505457173,0.2202940530422829
162,0.6831086985660116,0.7088154777046036
163,0.6831118378922614,0.7742871005639826
164,0.6831752923454235,0.058862756981393316
165,0.6832026421864306,1.33460032143931
166,0.6832207339985099,0.535452631619444
167,0.6832207600216533,0.5723477452436635
168,0.683239026829734,0.4916788211178832
169,0.6833078798549043,0.8550712402451741
170,0.6833617345107358,0.6600981689041416
171,0.6833626065315205,0.8091463319874992
172,0.6833627837405882,0.8488458589419403
173,0.6833627959700881,0.8465250376964115
174,0.6834669725441826,0.8016850171614904
175,0.6834670318256665,0.9301723837458262
176,0.6836201924304516,0.7748271028825784
177,0.6836993175203144,0.36572950260079007
178,0.6837531868307516,0.603072774235748
179,0.6837667566944847,0.9518075612714194
180,0.6838069229384612,32.52821570713198
181,0.6838405039398618,0.8104890208561919
182,0.6838765257719466,1.7269639981793778
183,0.6838927949813507,2.2455820416856045
184,0.6839554014916194,0.4883529188283068
185,0.6839824835873731,1.4936349025193618
186,0.6840090013118674,1.5231373242917392
187,0.6840228671760469,0.7384777322302947
188,0.6841049552377115,2.5899397642230326
189,0.6841067042035355,1.2287679191886904
190,0.6841150030550999,0.4519927021510448
191,0.6841732360432764,0.31159438654550176
192,0.6841878801732068,0.8900577611144975
193,0.6841916504629703,0.7372959122359206
194,0.6842049271261867,0.5197177879377554
195,0.6842487659424025,0.6275468245331048
196,0.6842592548123172,0.7162077466820302
197,0.6842609385810582,0.8496885784237782
198,0.6842845690251064,5.191421485571809
199,0.6843558700990369,0.6442683509168126
200,0.6844003637425681,0.3177434396036437
201,0.6844064624867575,2.092766687099437
202,0.6844185224837702,-0.08332104650426037
203,0.6844204868922794,0.48053555956929705
204,0.6844206550960922,0.9488184882723616
205,0.6844286040063524,0.7971505898350071
206,0.6844372702131454,0.4302293055883901
207,0.6844464713819493,0.4198424852200434
208,0.684554790345279,1.3999771844737223
209,0.6845752256949607,0.7930210181258901
210,0.6845769506058693,0.7104357260241134
211,0.6846310985817468,0.49963753341691064
212,0.6846497311070388,0.7175203550327383
213,0.6846746452874866,0.5927932142265364
214,0.6847339048451881,0.8664476824376466
215,0.6847370009512042,0.9184734257722627
216,0.6847472547996388,0.6676952695741276
217,0.6848021239700175,0.8967779157941651
218,0.6848775728055859,0.8584825012663795
219,0.6848870574530606,0.7191612293049492
220,0.6848870979103638,0.6683968487563894
221,0.6848880968878875,0.9303316413163556
222,0.6848917593416777,1.3714819463513455
223,0.6849572145948137,0.7208873585549236
224,0.6850056477428123,0.5204484937592484
225,0.6850142499650347,0.5063863073466365
226,0.6850142565332298,0.5483518838325728
227,0.6850156038679304,0.40341218522410915
228,0.6850166264704435,0.9526446964168169
229,0.6850189471907955,0.7212723971087196
230,0.6850295311284279,0.9129858314923895
231,0.6850669036929093,0.24283890429509902
232,0.6850735241888988,0.6182132858483924
233,0.6850738013680424,0.19234696533347628
234,0.6851472494787807,0.18873633686160574
235,0.6852007091292376,0.44613171409823194
236,0.6852367083775842,0.5941458558158295
237,0.6853381247052048,0.9016756016992082
238,0.6853493462430635,0.5402543244617126
239,0.6853874567254203,0.5230046502837549
240,0.6854134580150683,1.1097758985218515
241,0.6854491247712191,0.8979239430108901
242,0.6854504501922812,0.21826354799771785
243,0.6855209020615374,1.2007314536496037
244,0.6855729584352468,0.6037107952027254
245,0.6855911874837891,0.6772784382743431
246,0.6855917967771429,0.699763527800839
247,0.6856739539480586,0.7277476048857703
248,0.6856996048204343,1.2361408026820182
249,0.6857207102918812,0.716330251845505
250,0.685730624673901,0.7685680351581936
251,0.6857306475947447,0.9181744618661922
252,0.6857307748910706,1.4761280619975148
253,0.6857312535826472,0.24300812629737145
254,0.6857480876346808,0.9980794986741908
255,0.6857670506906466,0.009645925456483406
256,0.685800205362404,1.9693138348904884
257,0.6858012528548566,0.7341456238625379
258,0.6858068033108199,0.921202800882462
259,0.6858104565856974,0.801273490823049
260,0.685879831722281,0.6219663316487087
261,0.685881447580337,0.6742259122502272
262,0.6858820513895932,0.33801213733701585
263,0.6858968807724636,0.5452133087216919
264,0.6859248261391786,0.8084080234650084
265,0.6859272410757005,0.6254808129909948
266,0.6859344689004231,0.2944762390257588
267,0.6859457198257537,0.22969195414787724
268,0.685952420114256,0.8670113717842862
269,0.6859642529640598,0.7015951814385073
270,0.6859650179128851,0.49065322720496807
271,0.6859657581689393,1.187421266492485
272,0.6859812277316906,0.5632831680751217
273,0.6859978730182628,0.6988516657567261
274,0.6860078466028479,0.7599703426136926
275,0.6860143205886686,1.7001720493213575
276,0.6860203899825128,0.5254139539544105
277,0.6860437610913328,0.5461700164590273
278,0.6860476594676894,0.3925212540598835
279,0.6860775496228878,0.7346866091650996
280,0.6861040110382308,1.0621220419181963
281,0.686138632156819,1.493107797530814
282,0.6861465362456273,0.4026695689664491
283,0.6861498630401879,1.4004770819150423
284,0.6861893418173928,3.0945733572939598
285,0.6861910421521746,0.49133026608879626
286,0.6862653749535863,0.3426861157668273
287,0.6862873273131289,0.7238654478276605
288,0.6862883988424504,0.2920561512543203
289,0.6862900294113958,0.9828489176500308
290,0.6862901114437133,0.974052909094941
291,0.6862901169241372,0.770525068008949
292,0.6862901783319015,0.4230728496934679
293,0.6863287632452524,0.8843119960516035
294,0.6863379873182804,0.2124034178088775
295,0.6863610533470541,0.06554265950096161
296,0.6863717060025323,1.4642898949258059
297,0.6863980888834852,0.22640531301279043
298,0.6864028043529093,0.7536806978869357
299,0.686421564127599,0.6122574167803005
300,0.686423978384334,-1.4912855828751685
301,0.6864325000562301,0.3358656634974616
302,0.686452481256086,0.6870610473297785
303,0.6864792697047313,0.7823427174873416
304,0.6865003873350894,1.4338089367898486
305,0.6865980086634262,0.4838318306828544
306,0.6866723311302273,0.9187853316917334
307,0.6866786333542857,0.5634514783053423
308,0.6866844612393572,0.9035652666407021
309,0.6867074002911855,1.0645163891684135
310,0.6867295524863758,0.6893537473632181
311,0.6867637288481785,0.8327103148654902
312,0.6867637953199378,0.7177083461300724
313,0.6867637953199378,0.7552737952811774
314,0.6867708229993312,1.1629980775647912
315,0.6867753518172814,0.41545376930895395
316,0.6867807582739436,0.7786202096450774
317,0.6867826851001272,0.7780124472654601
318,0.6867840768875353,0.7153048327976166
319,0.6867840768875353,0.7549878896322852
320,0.6868057678756514,0.3978201414989272
321,0.6868416087282253,0.7945773626023367
322,0.6868425968878371,1.066906047799796
323,0.6868425992644739,1.0351252697000022
324,0.6868460668448177,0.9051389654191457
325,0.6868468859991194,0.721505177080525
326,0.686863307042189,0.8689621050612468
327,0.6868786141341445,1.0638284410155199
328,0.6868996438317047,0.6435548341873112
329,0.6869047604050305,0.8661565130718767
330,0.6869057842415307,0.8534595629935235
331,0.6869679600722279,1.152397863982659
332,0.6869815098356534,0.8481913267944221
333,0.6870155859149623,0.6267095325388343
334,0.6870156140514894,0.49562121061691944
335,0.6870305461857967,0.717990027184412
336,0.6870553100442354,0.7983422925977142
337,0.68706281419042,0.7416569026037878
338,0.6870639374650908,0.3529509894187238
339,0.6870650783362051,0.38989991716987404
340,0.6870651932959017,0.6691928198526826
341,0.6870745861723655,1.0588589529563783
342,0.6870750845679043,1.137697446646926
343,0.6870894159203442,0.4992470829834399
344,0.6870950227184855,0.7985154205175105
345,0.687112092966448,-4.377011939623286
346,0.6871322926930901,0.00992502421341207
347,0.6871323530095882,0.6873433902537951
348,0.6871725351409781,0.4395146692557448
349,0.6871725998286582,0.5418573460503614
350,0.6871766897917453,0.1709009278631365
351,0.6872009654753177,0.7265184574317003
352,0.687251508810795,1.1686023676576973
353,0.6872594591605236,0.6004628621415775
354,0.6872833623105342,2.14271531492079
355,0.6873279618335755,0.6524545725876381
356,0.6873315412381475,1.1682756153849132
357,0.6873405357997466,0.6055181178778029
358,0.6873460596449872,0.8197609077963599
359,0.6873635875178836,0.3895690500070923
360,0.6873852783615593,0.564593109589193
361,0.6874006633793253,0.8168791455730648
362,0.687436687111846,1.6626725259697537
363,0.6874541844048252,0.6909921873845275
364,0.6874542571462782,0.8098955215582773
365,0.6875749606370313,0.7736881242009102
366,0.6875765665737306,0.6760305125685322
367,0.6876091189008361,0.7591432645166447
368,0.6876849588942474,0.8757461777132394
369,0.6877258289693015,0.5530329503888476
370,0.6877414039023386,0.45406382856296323
371,0.6877830612044274,1.1748111329791593
372,0.6877892616491765,0.5976143585636586
373,0.687807959775911,0.22309349547678026
374,0.6878241221594682,0.3375500852384823
375,0.6878559595029172,1.4498265614269443
376,0.6878564795837401,0.58093716373196
377,0.6878671241815628,0.7106526809650515
378,0.6879184291905394,0.4844622426852653
379,0.687918577183119,0.13065948483837908
380,0.6879430498921701,0.7158164322881722
381,0.6879434462270295,0.08900350020254044
382,0.6879435857287669,0.6164768580663429
383,0.6879437976948575,1.0507976044389957
384,0.6879482753092123,0.7537092930199611
385,0.6879713367638243,0.3736345041606327
386,0.6879907942157218,1.9609353621717376
387,0.6880115741395951,1.0339800104413928
388,0.6880140654163203,0.8160090359239336
389,0.6880479172100159,0.6475289944053793
390,0.688081745101407,1.7918747915523863
391,0.6881092728695833,0.7999129435772863
392,0.6882282122317924,0.5966061983937017
393,0.6882350666091701,0.419851728601648
394,0.6882367319102705,2.350877176555248
395,0.6882489015094061,1.0875178677610444
396,0.6882558449557287,0.3150870089648715
397,0.6882564475868029,1.423945781304426
398,0.6882669576637043,0.33765817836451895
399,0.6883140438735882,0.8294511199917751
400,0.6883364326894428,0.730796952546447
401,0.6884330302238051,0.8360570066306949
402,0.6884632683941081,0.8055593841662418
403,0.6884779550058058,0.9869684331050657
404,0.688640273481865,0.44693760886580003
405,0.6886445344540713,0.25781619394993327
406,0.6886635940127499,1.023782644659186
407,0.6887340036828423,0.6903158954170241
408,0.6887395070582607,1.263009976482531
409,0.6887825782093417,0.6849985323945882
410,0.6887904177229929,0.10849559900480155
411,0.6888645623400855,0.6612643083416527
412,0.6888661655581116,0.2085624859752362
413,0.6888729972461217,1.0585543898882024
414,0.6888787598177969,0.2906897981294264
415,0.6888790194650091,0.3420075551465046
416,0.6889615138540148,0.5702252071818108
417,0.6890280984448293,0.8261273821363426
418,0.6891056565189578,0.9724029893428265
419,0.689138998645779,1.0684455599580327
420,0.6891494198676675,1.1693681824611857
421,0.6891511672600671,0.5159615340746692
422,0.6891743527326614,0.6912305260186564
423,0.6891941872491825,0.712266186214892
424,0.6892007628579105,0.576471824130006
425,0.689204428923704,3.07297529822676
426,0.6892097000492017,0.5907098819188112
427,0.6892097000492017,0.6348132909819311
428,0.6892372644087198,1.0130189773592173
429,0.6892472729405846,0.6192104029864649
430,0.6892481165343425,1.7630671721406284
431,0.6892508305995371,0.9821844431017741
432,0.6892508310665082,1.1140575776952166
433,0.6892561983801399,0.8848968422187966
434,0.689260740106983,1.122723815729004
435,0.689327306927998,1.228517986921332
436,0.6893328768609502,0.7313226486717386
437,0.6893329588500229,0.6450434413190145
438,0.6893515092943256,0.6258486526540923
439,0.6893940832220895,0.6073672849766194
440,0.6894258979356146,0.5245332254838899
441,0.68943268759926,0.7979360849912309
442,0.6894623780443804,2.0993236434694276
443,0.689493568811122,1.7011156804395364
444,0.6895107649743608,0.6578222714006456
445,0.689546072851908,0.64200329604719
446,0.6895859464590186,0.6153399147599639
447,0.6896005963358077,0.6493578004415754
448,0.6896006632895259,0.9254690155266994
449,0.6896130664627798,0.8772610301544035
450,0.6896187221786252,0.8256124694512663
451,0.6896270820305114,0.7031160242002814
452,0.689632621460444,1.6881461144466976
453,0.6896393361521403,0.561362252638733
454,0.689694814740616,0.9777062179918823
455,0.6897006928335017,0.5088176373489929
456,0.6897009092720289,0.7732384301159796
457,0.6897039756968124,1.8113813936368914
458,0.6897050585564515,0.930486075725502
459,0.6897115681147121,0.9372259065746815
460,0.6897238990569179,0.2604551142664291
461,0.6897238990569179,0.3140653911012198
462,0.6897239033249816,0.5756095963126313
463,0.6897846522009865,0.8979727198529521
464,0.6897949893352605,0.9609477254769772
465,0.6897966666722912,0.9220122041371577
466,0.689842694119728,0.954979876365599
467,0.6898774773873464,0.2539317933343749
468,0.689895823363609,0.863536996963236
469,0.6899516225301758,0.27779527049168007
470,0.6899597856118987,0.5334361841569162
471,0.6900092064711351,1.1273464056006324
472,0.6900140628215761,0.8237186360794946
473,0.6900262538221249,0.548342466777007
474,0.6901093677375593,0.7827271047762558
475,0.6901726516532684,0.9330434820186204
476,0.6901905838825211,0.9427488009280576
477,0.6903462872853948,0.7034378099190208
478,0.6903702953636449,0.6590785687848721
479,0.6903748372791251,0.6321034183570886
480,0.6903868922127572,0.5235126174290412
481,0.6904322676463276,0.5545144679577267
482,0.6904484610940714,0.6721183736979492
483,0.6904542384583037,0.7671225531486427
484,0.690484186418717,0.8937075690442369
485,0.6904872583754702,0.7478405787769749
486,0.6905138494604459,1.085837943929477
487,0.6905457068415243,0.609356637910752
488,0.6905742227105044,0.4575251630904499
489,0.6905742264527887,0.35991915213128567
490,0.6905742290818612,0.4336147461816616
491,0.6905872550836933,0.6656420213683991
492,0.6906164030646224,1.9890269612023102
493,0.6906763766266976,1.1025829772468683
494,0.6907145228791549,0.6759835109954586
495,0.6907145568239125,0.7129380573798942
496,0.6907145678014562,0.7339659477821188
497,0.6907158648052639,0.40882752273492784
498,0.6907484436511055,0.7595546520040104
499,0.6907872649445445,0.9611093407492615
500,0.6908259958738596,0.6339929408647391
501,0.6908337104675065,2.1780145625645284
502,0.690847247310182,0.1068527699416213
503,0.6908560894632412,0.555694498713678
504,0.6908607571327648,0.9171987452843284
505,0.6909111309588966,1.0536514848626581
506,0.6909141561004954,2.9335796294243224
507,0.6909222198301592,0.4189511382503246
508,0.6909430295736325,0.4915402569206745
509,0.6909512524266146,0.3082152984880048
510,0.690953793189871,0.986454282170196
511,0.6909819092211527,0.9932913496042541
512,0.690985355089337,0.7871532113900372
513,0.690985355089337,0.7022556222183738
514,0.6909898231113067,0.6549351638118515
515,0.6909926768828425,0.5883186752351908
516,0.6909996520080857,0.47524457245571017
517,0.6910375588306193,0.4736569867591749
518,0.6910511859146375,1.067448526093605
519,0.6910594694532824,1.6570885896478722
520,0.6910595770025884,0.5470433265236976
521,0.6910657379914846,115.61990248309542
522,0.691095142270094,1.125374751522459
523,0.6910995977255019,0.7464388225171439
524,0.6911676817193954,0.49183344480830926
525,0.6911705231768591,0.6193320207313575
526,0.6911726265749951,0.666150594732849
527,0.691189676336963,0.5891959485308542
528,0.6912127080910089,0.39011641794973195
529,0.6912128607460278,0.4926351160534014
530,0.6912128607460278,0.47666239805647315
531,0.691300983231623,1.3123665259392732
532,0.6913260182656591,0.4461819414377748
533,0.6913412859732428,7.9483032985397095
534,0.6913440291328872,1.0292945664727473
535,0.6913504554969739,0.4992360232495916
536,0.6913562116414692,0.7640882241273919
537,0.6914220179783674,1.4897245036361626
538,0.6914673169236791,0.6908222672610476
539,0.6915227634592048,0.5148953256717419
540,0.6915612428866992,0.8703268695650053
541,0.6915875108500746,1.244556191982096
542,0.6916103154404858,0.9500152089899776
543,0.6916128308909757,0.8114163744159328
544,0.6916251372305091,0.9295432109594504
545,0.691668735233481,0.9347282523197091
546,0.6916761206703061,0.9995903426861341
547,0.6916928124573336,0.4609041058708304
548,0.6916955922881893,1.0496532710183986
549,0.6916959577650454,0.8799388585289176
550,0.6917046011409449,1.167392239711667
551,0.6917067235544391,0.996945444808939
552,0.6917125783911575,0.1545725212914043
553,0.6917226572202966,0.2947437545164955
554,0.6917538624421484,1.0447915256806124
555,0.6917888308255393,0.7825209525762882
556,0.6917907394606231,0.08393211018370872
557,0.6918585987591824,0.9166452524919491
558,0.6918926535626344,0.23124322300034927
559,0.6919280741904197,0.44973365559739553
560,0.6919280887553845,0.4550878396724123
561,0.6920251295864566,1.0766859552125252
562,0.6920270017823543,1.0117204519731977
563,0.6920397853759244,0.9587857250732956
564,0.6920735051816793,0.26157940495803367
565,0.6920819273177414,0.2558784275242739
566,0.6921005999631958,0.940336505244719
567,0.6921181673564825,0.9977042955322901
568,0.6921874733769998,0.6900988808673758
569,0.6921883170868852,0.8701377685135505
570,0.6921890009077876,0.34604164185506814
571,0.6921911869887093,0.962836080763191
572,0.6922357781181363,0.6203691952581165
573,0.6923720142112992,0.8387159302309399
574,0.6923877877307356,0.7080158744899689
575,0.6923898897202267,0.8029603874660902
576,0.6923901977451503,1.2872780254809857
577,0.6923967912352301,1.0606939898933068
578,0.6923987392526706,0.4908227181617746
579,0.6924094760952451,0.7361690376538721
580,0.6924409137824292,0.11676115098144346
581,0.6925063408054579,0.8150488977074899
582,0.6925120850551357,0.8107389152123436
583,0.6925231725799694,0.4621795515202788
584,0.6925282613212135,0.9888619805464951
585,0.6925441648863637,0.8279205769394278
586,0.6925543594768884,1.0760882426781297
587,0.6925696997873669,1.5329220745792174
588,0.692584428101533,0.719567574271794
589,0.6926281521355131,0.386476340213853
590,0.6926333313087383,0.5097800582668947
591,0.6926873867022778,0.9114769860856533
592,0.6927145665906698,1.094064404801
593,0.6927270621332,0.9918697264260721
594,0.6927331846810154,0.8479485760331218
595,0.692761920390238,0.2027406800571081
596,0.6928054754958883,1.1401457113880382
597,0.6928136845163964,0.792110244310954
598,0.6928271825483443,0.4741292026239774
599,0.6928334042068489,1.551156545714971
600,0.6929057863168729,0.687443874296082
601,0.6929209971553623,0.9801919871670746
602,0.6929324969092399,0.9292132704356217
603,0.6929347687101518,0.6999231861820201
604,0.6929430326649553,0.6984845974330676
605,0.6930033868057071,0.5076358324279139
606,0.6930227623292629,0.7827029014351692
607,0.6930243978315942,0.7327888979880621
608,0.6930300930305368,0.7268687379759995
609,0.6930439935870881,1.139080255102609
610,0.6931104074834831,0.9399556758761092
611,0.6931235109954453,2.364332202590248
612,0.6931513750497958,0.7441366866796719
613,0.6933035327758672,0.6099418012543967
614,0.6933199800186298,1.0292483208407868
615,0.6933259119953866,1.906138331077194
616,0.6933300798333997,0.21605641153420363
617,0.69333098701608,0.4143251152345565
618,0.6933313384834182,0.5095017992370997
619,0.6933563533031697,1.0471687948583785
620,0.6933686157151981,0.8263006539382678
621,0.6933686216350113,0.888722038148599
622,0.6933922492512391,1.0474885435329504
623,0.6934669899158334,0.5079814779252751
624,0.6935285099769528,0.41081412117046234
625,0.6935285099769936,0.4003229810953348
626,0.6935285099770092,0.31340027116578284
627,0.6935595668591497,0.4309919779847924
628,0.6936274500282842,1.0875847301321866
629,0.6936623425992405,1.1830281774966374
630,0.6936630416936134,0.7825637313099765
631,0.6936938664330137,1.821098392043282
632,0.6937240203102706,1.7795796909072226
633,0.6937403749574897,0.5247590373672297
634,0.6938601681946924,0.7193393724158004
635,0.6938778805667761,0.7143775246502369
636,0.6938973901869115,0.8570399958930228
637,0.6938978940006688,0.7826182497957745
638,0.6939395643975017,1.104618849386443
639,0.6939458940261587,0.5993365830734876
640,0.6939463624185674,0.7527769811732878
641,0.6939742904717217,0.905673179378105
642,0.6939876497386595,0.607938754464072
643,0.6939876763380921,0.6033562970323072
644,0.6940163551956777,0.9615110829382303
645,0.6940384393664678,2.810431652295363
646,0.6940449327322539,1.0991070829170113
647,0.6940677428061073,0.289945589057099
648,0.6940679458306196,0.6375765521894334
649,0.6940886842272423,0.4293543794974103
650,0.6940917114673298,0.8814289509024498
651,0.6940939610218028,0.8568239325338256
652,0.6941027304175221,1.0315305821968592
653,0.6941100421176697,1.1779446655696069
654,0.6941488326153883,0.8145782012545051
655,0.6941987935669482,0.8606272433890785
656,0.6942014514014048,1.1180481761865688
657,0.6942691567902407,0.953574611276107
658,0.69427477795988,0.047902540925445825
659,0.69427477795988,0.16335014884217236
660,0.694317583622539,1.1354010416381632
661,0.6943176389046262,1.1178723704873699
662,0.6943189914201189,0.799380970261593
663,0.6943465103871341,0.764664490504325
664,0.6943764843589195,1.0150588183275495
665,0.694456653981998,1.3150310145624908
666,0.6944826037924167,0.9279721220870416
667,0.6945175168542146,1.7319413681335676
668,0.6945330417368909,1.4045633539608309
669,0.6945365990677972,1.579697858127716
670,0.694576517002598,1.1444722482922567
671,0.6945876646016426,1.2922533066797528
672,0.6946454250119732,1.897594835462185
673,0.6946611082546325,1.11692513536729
674,0.6946641434763349,0.7818270978666899
675,0.6946898970480413,1.1584482825230071
676,0.6947008004779834,1.1292038599125644
677,0.6947081544284448,1.1048911498984126
678,0.6947412248982278,2.5223558797271446
679,0.6947720397184091,0.9853249064191838
680,0.6947891975307325,1.4641901395810617
681,0.6948339703626321,1.2674001904574081
682,0.6948364800153048,1.3953967732916133
683,0.6948549731273437,1.222611353072943
684,0.6949125026586079,0.3984723662902513
685,0.6949385937318833,0.614791759188795
686,0.6949701163325623,0.43749815062038566
687,0.6949701163325623,0.44972489689263695
688,0.6949890087334374,0.6938559476075319
689,0.694998830716959,0.0868717851530143
690,0.6949989400339857,0.46480831412376067
691,0.6950762150756902,1.2933162208413236
692,0.6950763310715969,1.3644769242022625
693,0.6950766048910136,0.9799998343184086
694,0.6950826275664653,1.0055422002073788
695,0.6950976485639416,0.9454852983222397
696,0.6951586794134039,1.584943283415197
697,0.6952066545879605,0.7242772201474141
698,0.6952622504802977,0.7386553991789857
699,0.6952864237833809,0.258325963064555
700,0.6953048631065806,0.9077010236698246
701,0.6953193192149346,0.2869318513010277
702,0.6953367613421026,0.8537882913158368
703,0.6954252341340676,0.9313655326802968
704,0.6954584044968197,0.8485140456547977
705,0.6954609209005451,0.7616269559343527
706,0.6954912445044084,3.2433792949329323
707,0.6955454013822093,0.7074206835880421
708,0.6955703006423253,1.0300443902640544
709,0.6956075679561632,0.47617124820380363
710,0.6956620148555412,0.7825672117447187
711,0.6956649731668152,0.6708780104456522
712,0.6956997831264086,1.0764525302710264
713,0.6957482449991241,1.9647704133468196
714,0.6957535620605025,0.5879875177046243
715,0.6957676746621193,0.6854838743898406
716,0.6958236425380788,1.5252563029810835
717,0.6958472879815746,0.429690677470528
718,0.6959048787941703,0.11577204935229901
719,0.6959211810968806,0.8278684962216494
720,0.6960214964600455,1.096307521097805
721,0.6960699802164666,0.9468370991085542
722,0.6960714317689207,0.8062103695939635
723,0.6961067585179317,0.7600793569313933
724,0.6961217278088134,0.6869502580102722
725,0.6961421924698002,0.964332249402355
726,0.6962324269010913,5.648442085709686
727,0.6962467805836622,1.0268237815548444
728,0.6962608100694392,2.4876502854407145
729,0.6963075801294967,0.9149823139725684
730,0.6963668722697236,0.18853694492747752
731,0.6963750362420648,0.19474608989698183
732,0.6964763529538512,2.6823957598946198
733,0.6964988125992887,0.17211699632834665
734,0.6965449461496971,0.5885129194237855
735,0.6966170746458117,0.6280869495375905
736,0.6966300703421966,0.5217784075915176
737,0.6966915127467705,0.7482172005896575
738,0.6967970499078504,-1.1819567796283525
739,0.6968142375055306,1.5158324065093007
740,0.6968856882921137,0.31991542344218216
741,0.6969030391487856,1.0564872520534863
742,0.6969030922011177,0.11674549495589737
743,0.6969202885683158,1.6053624300854659
744,0.6969441120429626,0.5289629970286932
745,0.6969676247877783,1.1336458675573793
746,0.6970231488228222,0.5874563222980624
747,0.6970273952713724,0.952327906587463
748,0.6970296498897437,1.0422609624007428
749,0.6971956157065251,0.7771294470239234
750,0.6971956157065251,0.6127785531948977
751,0.6971957818738398,0.6797874565724427
752,0.6972390408887197,1.115388425096327
753,0.6972453362818389,0.7508912907209069
754,0.6972486627405948,0.6524847369216655
755,0.69736452551861,2.1729196123898475
756,0.6973938559505481,3.3492993707718792
757,0.6974020936149289,1.2910215974244088
758,0.697412675207747,1.1402756457233432
759,0.6974130291417893,1.2039056092217402
760,0.6974138246403482,0.631218568929184
761,0.6974154469859164,1.1863729536794536
762,0.6974290519937464,0.8494999264596028
763,0.6974579586233902,1.674120106316967
764,0.6974866887516159,0.8629494574582375
765,0.69755897857298,0.8338517776023018
766,0.6975643836743789,0.9222807782113225
767,0.6975792215967441,0.9091719153763236
768,0.6975953760918739,0.5409523407889828
769,0.6976260906129597,0.5862381870411804
770,0.6978761736580648,3.098197594939891
771,0.6978956956462364,0.7850291262857936
772,0.6980679700798679,1.1822762013256476
773,0.6981998453280338,2.9333557535772536
774,0.6982205518857492,1.1655689090024135
775,0.6982873852162997,0.9192927384779201
776,0.6983063195286854,0.938956220923012
777,0.6983141587715048,1.1174749843639935
778,0.698448984046772,3.7570636532398485
779,0.6985773747833346,-3.122130341343306
780,0.6985963772741732,-12.469674811574066
781,0.698604741865863,1.2241360068460965
782,0.6986363434453449,128.2844377672415
783,0.6986722446946028,0.9310938089726395
784,0.6991858878684214,0.4632503539702948
785,0.6991937046614998,0.3795773554098818
786,0.6992237184472948,0.4396448394168615
787,0.6993921463372045,0.981501984982289
788,0.6994940429953971,0.989329325136985
789,0.6996172298677827,3.1266571278105535
790,0.6996291693161814,1.8782614202504888
791,0.6996868210421673,1.934588650999875
792,0.6997168869714288,1.8332749172335312
793,0.6997644545265125,0.6814911687391547
794,0.6997667579112261,1.053860729180955
795,0.6999782685861299,0.9275813717354922
796,0.7000181301826786,0.08686482809996465
797,0.7001310719650095,1.0217625673574966
798,0.7003463005501549,0.975322654106235
799,0.7004405131386459,1.0083595156684062
800,0.7005042524702845,1.3228081464912977
801,0.700596685477893,1.4363231391520237
802,0.7006229554061287,0.7978600484437905
803,0.7006325586056296,1.2766677392610448
804,0.7006395823910205,1.106998573470472
805,0.7006413721848395,-8.005023651484368
806,0.7015742628698789,1.6724799503271037
807,0.7021024787116651,8.650688668759233
808,0.7024697627756973,1.0983334369613547
809,0.7026737998575285,1.0864196876547416
810,0.7028568716480699,1.7009757783932757
811,0.7030168058032541,1.6668923517639702
812,0.7030556621324061,0.5675882206497234
813,0.7031555460347281,0.07500748429146475
814,0.7031811423842794,2.5843568006104936
815,0.7033695376227262,1.3958243513789683
816,0.7045760618114887,6.440500937381113
817,0.7051530651494731,1.0658604447832947
818,0.7056370292638143,0.5461634880346037
819,0.7059457556379543,1.6090845667815494
820,0.706185166798362,5.882143780187933
821,0.706185166798362,5.857533462209881
822,0.7062211160191183,0.6288513859989098
823,0.7066377848136036,2.5100213932812885
824,0.7066377848136036,2.52600161769726
825,0.7072361075360155,0.4617916583257061
826,0.707238780830098,1.1326967528780116
827,0.707319775963213,1.2272143683478514
828,0.7075535233911976,400.964588710837
829,0.7075634618010082,1.5040001662523588
830,0.7076826448796232,2.3590420876805402
831,0.7077133533371704,0.8480825328533699
832,0.7078953073407732,1.3068142308925463
833,0.7086886063986995,1.1207063928589254
834,0.708871625786835,0.4849416738965181
835,0.7093288998934512,0.5973030804577888
836,0.7096773070922525,2.569577824139244
837,0.7097109677369708,5.865701176131703
838,0.7097695500707168,0.8751722957614723
839,0.7099415249318306,0.6525451588604307
840,0.7101006811829595,1.9363188064461907
841,0.7102270706126231,1.0715261913831715
842,0.711075048220684,0.6136402764789464
843,0.7113184410556952,0.008381840030578347
844,0.7126428789380967,1.1137038827167804
845,0.7127559781527453,1.363536441927577
846,0.7140405752269722,2.02975006237186
847,0.7141200100087874,2.79716305773663
848,0.7147274666271015,2.027382539857608
849,0.7162408246103267,0.6698189086524953
850,0.7163283680201796,6.49626378444504
851,0.7164856410385725,0.6842309220942395
852,0.716489883818322,1.0809788539160983
853,0.7167379440207232,1.0172185335363513
854,0.7169206789967406,1.6696389789351742
855,0.7170541267814616,0.542017086416119
856,0.7193131049587161,1.6382781021774169
857,0.7204149735671961,1.7838008649916648
858,0.7207232443657519,1.5299359847166711
859,0.7237225162844969,2.891046623677565
860,0.7239624513417179,1.4791369958033274
861,0.7245825445741824,1.1306462242275817
862,0.7246601852182512,0.1533044158214738
863,0.7246799490228293,0.33440664088599825
864,0.7253471076430356,0.46729855759670524
865,0.726740472093583,0.8148277868097458
866,0.7279156323481604,0.7732155738497961
867,0.7281078214600678,2.1206205184339466
868,0.7284431010305008,2.2231965954669595
869,0.7310963112769178,0.9348548665237191
870,0.7315692244677358,1.1466467978176353
871,0.7331216474994604,0.33904239987465046
872,0.7331773582504971,0.6358194639473158
873,0.7333596906080788,0.1638698663722883
874,0.7367206290324673,3.0686526927805695
875,0.7394614408123074,1.0741979768697865
876,0.741270187793849,0.9137163883828627
877,0.7451472559536482,1.3540101142873642
878,0.7515871035951485,0.8721885545728085
879,0.7515871035951485,0.9636337184729864
880,0.7636065204522152,0.04064656227407265
881,0.7644092122638291,0.26166411905442133
882,0.9782348399631716,1.5869620841617373
883,0.9798617560994176,2.322787576711851
884,0.98002231949675,2.1509577164341938
885,0.9807758668966706,0.24606319464285942
886,0.9812285145211076,1.09921151251982
887,0.9814961576420562,0.9375440918534783
888,0.981587341120236,1.0893192683307427
889,0.9823825228737352,3.5132363545984964
890,0.9825831597192132,-7.799913408894659
891,0.983038624237174,1.0882978713181428
892,0.983230285730006,0.7074845319969751
893,0.9834417119365556,1.2334496651837021
894,0.9837254028522926,1.3236081114908884
895,0.9842935800084291,1.0370598418476944
896,0.9846134571052664,0.29942693679882515
897,0.9848910001497712,2.470226310604329
898,0.9849789990718192,1.0073097581720847
899,0.9850923654296914,1.3108881910452244
900,0.9851576888951716,1.1269126916081718
901,0.985257519684388,0.6569379204647536
902,0.9854770305686966,1.1614669221262965
903,0.9858189839869432,0.9092734137668372
904,0.986758600448926,1.3906165611165515
905,0.989652954508517,1.2207495596431
906,0.9898799431840016,0.739029179493075
907,0.9900279436315376,1.1587095110185144
908,0.9900638973529594,1.0740320859041723
909,0.9904820553518764,1.138704419159575
910,0.9905034123947952,0.08845865376400652
911,0.9911838753491182,1.1683357456545918
912,0.99141308358892,1.0030804971014209
913,0.9914131460250052,1.152537255126223
914,0.9914171988131316,0.9633558266895661
915,0.9930356895272356,0.6501099139766868
916,0.9930772394659274,1.4234203745616378
917,0.993969199877118,1.4435777310864197
918,0.9940276313601925,1.5559903231478514
919,0.994174881607547,1.0293123887079914
920,0.9944242322807532,0.5553940023235919
921,0.994424347351374,0.702470352759663
922,0.99442434953061,0.7052491860664047
923,0.99442434953061,0.6991543338245918
924,0.9949779575905626,0.3676298403565854
925,0.995340303222406,0.5831133043635344
926,0.9957706016147632,0.9705145469860754
927,0.9958792660106968,1.030049176708998
928,0.9962588166800004,0.09596606065438873
929,0.996259487456766,0.2554280645235636
930,0.9963761510792626,0.8923414919171142
931,0.9963989176594176,0.16450511445017424
932,0.9963990423120994,0.18768875250825579
933,0.9966340009577264,1.38749668831494
934,0.9966960991908588,1.8349687334107139
935,0.9976678637793788,1.0266858579206586
936,0.997668619877241,0.9291685484652703
937,0.9976703679755246,1.0496830945708198
938,0.9976703679755246,0.999382468653736
939,0.99773805020694,0.8009387802230246
940,0.997791462387376,1.0362252266039584
941,0.9978509716046908,0.6478684463637312
942,0.999851713818771,0.8777154497786703
943,0.9999113478606316,0.4206834775577015
944,1.0001757394525883,1.1066152345450562
945,1.000245924231469,1.09052266429545
946,1.0002908225868687,1.2966211351049306
947,1.0009396207229206,0.9377336000646403
948,1.0011876265972344,1.0397214511248443
949,1.001188053466707,1.4423491498700622
950,1.001591517654355,0.9754804869625886
951,1.0018494617218143,1.2027926692449786
952,1.0020430992291978,0.9481997878813271
953,1.0020706988236827,1.2405855508399317
954,1.002160692553828,1.4049435410470128
955,1.0023858558745615,0.9719635155449284
956,1.002485037003388,1.230558668649088
957,1.0036381883179328,1.3875788832966371
958,1.0039818926304285,0.8763920045285349
959,1.0039858140067166,0.9701897609485228
960,1.0040042302582073,1.0097481494015288
961,1.004360980138845,0.6620987421105764
962,1.004361228969945,1.0877813040361783
963,1.6583312109789976,1.9419477183093692
964,1.662749015743668,3.3742333716349124
965,1.6635455055490276,1.4099691431120371
966,1.663555479661558,1.5324501598881122
967,1.6642739045366637,1.2523233021722007
968,1.6648858443111398,1.0015373991684149
969,1.6660769666154862,1.0327599309472157
970,1.6661005866002745,1.09967029808998
971,1.6661180321376707,1.3258922374258948
972,1.6675951614735445,-11.209434948418142
973,1.6690849599766582,1.378368760443588
974,1.6705134682414795,0.8282328818162441
975,1.6711085067686458,2.2987286231185267
976,1.6712468596781118,0.7098115707857595
977,1.6713289840374197,0.688936321342388
978,1.671341674465555,0.15109948620008207
979,1.6715168682989476,0.4432922577245818
980,1.672137849369563,1.4088861341370706
981,1.6721679441690251,1.1606546223497438
982,1.672426531426538,0.9193610145629771
983,1.673899726362864,1.2902329845294283
984,1.6740954542213775,0.36000920180312646
985,1.6746054216398956,1.7761121470098526
986,1.6748786170304362,0.41570141130227445
987,1.6749424033871665,0.4078555076882079
988,1.6749889327986505,0.3785574652916468
989,1.6763322489234562,-0.03477002737917401
990,1.6772697224175943,1.2641794464959137
991,1.6773130368544666,50.90790469994114
992,1.6773193908444437,1.2916493446275736
993,1.6774026755728786,1.1121860777105261
994,1.678046656622927,1.505159806306157
995,1.6780939533445611,1.3393473497350008
996,1.6782661658094074,1.3711049253506793
997,1.67827452447336,1.353176711519353
998,1.6783257878267517,1.6645463736374797
999,1.678344621495882,1.2604460100662198
1000,1.6783448545329782,1.5308909723609083
1001,1.678370464875376,0.23414318735286244
1002,1.6785403728721464,1.4679998946489767
1003,1.6785404491752185,1.7377490889023477
1004,1.6790261863638116,0.9613984112458736
1005,1.6792659876530291,1.0447024137709822
1006,1.6801601727150537,1.4464154590021263
1007,1.6802335263565842,1.5233706526689073
1008,1.6805511679080394,1.1771088753474446
1009,1.6806735122464784,1.1035759510367498
1010,1.6810000455969574,1.9350078770546624
1011,1.6811937565992934,0.6339864855788369
1012,1.6816854088989177,1.1079673271026043
1013,1.68168566980609,0.3862214941529084
1014,1.6818271087137533,1.9107512605034862
1015,1.6818958527827177,-0.6036381785841498
1016,1.6820868316022932,1.9061642090866395
1017,1.6821336775200908,2.194855822718083
1018,1.6821337447971136,1.867517773205968
1019,1.6824605954108698,0.8807765399973169
1020,1.6824844859620187,0.8220563239213277
1021,1.68256643307981,1.7587671934708702
1022,1.6829333686599326,1.262715732809052
1023,1.6829337739138683,0.3161533052781176
1024,1.683189837095364,1.1600380492801496
1025,1.6844080888080455,1.0622606430699746
1026,1.684729864971099,1.3837695910580294
1027,1.6861766229148418,0.7885061699264175
1028,1.686603502859648,0.9203384571526061
1029,1.6866720777465165,0.7461103518331567
1030,1.6867422583516922,1.5626677619683598
1031,1.686804247920247,1.274045153276409
1032,1.6870317532873342,1.676389230594694
1033,1.6886036997107718,0.8009641517504911
1034,1.690014140706266,1.0136395761571433
1035,1.690235375936723,0.9692557222135372
1036,1.6926037695131833,3.0403678716756226
1037,1.6926474138840788,1.218239685709464
1038,1.693495383319416,0.7649468877412309
1039,1.6935128451148007,0.6186348314187402
1040,1.6935443719981975,0.09886333345872311
1041,1.6935617801738396,1.3698043538695743
1042,1.6935758714491178,0.6784712758389808
1043,1.6935762695499974,1.0733131567477108
1044,1.6940488707837793,0.2332497927304975
1045,1.6950332066604987,0.6851641125597265
1046,1.6961636785769434,1.0554615128892215
1047,1.6963935726808663,1.025432988809642
1048,1.697348344569643,2.3448368557762067
1049,1.6985390570686518,0.3525850126121505
1050,1.7010336541027864,0.5956325941644771
1051,1.7012351310197054,1.061432675308227
1052,1.7012370109955943,1.2920512890331075
1053,1.701237108065778,1.3178810244024501
1054,1.7012372137969705,1.2330258574395145
1055,1.7013165994339956,1.3968260746894225
1056,1.701647677434612,0.046972692037162866
1057,1.702627556858992,1.4760378503677305
1058,1.7034200417552148,1.1050177886555828
1059,1.7034849110197947,1.0479629942832516
1060,1.7034950255058718,1.3864471441477768
1061,1.7043113220175286,-2.1528022496857617
1062,1.7043580078594194,1.7097978440057977
1063,1.704665759410109,0.9095005984669116
1064,1.7051728935210129,1.4451741332515444
1065,1.7051731502480434,0.9294003538147866
1066,1.705173229549081,0.9189436218857359
1067,1.7059165672268022,15.135848132336703
1068,1.708933081856898,1.244007704135233
1069,1.711800344607687,0.5009401599028176
1070,1.7122925432138316,1.0549605199757042
1071,1.7127111132290354,0.8741462914183409
1072,1.7127111378298463,0.5468736079001277
1073,1.7127112324184817,0.10209356979843076
1074,1.7145901788484246,0.41897515514138883
1075,2.3788540036205115,1.7105133795242766
1076,2.382247206083105,1.251717618503355
1077,2.382763604733348,1.184058426357205
1078,2.3832973620944973,1.085652137714044
1079,2.385175529796656,2.163444437226341
1080,2.3854158568833794,4.507433696606652
1081,2.387136169190956,1.2129434154258123
1082,2.387136446700748,2.064228138433892
1083,2.3874235637891688,1.626381189987709
1084,2.387653687712292,1.5530528882662766
1085,2.3908348703741247,1.5780689735122344
1086,2.390894572451705,1.727520263239818
1087,2.3911621513122268,2.7450472131191925
1088,2.3926140463761225,1.0915899052127418
1089,2.3926144235018763,1.0258759865203824
1090,2.393210658462702,1.3808443358545388
1091,2.3932313030938297,1.3954508407856252
1092,2.3935070589896625,1.5750697467448016
1093,2.3935229644122984,1.380077356541001
1094,2.393523181191908,1.165542927703878
1095,2.3939401072807507,1.534043681004582
1096,2.393940370151597,1.2265761723336233
1097,2.393969006713117,1.3746287282734746
1098,2.394711148575963,1.3098354838219848
1099,2.394711187550445,1.1186229513079098
1100,2.394711230893494,0.8384746240429981
1101,2.3970800099104546,2.1995064967154256
1102,2.3972542252294198,2.0523601881304963
1103,2.3977854871150948,1.092348725745227
1104,2.3977855101039034,0.9982542321970671
1105,2.3988284911481723,2.947589500067865
1106,2.3988286065021285,2.5378576652718556
1107,2.399414482113825,0.4469487278031672
1108,2.4013521677513934,1.8719017190022593
1109,2.402397354699744,1.5533574053636945
1110,2.4027130192542936,1.3433392860906492
1111,2.403115754402533,1.423146015321833
1112,2.4034008309979624,3.227272974911716
1113,2.403400862764258,3.2823129071725794
1114,2.404535655781738,3.1969172963462027
1115,2.4054985981478296,1.2861107072128268
1116,2.4060427070403745,1.6172587516327743
1117,2.4061330121944664,1.5653289088619764
1118,2.406342409777906,0.46694227290646906
1119,2.406343331404569,0.34349280011238825
1120,2.406775861301085,1.1931953787077079
1121,2.409608341358277,1.157161767142091
1122,2.4099663941089298,1.526240027447193
1123,2.410662774724645,1.4530600749248828
1124,2.4115165885395493,1.1598719740086763
1125,2.412069565039888,0.36153494702160194
1126,2.412109217074691,0.7531228585259631
1127,2.412183319833077,1.3131397997353838
1128,2.412749258431825,1.5050738279883926
1129,2.4128120843173875,1.274676498638805
1130,2.412813496047471,1.5233161293032957
1131,2.4138337832216825,1.6661731312329655
1132,2.415149673989561,1.9386756337383035
1133,2.4151497524066223,1.6832676681591945
1134,2.4167005912199664,1.4851062305589058
1135,2.4167351528336565,1.569223440039614
1136,2.4168026853559264,1.4793296435757122
1137,2.4193678613373857,2.1114354583708472
1138,2.4193678659443307,2.0779026771536753
1139,2.4193678749889496,2.0559107907157435
1140,2.419734956694452,0.10338600025860678
1141,2.4221104911038336,1.108722597076103
1142,2.422387855775438,0.6750771670023004
1143,2.422528451415918,1.431337351063128
1144,2.424172998876491,0.9202625040099695
1145,2.4263318257187847,1.6237832577266493
1146,2.426611794442844,1.2222326466582836
1147,2.426611817768146,1.145881706286622
1148,2.426704927312623,1.1464599138055405
1149,2.426847822006378,-8.25123359909415
1150,2.426847822006378,-5.816342868410931
1151,2.4292881301234326,1.4687924555187482
1152,2.429459708101104,2.1360513763630564
1153,2.4317943570985903,1.6198891080474986
1154,2.432289701375904,0.9473417704351024
1155,2.4324647157704167,1.2944128213726054
1156,2.432901801522379,1.212974092470577
1157,2.4329344403803628,1.5958588223703023
1158,2.4335590938635963,1.6331046243164886
1159,2.43356022847541,0.3620554876730875
1160,2.4336899237709204,3.1744109466497976
1161,2.433690225385513,2.7408640350698144
1162,2.434085733295412,2.695479041051519
1163,2.434085918702219,3.1042040490469427
1164,2.434086182758457,2.716254683542681
1165,2.434086182758457,2.691055888320337
1166,2.4345396930663483,7.0508898833046585
1167,2.434783866422274,1.3225390151333254
1168,2.434785249932988,1.482590952021256
1169,2.434852752510156,0.22167614972828276
1170,2.434858029580353,1.5089941886245066
1171,2.4372136946198664,0.22309289682164535
1172,2.437225725211572,1.1850970789051707
1173,2.4395835912662007,1.7024230747074092
1174,2.4395837133040086,1.1233125700969784
1175,2.439605023648628,1.1227178186020323
1176,2.4416953160657107,1.0392533699821025
1177,2.441777151009472,1.0822437040787525
1178,2.4419115299274803,1.2228459339057292
1179,2.441951012542137,1.0849573204599734
1180,2.441961827360504,1.101101772238889
1181,2.44296043750665,2.011328904135492
1182,2.442982149206737,2.1794516197058833
1183,2.443087343687256,1.9183927424171552
1184,2.44308743366718,1.677709267748718
1185,2.4436684389535843,1.2369560745043735
1186,2.4463082357602053,0.9539672679932831
1187,2.447213182110881,0.681980691345021
1188,2.4472301594034054,0.5028216138214877
1189,2.4472390964960016,0.4234105886013506
1190,2.4472618859981545,1.1673663308112656
1191,2.44822197998885,0.7073738677837111
1192,2.44825771586959,0.44502912534035877
1193,2.44825822739757,1.3711479548504788
1194,2.4482587600193653,0.4897652823785217
1195,2.449553322687684,1.2976249310594559
1196,2.4501711488251967,0.44261571770177055
1197,2.450583524693822,3.8566535681725433
1198,2.450623587198466,0.9816965694313524
1199,2.450940664342536,1.0826973758174465
1200,2.4512606313971816,1.165701565515969
1201,2.4513123784823896,0.7846144806249786
1202,2.4513833550571267,0.07989592418588032
1203,2.4596592144454634,1.957701243696325
1204,2.459683089278051,2.0476519619177096
1205,2.459780460840499,1.3445983634466758
1206,2.4627168101894474,1.0302013143921909
1207,2.462740189289742,0.8370247804702273
1208,2.462740305618356,0.37015912625868286
1209,2.4639546663082896,2.3205657604828267
1210,3.114429802698886,3.9549967888588853
1211,3.114460742575514,4.134120922731438
1212,3.11949933814691,3.4798952328657804
1213,3.1203575834994943,1.489084613610429
1214,3.1213851809640047,1.6256009055044731
1215,3.1214474533263123,2.2129990434882263
1216,3.121456740859291,2.2133247165333585
1217,3.121679360305742,2.716889731848066
1218,3.1241181117936074,1.4455346404491016
1219,3.1243364253561747,1.3959811953478305
1220,3.124808616259968,1.303266031152273
1221,3.1255245075726528,0.4532985643363251
1222,3.1261371842899237,1.7500906448633051
1223,3.126137304913041,1.59067640781854
1224,3.128893603996032,1.63886566880208
1225,3.1288994675589974,1.1818123967922831
1226,3.128904786783691,1.129961541855454
1227,3.128936830809846,1.368015401435918
1228,3.1313671609575406,0.672980036344208
1229,3.1313676966990736,4.830524040386738
1230,3.1314208802011443,1.4219034832027961
1231,3.131836614066694,1.7380737334134913
1232,3.131959270154551,1.6747707443225122
1233,3.131959322177757,1.3799423549740306
1234,3.1323847713963198,2.385713637377246
1235,3.134112436358908,1.40266316503467
1236,3.134891986618246,2.850266304956624
1237,3.134966403011018,2.1469076738030743
1238,3.134968420749777,2.2796199317215686
1239,3.134998463432372,2.08372236771775
1240,3.1349985151801505,1.6832145681964805
1241,3.13711902322678,12.997798075638762
1242,3.139999004503216,0.8990845723908969
1243,3.142262037078696,1.7567259533643051
1244,3.143461507604157,2.843731103376624
1245,3.143682820486961,2.8557570683084754
1246,3.143682927528587,2.799436302498543
1247,3.1436829767389387,2.738840456944602
1248,3.143695879182854,2.6313682338120543
1249,3.145321972590178,1.32185348841034
1250,3.145321998638821,1.2804582536246112
1251,3.1454157895427164,1.147648359182201
1252,3.145454543171763,2.3600520803702754
1253,3.1474363774045404,3.173946168004741
1254,3.148936173137688,2.9100439999376224
1255,3.1489367993335624,1.557898457617334
1256,3.148947515539612,2.8278505715080113
1257,3.1494582556899826,3.6878287558873106
1258,3.149468834482138,3.6379367941173335
1259,3.1497678648396183,2.740998997379579
1260,3.149767928680698,2.3560939823780576
1261,3.149767958522136,2.212334045836695
1262,3.151007949480633,1.0897704879676862
1263,3.1519291735940698,3.7953354738982448
1264,3.152409609637497,3.1765694821844064
1265,3.1532534786383715,2.0514520031831736
1266,3.153253729847648,1.6525504991184299
1267,3.153253847321133,1.1969713907052975
1268,3.15325857076608,1.622522055249017
1269,3.153261297591223,1.6995517071344284
1270,3.154670352498181,3.2504818135770464
1271,3.156099358390149,1.621032503264761
1272,3.156578748308504,1.031823579890259
1273,3.1570136133546627,0.7489270307500235
1274,3.1570138057479613,1.0656062099639951
1275,3.157343985506973,3.354097504909758
1276,3.1573440283750966,3.288794483317347
1277,3.1573440342090957,3.036114010041116
1278,3.1585373543161746,1.21929976390406
1279,3.1591043184718384,3.365857155810449
1280,3.1593237760627746,1.7165215577214394
1281,3.160017763812167,1.5796174960576157
1282,3.1603725427932727,1.6022082252765917
1283,3.1603900129682483,1.4876192323477357
1284,3.1616958334028498,2.7630038811884385
1285,3.1634735197453727,4.065921526673682
1286,3.1646140677152506,2.7463361370849153
1287,3.1646161213442707,2.566601597421165
1288,3.1674266830706586,1.587450908596041
1289,3.168425721601925,1.065743155808675
1290,3.1702619501878013,2.369228048965142
1291,3.1710120068949386,2.8106850855777994
1292,3.1723622111454763,3.679177286977433
1293,3.1773349210909663,2.2313483896380353
1294,3.177335848563545,2.9279228219353994
1295,3.177897441181902,1.5735575085913773
1296,3.1780110855518107,1.795412012528356
1297,3.178011101290325,1.7811689622407205
1298,3.178011186310242,1.636122346629421
1299,3.1780339214286126,2.6220552952897833
1300,3.178035188809726,2.679642128654535
1301,3.179063520245388,1.2731038092847171
1302,3.18011135015228,-2.2887158453113123
1303,3.1809477105161306,3.894024789463664
1304,3.180963640961541,3.863716637825455
1305,3.181129177559476,1.4568785001682762
1306,3.18115845795093,1.6241976193816425
1307,3.1818642560746078,1.8980324457349953
1308,3.1832363527934486,1.8315160320635946
1309,3.18556268445156,4.276814571419216
1310,3.185717975359017,1.3173775426244385
1311,3.1857182139322617,0.35720423886256214
1312,3.185722198518006,13.326820512961413
1313,3.186361039074977,2.0975227334440047
1314,3.1874629378635357,2.703523463691711
1315,3.192731444537772,1.698064093450467
1316,3.193219735049208,1.0157427825043823
1317,3.195300692840608,3.525753093076867
1318,3.1953008858573795,3.5440514215600203
1319,3.1956184975967346,3.3670043330284587
1320,3.1983423152517885,1.831372817623477
1321,3.199745623468964,0.8225815460298938
1322,3.199760680337548,0.7850337950253405
1323,3.200249444964527,1.373051745621962
1324,3.200250470532899,0.9216475553343064
1325,3.2005633248854037,2.9677005612206777
1326,3.201732712572281,1.4075154533040628
1327,3.2018997983994866,0.24607676594077355
1328,3.2019136474566774,0.6276282734257494
1329,3.2022378902075523,0.8185916904188442
1330,3.205276936634561,0.9674092513019705
1331,3.205505507555045,1.5755642848945466
1332,3.207220587053291,0.49785921344329176
1333,3.2077286268108454,2.1080938612119886
1334,3.208419156933151,1.4375410046980392
1335,3.20841933619854,0.752793341396339
1336,3.208424121454972,1.270961805412737
1337,3.208426762456147,0.37430910609759827
1338,3.208431874995529,0.959541597442362
1339,3.210656642369716,3.3725857742639116
1340,3.2106566789124646,3.414440524613028
1341,3.211274852707567,3.418349490774895
1342,3.2116093281132656,1.4092303975437368
1343,3.212183231911827,0.8376750883819386
1344,3.212183394756277,0.39535037375204707
1345,3.212184392716292,0.45634294934217057
1346,3.2138885059306537,3.119720436481244
1347,3.213927133865769,2.8523153745496486
1348,3.215061427589654,2.126031668406891
1349,3.216826423653928,2.043290910279602
1350,3.2180296295937776,1.806255584359418
1351,3.2211128141418564,1.2567762870468164
1352,3.2241413075229164,1.3772731103490343
1353,3.864417644559941,3.000543779198323
1354,3.864417724614107,2.668816046721412
1355,3.8644177286989567,2.878332046843739
1356,3.8644177286989567,2.671836933034232
1357,3.865742517074774,5.339002814873055
1358,3.867247553070647,4.049654072294212
1359,3.86740193423676,4.06504133074225
1360,3.8684118575045066,2.475413844098943
1361,3.871240555464936,3.124957461543219
1362,3.87124815156703,2.2275579686163516
1363,3.8734980901491474,0.7468353908061285
1364,3.876441340274317,3.657027117212757
1365,3.8783584948860654,1.4584043475314266
1366,3.881537916991345,3.9167235322361886
1367,3.88194854924484,-3.4659162302263096
1368,3.8819491284808048,1.6060995724871527
1369,3.8849852147584505,3.9818392030319973
1370,3.890984659034236,2.524624822701645
1371,3.8927800765104417,2.9681973022114825
1372,3.892780799436798,3.127617133650397
1373,3.892780925587766,2.6624021701887286
1374,3.893149072239342,4.260988598422262
1375,3.8931535020187287,3.669643160406558
1376,3.893318843234935,3.883934312158007
1377,3.895147639446126,2.4184861834610576
1378,3.895823247890618,2.642537490044931
1379,3.895978171792765,2.921656833192019
1380,3.895978228665176,2.623643160444928
1381,3.896004477065352,2.5961780609397254
1382,3.897673069206288,0.7273980978237065
1383,3.89841262688014,2.4055245059334216
1384,3.89860239673953,4.0803973499738975
1385,3.898615557985838,4.371231520923998
1386,3.901753234747311,2.769237217933235
1387,3.902166779416384,2.922365273233094
1388,3.902889521782335,1.2409002530053614
1389,3.903730544569605,2.174224752247765
1390,3.905877794028976,1.4187529862546195
1391,3.9059889347581183,0.6194377859782108
1392,3.907728793354521,0.7842589869667174
1393,3.908111335799407,2.9905873892205035
1394,3.908111512883621,4.241827437060794
1395,3.908228594309101,2.516439709155324
1396,3.9082326196127832,2.4343684129245986
1397,3.908242102689841,2.3909696044759823
1398,3.9084965732101113,1.067018241176926
1399,3.913193474708428,4.054014126039668
1400,3.9131936032206815,3.810273052595795
1401,3.917506725263488,1.7169841211689105
1402,3.917506773797504,1.6400353811294415
1403,3.9185745157319865,1.0306253832343966
1404,3.919813265460884,2.6016005830574938
1405,3.9198588263462746,2.621599530772564
1406,3.921985626110503,2.8933789379755264
1407,3.924251653842815,1.6933267260934661
1408,3.924251669859257,1.636372078273559
1409,3.926273368938774,0.7227242736177231
1410,3.92655663466603,1.6750275848007754
1411,3.926556784031428,1.2672007827167122
1412,3.9335163765404064,2.4951644538511277
1413,3.933870192893496,3.3264472631240976
1414,3.9347710194555816,0.4255367886772401
1415,3.9360709335041655,1.595186265993831
1416,3.938611302183257,3.8253590360650733
1417,3.93991238127642,1.6695155306095564
1418,3.942805127857606,4.190599338128243
1419,3.954474009467288,1.9722391483433261
1420,3.954474194807472,1.3767695115158416
1421,3.954791912096644,3.124732278784937
1422,3.954984466693952,3.1940309975414154
1423,3.957701098552182,0.6672473814729625
1424,3.95842632276362,2.4817774532480743
1425,3.959340135176904,3.8850131663686103
1426,3.963096660880703,3.0116719654688637
1427,3.96496687340962,3.329623145508595
1428,3.965819090324338,3.4594098593423213
1429,3.96909941047826,3.282089628721601
1430,3.9692869494914,2.3462414271879464
1431,3.970144334940781,1.4068174119046537
1432,3.972977127953569,4.014128437507047
1433,3.972985560656685,3.307440309323212
1434,3.9754380531912,4.476361806632408
1435,3.97662815367777,2.4424945984502795
1436,3.9772460931832976,2.212492776484766
1437,3.977246228901899,1.8765959149217246
1438,3.977861918301172,1.4783557093508408
1439,3.97945207163651,2.836211290237479
1440,3.981561963355847,95.39604903282557
1441,3.982095658926492,3.2041526183371305
1442,3.988550329958336,3.5601653821328494
1443,4.601587710772808,6.135174549915358
1444,4.601587797202942,5.960170294119173
1445,4.601587886417154,6.165597827607289
1446,4.608054901453501,4.758433435534254
1447,4.610231248989031,5.341756737331866
1448,4.61024215592098,5.342519495951741
1449,4.610242170350452,5.282961981034545
1450,4.618082551609834,3.959812262407607
1451,4.618201194406718,4.178278386111356
1452,4.61822274995627,4.561593783679898
1453,4.618223575775919,3.0407582368345185
1454,4.61943289348353,2.468417894308447
1455,4.631925364650249,4.4408818736341
1456,4.63322422872253,4.626343575106727
1457,4.635636495042325,4.749843998718335
1458,4.639567459260955,3.8006117140953757
1459,4.640817687555992,105.1552166302154
1460,4.642000607529491,4.595032829073501
1461,4.6422787549930655,2.3330183943331706
1462,4.64227882633657,1.9318624044408081
1463,4.642670538106407,4.820648667250426
1464,4.642694094293288,4.825107420977894
1465,4.64269417886752,4.796504917746925
1466,4.643629213064601,4.102985577036722
1467,4.644352336491034,4.955214642272869
1468,4.649248787950434,3.902808057860393
1469,4.649759450736109,3.9547925001865094
1470,4.65155810461974,4.156551828096508
1471,4.652481524782982,3.952670659488966
1472,4.654834947933267,3.9474187920706143
1473,4.65779033406296,3.4515578879081072
1474,4.661245670180595,4.1104911474521115
1475,4.661857112323203,4.409811251525291
1476,4.6644901690777605,4.335627041839279
1477,4.6644902294945,4.1009355613030705
1478,4.665387507091038,3.9317562543319706
1479,4.666002834161947,1.4729471597237183
1480,4.666005101368672,5.806445116503632
1481,4.667068724297484,4.315766470726657
1482,4.668088799584621,2.476571072200594
1483,4.669646566301115,4.640256869650635
1484,4.669796073205941,3.3296866535170255
1485,4.672920985490112,-3.552853267361961
1486,4.673277042807925,5.491118968228912
1487,4.674365215181435,1.6587945999931644
1488,4.674365787777214,4.498896777279826
1489,4.674367395260995,4.419696944739
1490,4.674941417053559,1.6401979695947237
1491,4.677888912860292,2.845675567698705
1492,4.67932487028121,2.9375693830170277
1493,4.683712248611863,2.161051567162167
1494,4.683715075152377,4.712635509478661
1495,4.68831095900221,2.168502041524098
1496,4.689700925612181,-2.0069691227889392
1497,4.689797368837434,-2.249997799669857
1498,4.691051314843447,3.6025253826667782
1499,4.691051689713314,3.003496675122329
1500,4.697914122316523,2.7929628393036934
1501,4.697960851776199,3.8750452419367853
1502,4.698158029479682,-1.886367804860802
1503,4.698675472371783,3.741588025530831
1504,4.706959177147191,4.751509167755522
1505,4.707491864766944,5.08184094884143
1506,4.707491927159985,4.637482757638027
1507,4.7090667519867,-2.9546541574864604
1508,4.7093015864311765,0.7900938529961481
1509,4.7093017856988455,0.6257130228839181
1510,4.714292579988175,3.08480767413115
1511,4.7169149430215285,5.270895224959381
1512,4.716919698530703,1.4740674071098212
1513,4.716919946344926,5.017005432607341
1514,4.7179784101467215,3.3450615490202793
1515,4.718079514954367,4.12317790906893
1516,4.720555011026342,2.4329166640360183
1517,4.720608118171014,3.12049172016183
1518,4.722342658549304,4.727872563542423
1519,4.725790234827009,3.875874989659345
1520,4.729793704995344,2.8910860135375813
1521,4.72979385736541,3.201211647806507
1522,4.729826372394546,3.3207562956309973
1523,4.736358832161131,3.6401965074347435
1524,4.738110520768327,3.2981452277005685
1525,4.738149274401585,2.566667378880944
1526,4.738814745720847,3.3806611749250237
1527,4.760790448281004,3.619018072133236
1528,4.769259539033229,3.630235563879988
1529,4.770718180428933,1.751190667272338
1530,4.7707196124383024,17.387987656467022
1531,5.373771308593264,4.616556104620788
1532,5.39370195517028,3.608474785998583
1533,5.405978738088786,4.963102443747271
1534,5.405978852935985,9.665030103888954
1535,5.422488259542186,5.5353288596591534
1536,5.426928885825895,3.5747082026858856
1537,5.426929127558035,6.032715082928545
1538,5.426929363378102,5.790149996846393
1539,5.426929412128959,6.104996116547525
1540,5.433430910127556,-1.0601190824158997
1541,5.435183065647532,0.8440883634790237
1542,5.435873518422108,2.4312152410055954
1543,5.435876277571163,3.2681797379540845
1544,5.435876536385663,2.7571568589974484
1545,5.435876686518199,2.3713364369697327
1546,5.441155527781175,2.418620942550582
1547,5.449081014112862,7.750691136258503
1548,5.449081014112862,8.848692480392387
1549,5.452600471528823,5.456585676744959
1550,5.452600965384429,4.6336767237570955
1551,5.459252607068977,4.595013747501941
1552,5.459252834637147,4.74387431595539
1553,5.459252946918262,3.484567611378348
1554,5.459253105901426,3.99527523885558
1555,5.460638265292493,5.431797843775678
1556,5.460676539784108,5.4533522537677666
1557,5.465986984954776,5.084545227752285
1558,5.475777603359146,6.393057883181783
1559,5.483051525761127,4.557309482426319
1560,5.48676972472843,5.589362281736884
1561,5.494662135605886,-0.4566852038727809
1562,5.495423139900574,14.031632662554557
1563,5.495534874254656,14.606477507040527
1564,5.519669276135492,3.925662740040165
1565,5.53066883747959,3.0273979087736826
1566,5.538513042646758,3.895532670551767
1567,5.539753319112298,4.80617473609237
1568,5.539779059188232,2.2919810883772485
1569,5.546579140757673,4.555883815773383
1570,5.551996971146517,4.874298812566211
1571,5.55199742561387,3.9440183744445694
1572,5.5575224175271485,5.141239894786402
1573,6.12600763419853,3.601388540190528
1574,6.130861561275331,9.39296202239068
1575,6.13216376445804,7.667506710045636
1576,6.134811016878551,4.564577480538505
1577,6.141476183693194,6.6490631885200395
1578,6.144076742765572,5.789072054238703
1579,6.144110190256712,7.666067844729643
1580,6.1441604138107495,4.44545945570548
1581,6.144564747750334,8.29564063709731
1582,6.144564833247865,6.040322894406489
1583,6.144565010602348,10.942428217874355
1584,6.149171447577011,6.2846877567325325
1585,6.152728588804791,10.34987844275697
1586,6.152729403098742,8.084871702236649
1587,6.152729537108273,3.749071496972854
1588,6.152729789224963,5.05256113227906
1589,6.154140796865373,11.009945851682849
1590,6.154140796865373,11.229083449020843
1591,6.156630700174296,4.677827583015548
1592,6.169295866076099,5.448138089986436
1593,6.172605520346551,0.29670551695244196
1594,6.176394305509538,9.880044931158247
1595,6.185009565414353,1.2774953203614259
1596,6.18500960697386,0.5858182477138008
1597,6.189981069687296,1.734355515445288
1598,6.193554775958477,4.429712724744858
1599,6.196231176836342,9.992447609423785
1600,6.203983365206986,5.094162759578687
1601,6.215389860577483,10.639126630637358
1602,6.22075232048459,5.406654577892413
1603,6.250702748764357,15.346124179184681
1604,6.265910041035251,21.154366925007594
1605,6.274343520814299,5.495737513922805
1606,6.27726715084128,7.549108618146183
1607,6.277267853222972,3.9199914320802938
1608,6.279957386394985,6.0157845697694805
1609,6.282457019578587,5.8215269272948404
1610,6.301536914586271,2.9027438535324563
1611,6.331471245344849,5.370503232755157
1612,6.332984571641095,4.261581477553953
1613,6.906041939689147,5.638419196621463
1614,6.906087110461393,6.771664402072284
1615,6.906087332833983,9.44919255579443
1616,6.909876688968572,8.864803992580063
1617,6.919709422181085,7.51877714558373
1618,6.939240798378546,6.4982305212120215
1619,6.942358500421793,4.49380211343666
1620,6.942361964673842,4.389168518038661
1621,6.94590084269846,11.419954719487354
1622,6.962936297432842,9.255195742337033
1623,6.962958342239447,103.26230114505131
1624,6.96295954811144,12.39825481092471
1625,6.971124344654136,76.71982166719289
1626,6.9888903642959646,5.224817592632941
1627,6.993754948298316,11.675228789027203
1628,7.001028272567265,2.0035945957496217
1629,7.013750697072976,8.906978620446514
1630,7.015443939681101,2.6862753142726152
1631,7.015501050239398,1.9349831478445374
1632,7.024899792058039,17.075518570748336
1633,7.024900509985267,18.27607574458548
1634,7.041964415475804,1.897968079013515
1635,7.041965204617839,4.154773047794107
1636,7.041965402911257,4.016290228267257
1637,7.041965402911257,8.61980368659506
1638,7.041965416396777,4.045357571184627
1639,7.041966231182113,14.873263103619497
1640,7.057629590072343,-0.538029953622329
1641,7.0576335527332965,5.057351160714173
1642,7.067134269126206,74.20404226540249
1643,7.067151481684761,14.046494764733849
1644,7.070809461293046,7.124564099388207
1645,7.070810196084835,8.386202248696168
1646,7.07091350002383,11.544749021399458
1647,7.075176738019756,6.150709368350961
1648,7.092059112950399,6.481650538970495
1649,7.094963308044239,4.508789068569209
1650,7.651164716972705,68.72635501824763
1651,7.651164764797798,6.094737759798293
1652,7.651165341588776,10.628763298477594
1653,7.6512342284945,11.42885041065518
1654,7.673309659827853,31.792856303896563
1655,7.708374254782993,10.167986971471379
1656,7.717682165229176,10.824726823210792
1657,7.723759049648352,17.216676619308032
1658,7.748270319500803,13.557832278832727
1659,7.766847320583083,10.380749726191278
1660,7.766847320583083,4.113519542719894
1661,7.766854035706984,4.224784866615172
1662,7.78754825876765,7.85043727348657
1663,7.78754825876765,7.057360526054381
1664,7.797214196293375,5.435915412649656
1665,7.797214208197635,5.079644549184014
1666,7.845088040899616,9.548290778974447
1667,7.893784882346772,18.07499272272178
1668,8.430984565836258,14.941812236111009
1669,8.489628110022819,18.573937699142174
1670,8.504523358682054,7.38783351070537
1671,8.569516566274018,96.1833545740252
1672,8.571386727439965,56.41986966558599
1673,8.571569020402894,28.385372821216926
1674,8.601581354714046,33.73885600596879
1675,8.607724199522618,13.05153575186653
1676,8.607824589120767,8.522205029403871
1677,8.634698051886303,240.8294096341123
1678,8.650307590499114,9.714300028548303
1679,8.650308188058208,14.345795226794156
1680,8.650308301704452,71.64844564695655
1681,8.650308305966963,119.42748529150538
1682,8.678052724533977,7.145135573117932
1683,8.678053816390502,27.552891038925516
1684,9.143052956861965,19.744996907838992
1685,9.192477477982552,20.061421978007978
1686,9.24168343354459,31.42860256208013
1687,9.24168343354459,77.73112079430764
1688,9.30632881994212,17.605970713184288
1689,9.32557360552845,22.400380140371283
1690,9.329526876460262,50.953356001284284
1691,9.360574718632543,17.11851065742247
1692,9.3845451165711,26.064546887710325
1693,9.423393041242512,9.126196522291714
1694,9.423393344540369,8.981165085369984
1695,18.19368579851836,24.030973968926638
1696,24.831080236383304,15.620431751520368
1697,25.729888106831424,118.68402082291043
1698,25.74748219913348,20.941108809981564
1699,29.11401563115937,21.739328905359443
1700,33.0256754604101,47.01026745561573
1701,33.025798132361025,7.240961990851338
1702,40.07765452785907,-4.8175340120901415
1703,40.57622656923373,41.160296831499515
1704,42.03788270651052,70.58498556204736
1705,46.91371591337897,12.082990961957542
1706,46.91371592300813,16.16920312026449
1707,46.97085303609675,45.22403993469027
1708,47.01693478880338,78.31193067981884
1709,47.01693480018954,29.72152915522149
1710,47.92261699542773,7.415455597454378
1711,48.05975451756714,9.173724044090601
1712,53.1722394835697,59.41919228528079
1713,54.61748677290227,48.363731698233636
1714,54.9857742255595,0.5473267287893223
1715,61.55560850408384,30.44462923654719
1716,64.49098380000385,10.42502750800263
1717,69.64157716777878,130.485335656196
1718,69.6416007638441,57.318391038631056
1719,71.84257474502365,2.1415732156020644
1720,81.28247875048898,102.04471094735214
1721,84.08262023560299,2.5468700816248537
1722,85.00887044608449,63.49688575485195
1723,85.00887044608449,59.759668786784204
1724,85.64274766687203,127.93547592303901
1725,85.64276126147254,118.53888415592213
1726,85.64276363107048,148.10263377276382
1727,95.11332954387802,578.5255481244101
1728,98.79895255946948,65.49645990418222
1729,99.61088667184497,44.28074555722597
1730,111.41994847269208,98.486211287978
1731,113.59668198145934,30.503126966551637
1732,120.67800449652472,81.62880818926735
1733,120.9415589867896,81.90913732774528
1734,120.98701286797832,109.77649901128154
1735,122.49804593186678,224.93481767016385
1736,136.33791012765255,276.41905118376627
1737,139.50639250896575,15.538597869409541
1738,140.6893049327823,162.25775425568136
1739,140.6893049428619,126.10984634939945
1740,140.68930495236134,203.61211755190362
1741,141.29908884126564,104.05095295250041
1742,141.57576392320448,159.24507935021003
1743,141.57578638298548,55.5794200690563
1744,141.57578977103532,67.1242729041586
1745,141.57580489760502,47.66225057906045
1746,147.15615675501738,120.94603263003756
1747,148.0271744760404,101.44881270792963
1748,152.8015239505196,39.981962965581204
1749,158.30260797499074,240.20824395129216
1750,158.30260800229888,173.4916690760952
1751,167.85040363520068,19.55426439299617
1752,169.98003634176015,139.98867084799957
1753,174.70851170179648,32.6900083788055
1754,177.55033486503274,16.75311284393272
1755,185.24917462325,233.57411851564112
1756,185.24917463143,382.53874923668195
1757,188.74447753681636,218.22503047947635
1758,192.46416862089595,197.5941324949531
1759,201.60130247885684,103.54328934798139
1760,206.55528366961076,266.5624749727908
1761,206.55528380714296,276.06868960558654
1762,206.5552838340409,305.06569870456656
1763,206.55528390128765,261.5815173208542
1764,208.40246437521108,238.6850543847762
1765,208.5497225110028,130.50014220245146
1766,211.9864183037225,138.12558524932666
1767,212.70187475565692,198.0052347658863
1768,214.04219168403145,97.67283731943854
1769,217.90120600690616,170.1745374479326
1770,220.09006483341904,242.13280862784
1771,227.1345451760433,281.83784380295606
1772,246.19618107628187,203.34068835261454
1773,248.61950732896247,262.5515030147934
1774,249.92162145880957,162.0212758205471
1775,251.3265084773983,63.61971848647286
1776,251.49694371261708,286.0313960369209
1777,255.95961714877612,225.13600594609298
1778,259.57257462763994,138.75215386427755
1779,263.9632396796786,374.1311709586953
1780,266.77221017500307,183.62595658227153
1781,276.48268713312206,240.67463000534266
1782,279.7141341765554,320.62448777165105
1783,282.82142259385625,221.95691555307275
1784,284.4958372987392,134.01852248283114
1785,284.50067549395374,239.22149884992018
1786,285.2209425723248,85.86633747690126
1787,304.3828869772721,328.7319967018763
1788,308.5186933091709,341.3191338117431
1789,308.5186933118524,341.1073023724018
1790,308.55502950945555,604.4373320641517
1791,309.4686973291597,402.05876584198006
1792,313.1110399601324,340.88365568762794
1793,315.06790301216046,311.3736306935222
1794,319.325353194638,360.98814553523135
1795,323.6877870158935,427.0095571344183
1796,328.6275832672888,283.70433221447007
1797,331.21086992943657,638.5569750634718
1798,334.64344192373363,324.9055165758814
1799,346.1083701657252,297.8319553726761
1800,346.1083824391856,366.9863629503687
1801,346.1083958644026,370.6208528551408
1802,361.86224494957634,309.89926843005645
1803,363.7255269668912,398.1871945416879
1804,394.8915277759697,413.3197375671937
1805,402.3152694951008,673.3864956327253
1806,406.8539893196776,314.5246237792999
1807,406.9623601404764,332.53419207672516
1808,409.4702038326296,513.43799682645
1809,411.62867102185896,528.1532667026098
1810,411.6286711712695,482.1891592602018
1811,416.3423345348311,328.9465931601911
1812,419.0754862137935,505.6277979019075
1813,419.4224966294207,498.6445117157234
1814,420.4336952733312,411.19321311590375
1815,420.9948123747952,296.30529571794193
1816,421.22480163496925,531.9241196495373
1817,431.94081365732455,365.69211068513965
1818,436.1964751597067,485.96041339016926
1819,437.23480803159913,604.7201310097884
1820,439.156796674089,507.37178371378593
1821,442.8274240198145,278.58947806950835
1822,444.8062914536597,450.43618271838204
1823,450.50838985919006,478.4678363920764
1824,450.73533946918826,470.2458858260387
1825,454.88567534917377,438.8515307214166
1826,456.0772694221966,474.0080264980203
1827,458.3854892440365,512.6765306542826
1828,458.38548931249625,490.1716354580357
1829,458.50915625955,304.15547800530896
1830,465.9475708358523,547.9875417517692
1831,466.601228692098,210.84951176199002
1832,469.510212388013,542.0629834471825
1833,469.6025058907079,169.9170246462857
1834,471.05025246539054,468.40275717956195
1835,471.7575825840213,559.202814225429
1836,478.1606322567144,474.99535353467843
1837,478.8685758082051,477.2814122455548
1838,480.5779019578572,397.09429904438025
1839,485.0033859248673,403.45716273710394
1840,488.6334678705392,512.8903218450653
1841,492.1456914068343,528.1496890584709
1842,493.5361062902985,476.1378185137545
1843,495.0227792586972,566.8108217915027
1844,496.9714411354237,520.4942587111902
1845,507.10377398733294,608.0910563844474
1846,512.7307743991937,419.4924001091641
1847,517.0419851880341,299.72348503800197
1848,518.961306628071,778.3132236407806
1849,518.961306628071,577.9715040551532
1850,526.5053646476435,496.74323968810273
1851,535.6029185892936,655.9617570151787
1852,535.6029186077965,513.994047046706
1853,535.6029186306032,563.7811092529881
1854,540.2084577581654,590.7299676683716
1855,540.2086738157491,529.5856544182362
1856,540.2086844689954,545.4688414078626
1857,540.2941329010908,51.72060293297904
1858,545.2033560775213,735.0794193817216
1859,548.372806311295,425.61110503736074
1860,553.0366344586175,500.8211619229314
1861,554.1185872368956,445.296377093999
1862,554.1185890885624,372.3065917383801
1863,554.1185979060197,446.1923407595788
1864,554.1185998731039,419.9854370576918
1865,563.2304530635298,673.5116519548257
1866,565.1611217499805,693.0654266041939
1867,565.583159605338,948.6577734352945
1868,579.5457013269745,623.7169194161426
1869,585.3646340511972,577.4703967867287
1870,586.7577454278119,660.0195609362612
1871,587.101050803599,638.8879527669544
1872,588.8296547868509,585.9957171551024
1873,598.1152556479672,521.6881636248322
1874,604.1168117549832,627.7815806877587
1875,619.0645887160538,621.0963588156682
1876,619.0646243507761,594.6798251335515
1877,620.7198093958531,547.4693968550342
1878,627.2178756909772,63.680844671036866
1879,638.2418996092787,661.0094434547606
1880,649.7156715936445,624.3581478917823
1881,650.9044069179594,631.7366863528736
1882,656.5685003183661,752.6426088869083
1883,658.9233577818455,620.7092459885465
1884,664.8940709376179,793.0615579153467
1885,665.4968838095156,637.5667470832013
1886,670.6771102464209,717.0623148212617
1887,670.8101947805671,537.2823965580006
1888,674.5877730722942,522.0472570120595
1889,674.5877731016323,724.8423330984564
1890,675.8745769373054,712.742718236699
1891,675.8745769464333,619.5915105873364
1892,682.7593756325971,753.9821190352247
1893,682.7594112854072,448.1912654412335
1894,692.1440733015063,842.9497688604894
1895,700.0075825951187,730.9857274340628
1896,703.2005122843453,687.7419325862082
1897,706.351888399279,657.8217114927021
1898,706.8568852367871,647.8330519837372
1899,708.274203210235,749.7280307024265
1900,715.3609135751561,767.2929445430408
1901,716.212544180426,619.2317163744026
1902,717.1489185514918,675.6253945963883
1903,721.0739893130669,639.0757966028183
1904,737.1945948533814,555.0833031636239
1905,748.9773398691252,798.6100641898455
1906,748.9773553433868,780.5158247088914
1907,758.1278402314782,774.936562468329
1908,764.7796177890771,821.5280909713616
1909,764.7796178105522,799.4384345696932
1910,764.779617821476,819.343796451829
1911,766.5699620658633,806.5626727956436
1912,766.5699628892148,801.4001302474622
1913,766.5699657912878,737.5312716745576
1914,766.6819453649235,722.4105766905251
1915,770.0217759155262,824.6816132564778
1916,773.4495574202866,840.2263986243962
1917,774.7429366744923,718.996392967019
1918,775.0417296717495,634.1479881106167
1919,775.0783586182539,799.6584645884986
1920,778.3098358316489,761.3044983721137
1921,779.4260982338656,791.6409632888491
1922,779.4260982668294,803.9778767842901
1923,779.4260982741871,876.9991219974436
1924,781.0880892371875,787.8303215194449
1925,783.1071530484784,783.2921657809001
1926,788.1663967316289,788.371975209973
1927,791.1009175746775,745.8851299590368
1928,798.2424297567044,850.3127953870687
1929,800.2386706518691,174.86927895202496
1930,806.0695493466955,951.7572972338312
1931,809.1360548197837,647.9194685317353
1932,811.0885110115439,738.0367067071833
1933,811.3669082966345,741.095608475505
1934,817.2162077455046,819.7426011005481
1935,824.6214264477826,881.7882184387021
1936,843.0157477275734,864.0561248960724
1937,845.5834569438812,911.5357414551748
1938,845.5834569816457,832.66682684097
1939,856.0198387394311,698.3538585109249
1940,856.6165557317368,880.6844276100175
1941,861.0112224884797,902.4497370592738
1942,861.5923524458445,695.0616517630311
1943,861.5926866063463,992.2681300989303
1944,865.4527080154793,905.8503815972927
1945,865.4527481112983,863.8440488340094
1946,869.8703922439577,950.1940188246109
1947,869.8703922439577,875.1267297934302
1948,870.9373900535942,711.1254689150056
1949,870.9374249998177,1081.6170901198252
1950,902.7867783081034,932.344231377334
1951,904.7014161459322,663.9451968423049
1952,909.0695963066572,990.6210219257586
1953,909.7672164152642,870.7657483003611
1954,909.8068467691752,958.77007260532
1955,916.45585316805,862.1419032747414
1956,917.6741258048957,925.5449059690751
1957,933.6705711591136,913.7885334726703
1958,944.1603427618696,887.5756243701429
1959,955.0489774454012,868.3221247416783
1960,955.209098919136,783.2920618767383
1961,956.8167972620888,983.4171435729368
1962,959.45937749167,881.4352708850112
1963,968.849846900066,1007.9386491603876
1964,974.0454318332258,894.1266750273074
1965,980.0993419743616,939.9611213488885
1966,982.0693202930923,882.7779823290556
1967,982.0693543332196,884.739433788101
1968,985.61196224091,1020.0035975236568
1969,995.4290860079306,582.8081890305391
1970,998.8800040013612,869.7216010472115
1971,1000.475737249456,1027.2316264284336
1972,1001.7976322819992,997.2675132173274
1973,1009.9234535124403,1058.1188213232067
1974,1011.2639993938884,1025.766150395485
1975,1013.9514344796996,926.2157057391257
1976,1017.6194683247364,999.6490957434019
1977,1018.0743184926891,1214.9023852298833
1978,1022.4423287237804,966.445329087924
1979,1022.442334897754,867.5837349279778
1980,1024.4624249547896,888.2239767168747
1981,1024.716658395895,1079.02121763398
1982,1024.716669660782,1050.0781567778704
1983,1026.0083052062985,1053.522922175875
1984,1027.4083433244198,1020.735707506059
1985,1036.8020995870756,1117.7558299762036
1986,1042.1960782001818,1016.1224232613642
1987,1050.7319387053642,979.0984966339432
1988,1070.366203616598,1071.6909337282636
1989,1071.9387900571278,1037.1008899446224
1990,1073.094712033797,1026.8635025259987
1991,1073.329435580359,883.590939971412
1992,1095.756137359719,1118.678756201215
1993,1105.7559781102084,1071.989953184554
1994,1107.4225937910878,1212.5819799297005
1995,1108.9568494963974,1029.4849807223018
1996,1108.9568536708116,1023.8718300529257
1997,1108.956854922725,1081.6322685491045
1998,1117.8457385879203,914.2247198449312
1999,1117.8457392171213,1118.5343218875291
2000,1117.8457392421958,970.439757710922
2001,1118.5588366406162,1067.4770701730658
2002,1118.72664174813,1107.8015935344833
2003,1129.9532761407795,1181.6198257873252
2004,1135.3345392154122,1133.4317302525596
2005,1138.091719709052,1065.6667582389841
2006,1144.1308654510074,1081.1849829919283
2007,1150.083468073418,1186.3693715131026
2008,1151.5174663619314,1162.1710343468549
2009,1152.085216616834,977.3373274395327
2010,1153.5683249624142,1060.7892252345878
2011,1162.6657547497855,901.9282073387559
2012,1164.6813086248785,1192.8665715147395
2013,1173.5251309740188,882.0775390540324
2014,1181.9606777086556,1317.1743770516496
2015,1188.538239753435,1193.1931680746957
2016,1190.3836099246078,1156.206490214905
2017,1194.3445031486526,1132.9800308425506
2018,1197.7466505052032,1008.8496802082071
2019,1200.3835943556408,1165.022797249676
2020,1207.6671195713848,1122.8592005118776
2021,1225.4874006283153,1168.6328982118434
2022,1227.2379019942423,1339.7156628772314
2023,1230.5851019344498,1328.5018857276827
2024,1234.8988994748672,1205.4237689099218
2025,1235.6312926518594,1215.519436973806
2026,1248.9708521436191,1194.310658790277
2027,1256.824515203347,1285.5514740171238
2028,1258.0386733403218,1232.4060853934852
2029,1260.5320159758226,1154.635965996913
2030,1260.951672491573,1278.9589235917047
2031,1287.0077253916666,1402.239688057271
2032,1290.5615680318672,1283.0284081161758
2033,1296.331743453696,1327.2542875652962
2034,1298.729498219319,1283.688176702874
2035,1306.8187105855395,1324.007725269863
2036,1308.210556537669,894.6692514239911
2037,1316.345272165997,1334.2027797377227
2038,1316.745953092572,1241.0285261684194
2039,1317.0825778449607,1342.075308847976
2040,1317.0825844741755,1363.5277004240916
2041,1319.7423478945627,1277.574049226435
2042,1347.4092070432707,1367.6182083543072
2043,1347.4092494899633,1378.4878833070434
2044,1357.7234041206025,1447.2020081639184
2045,1359.091414357818,1352.732835937874
2046,1368.612580352133,1331.7666755707842
2047,1369.8319079164062,1114.3373258626448
2048,1383.9201941088013,1186.8022448453507
2049,1385.6928871548355,1392.4389894040364
2050,1385.6928874973196,1393.5662133438582
2051,1385.6929074879013,1452.4855532197894
2052,1388.2042985376545,1292.489152036775
2053,1389.1775883809432,1358.9496692157654
2054,1400.9438775227104,1340.3654478810317
2055,1400.9438793629322,1340.850368793278
2056,1412.953805132599,1416.7690584623383
2057,1412.953818847118,1530.6386355416594
2058,1416.871555171462,1545.8413379499875
2059,1419.5559164838974,1419.0064861060496
2060,1422.9475230646358,1442.52045655778
2061,1426.7406313932363,1465.7808990247163
2062,1449.580263539234,1521.6471110813554
2063,1450.723825258866,1353.0608055645098
2064,1461.1711850802153,1149.2199522798796
2065,1461.1712987432602,1450.7481948372542
2066,1461.171302577707,1455.4710021366068
2067,1461.1713147348082,1500.8888127611076
2068,1466.072092955577,1760.827782624092
2069,1471.2595196862435,1544.0100901672117
2070,1473.147422185196,1529.0579068856978
2071,1478.7848903709055,1353.7424469793682
2072,1479.0604415268867,1534.3611477037166
2073,1483.089315667681,1431.0682363944838
2074,1493.9688333514491,1449.7423482410518
2075,1498.9221399506644,1438.3473771327895
2076,1499.8687263487543,1262.4877460212192
2077,1499.9876663534678,1549.8704234990714
2078,1511.4613367672275,1649.127273239194
2079,1516.5648744479172,1357.0386752121267
2080,1519.5681525523628,1516.1067453494165
2081,1527.3146807703129,1546.041083142321
2082,1568.8746559103758,1547.7256214050085
2083,1582.457335157217,1775.9121826771539
2084,1582.6379065650117,1222.7864086679133
2085,1586.642726659244,1554.4243019971955
2086,1593.828166976929,1563.0171956102731
2087,1600.0430708425588,1576.749169309112
2088,1600.6132196156875,1463.087967385809
2089,1605.3355903247275,1285.9211321127304
2090,1605.3356203357775,1419.3793899615189
2091,1609.1674355765165,1585.799440512923
2092,1609.1674355882153,1578.0353391015315
2093,1612.057044396021,1424.093459918789
2094,1613.7969833486552,1635.276134762105
2095,1614.3681352897495,1555.8576413385763
2096,1615.370851709492,1653.8312609517989
2097,1617.9806135190786,1674.8231773642
2098,1618.2599981651758,1422.2549363980293
2099,1618.261632393061,1569.4954942593085
2100,1633.355119478187,1506.3428544593844
2101,1635.841433348397,1576.7308453307392
2102,1640.906621623926,1458.732364864225
2103,1656.138869250169,1310.55396097112
2104,1658.5226509743648,1681.6068405285068
2105,1658.696145055046,1516.1983646062213
2106,1660.0970488245969,1570.6589819301744
2107,1668.628156085533,1485.060066621258
2108,1675.5514796461366,1758.059302889983
2109,1678.9862756645675,1632.3696674192706
2110,1684.521831183744,1721.2523483646014
2111,1700.2336724194618,1482.0371270009355
2112,1704.5059332270368,1665.8373658639794
2113,1716.3382873000971,1753.894082750784
2114,1718.430269682797,1686.1717252742137
2115,1718.430274752088,1686.4850623704137
2116,1718.4303377802908,1667.7755919605174
2117,1728.7084992334928,1592.9371159842408
2118,1730.5918481716544,1647.784762505014
2119,1734.8245426140472,1723.2945499000966
2120,1736.751152609194,1853.0270789516808
2121,1742.63675416977,1827.1950323681044
2122,1760.6093539627782,1793.4337649057406
2123,1767.3057754886345,1841.5476955017575
2124,1770.2773198906702,1727.4957309138608
2125,1771.4187378810398,1549.7045408983658
2126,1780.763742297112,1766.2067992198904
2127,1782.99085169959,1798.8448872912877
2128,1783.805429593131,1326.094390266409
2129,1787.8842704159797,1831.1684568607402
2130,1790.333703241616,1603.2544427830012
2131,1792.585211541326,1695.403316643412
2132,1803.1585817095925,1792.5471093998444
2133,1810.1710978374408,1805.5265569890812
2134,1811.2379178737476,1807.1193537493127
2135,1832.1422539706875,1574.99440930423
2136,1834.424399288332,2069.8017768647483
2137,1836.3478212725115,1383.6028252464926
2138,1845.0086745287188,1842.0986128851264
2139,1848.3611717563945,1655.3681227163866
2140,1852.1922886214104,1880.8793747108853
2141,1861.3775339229592,1973.7191632485628
2142,1876.7577718793068,1913.160388055137
2143,1877.590321709824,1877.4362002087228
2144,1883.7771144914807,1842.0199695505316
2145,1888.809597882376,1888.4523264243699
2146,1889.469249948523,1877.8467413348294
2147,1903.8085676771125,1903.6728869054446
2148,1904.5313594846748,1888.7968961141764
2149,1907.65532709298,1864.5877043229125
2150,1910.556985496905,1762.5438188679695
2151,1913.473905818583,1821.5409868941933
2152,1917.7001997633845,1922.7520069436255
2153,1920.971520969814,1825.7596363492726
2154,1920.9715284883584,1853.1995603772061
2155,1920.9715768207236,1861.4046239683084
2156,1928.817819816892,1948.4025188595192
2157,1929.7414834322217,1991.3560854034872
2158,1931.8586912826672,1907.9195493223333
2159,1939.0188894646672,2086.4125304729578
2160,1943.5262255911105,1846.8933295928946
2161,1955.7517014545704,2010.6341930706517
2162,1958.0556628828292,2060.910552452781
2163,1997.402969010924,1992.4883890782621
2164,2000.8205276216536,2010.9226047464635
2165,2007.9787557390468,2025.6469415762704
2166,2008.2003184257464,1974.4248298851294
2167,2018.0419450786103,1950.1808890481157
2168,2024.3516271691635,2017.4162074536894
2169,2042.414448614398,1973.7212408440141
2170,2044.4756164971916,2018.0574077756996
2171,2056.0382095261466,2034.2659214292457
2172,2057.0029520420094,2007.044365166757
2173,2066.937697396966,2159.969797355264
2174,2071.7759905012867,2052.8036055544885
2175,2074.145154122536,2064.556735531226
2176,2074.1451778077,2033.3531614497047
2177,2092.991318216076,1958.4347045277232
2178,2094.309063201876,1911.9147277884172
2179,2097.977848354893,2241.2088481204396
2180,2097.977848873886,2248.458528083504
2181,2103.182303876613,2071.7317309187656
2182,2108.946728314316,2124.383968787279
2183,2110.387923096142,2135.728921103392
2184,2115.1421981727253,1836.2373340960266
2185,2120.2917398069853,2054.1578902916053
2186,2121.950036840692,2141.949231598484
2187,2128.2567074946564,2069.542385914753
2188,2128.2567218726704,2121.9084919826355
2189,2136.60335676824,2287.040868846396
2190,2140.3371861294563,2129.236180338884
2191,2146.514068725365,2174.657795932181
2192,2150.5181057354503,2169.5609396479194
2193,2167.874846267709,2128.8932466644887
2194,2170.2514091674866,2103.0129809876926
2195,2170.6325273030125,2149.209837211003
2196,2173.5671493516693,2204.9466639007687
2197,2173.6394213776803,2117.4529505682544
2198,2176.4302467504,2123.3334052232603
2199,2184.5774026166328,2265.7040315528957
2200,2190.128334510124,2149.8960494341986
2201,2193.720793701604,2148.1459696660295
2202,2193.937676280293,2151.532090372204
2203,2196.9912532145136,2154.8137424571273
2204,2200.743316418031,2312.6327033976077
2205,2208.7425579958963,2276.575795434174
2206,2209.371589259549,2114.4681560706363
2207,2215.3993785231733,2333.3384863854135
2208,2226.913869096835,2126.2671529932586
2209,2240.2709814958466,2051.882009472999
2210,2247.0412380550806,2250.352309076144
2211,2252.07465018525,2216.6364979182895
2212,2254.096558397829,2198.0430440561163
2213,2258.7328510865595,2270.1739483060974
2214,2273.378813023353,2123.6143781527885
2215,2279.7717157238003,2219.993678125374
2216,2280.2296313181887,2470.778921959118
2217,2283.7397785710755,1732.257094718143
2218,2296.2615632210163,2304.639378504201
2219,2300.50211523022,2278.7357213499554
2220,2300.502152002789,2343.473038420794
2221,2307.1243849560205,2389.7385564699666
2222,2318.234850282415,2251.3021325333348
2223,2331.6484206135874,2042.7137331501808
2224,2331.6485952308244,2268.3391918855214
2225,2346.217444429814,2334.056578628599
2226,2347.55446756778,2187.048277382902
2227,2349.58654711376,2474.8782374078633
2228,2351.911105893101,2252.8072085099475
2229,2353.2552834591697,2255.444490126706
2230,2353.255690519555,2244.22920816639
2231,2355.8510145981727,2252.957128361261
2232,2366.1509646055647,2310.929843904795
2233,2376.860246548172,2360.8767517784613
2234,2378.9018995874726,2276.9008470523904
2235,2383.939550053432,2361.515793235687
2236,2385.9679699324997,2365.0016204518643
2237,2386.8658816715288,2405.841471292031
2238,2389.9193331155084,2454.7328758989056
2239,2390.040865164473,2387.3786509077254
2240,2399.7315325416707,2465.5240483633797
2241,2404.2889421244504,2428.606717853912
2242,2407.817558656351,2397.840569734636
2243,2423.131034436976,2354.5014940131773
2244,2432.906657740056,2386.0487848541666
2245,2434.122499776427,2400.726996477406
2246,2437.9004348663166,2594.5464162500402
2247,2442.6659500924543,1945.2775605657525
2248,2444.847218000271,2421.6807204910465
2249,2455.735659384478,2484.887341731758
2250,2455.98286374318,2416.0462653571713
2251,2459.868321987986,2467.0278446449383
2252,2466.6749508730627,2329.875425192136
2253,2473.460541593137,2474.4955722461514
2254,2478.031125397679,2360.2450686739658
2255,2481.6428223401435,2495.95925085367
2256,2490.77456929868,2565.8105955234505
2257,2491.6991741898164,2503.576073185508
2258,2496.307664996128,2483.547565607919
2259,2498.9446350357016,2442.059144229549
2260,2499.4176098234807,2424.471610178303
2261,2502.1445005747414,2399.3730250625813
2262,2504.09103781861,2457.2045278462556
2263,2510.468237720865,2449.668462952056
2264,2510.4692421955065,2502.1532786512344
2265,2516.866252008648,2490.54773684217
2266,2531.125498556775,2506.5061209112328
2267,2532.2073548799417,2411.4324614367606
2268,2532.507202120562,2524.005834834775
2269,2544.4947854801208,2477.36605781446
2270,2545.99862029736,2582.9903699846645
2271,2546.1053327826867,2451.177507827447
2272,2552.1584187481544,2480.4414238677164
2273,2559.6709033758366,2575.8157260543267
2274,2559.671220353174,2495.557163462893
2275,2565.125879891905,2555.8916441485358
2276,2565.1259772184208,2675.449397952706
2277,2565.125991858955,2585.2397907846907
2278,2568.881644661164,2537.0886355652683
2279,2577.490847484096,2530.363087877853
2280,2581.022335692737,2410.5640700228387
2281,2583.121069647181,2655.584731558086
2282,2583.8881756009914,2619.2707434718077
2283,2583.8882001961315,2654.6260482802486
2284,2590.3886697098565,2555.385361195413
2285,2592.9104075247024,2620.4935128455945
2286,2600.4186248143646,2591.880821227056
2287,2611.546409681197,2531.245731232101
2288,2614.8527044814723,2542.732728824173
2289,2621.1103593204925,2673.1473675752304
2290,2626.9424818948137,2639.5459670814103
2291,2638.542722813444,2654.7501449036085
2292,2641.2555156310545,2546.148453206901
2293,2641.362664480401,2696.858330203405
2294,2658.5546289991235,2559.7022725461593
2295,2661.735021368551,2592.429744046186
2296,2663.217860014878,2771.1859591780444
2297,2664.849303769485,2597.098186239004
2298,2669.613646256801,2613.1532161760733
2299,2673.728478532993,2702.1352841619505
2300,2673.928536216293,2456.1662282748925
2301,2681.523156679539,2754.157205695884
2302,2685.7412451269547,2546.387592873187
2303,2688.4620056249933,2638.0335994786983
2304,2688.462005627145,2757.2279879365697
2305,2689.921495266564,2509.169207877137
2306,2699.481674707811,2640.818158332934
2307,2700.131090107088,2566.6327538058563
2308,2702.820737946104,2638.624899891652
2309,2703.7443552914524,2725.7919135522297
2310,2708.976366415693,2617.012380829597
2311,2724.03756129726,2727.946494196266
2312,2724.348606683266,2697.495021684807
2313,2732.722261687793,2670.4108625672457
2314,2734.3749739611594,2768.5574210644254
2315,2741.8359354275726,2579.372126100505
2316,2741.868039272502,2712.364971910866
2317,2743.50011016171,2624.754335490471
2318,2746.9786986653394,2735.5433183283285
2319,2751.487682210626,3000.714086352732
2320,2753.5099350227047,2722.428811818137
2321,2756.206986791579,2780.120546349886
2322,2764.9810681112704,2717.977220477879
2323,2766.445873456916,2662.452870562496
2324,2777.7647383574863,2732.095600741495
2325,2778.4315032992617,2711.928093021631
2326,2780.168011896466,2683.4060702503043
2327,2780.1680119167954,2718.9833028948124
2328,2780.168095549948,2806.3953264056054
2329,2782.00956609218,2803.580882572941
2330,2786.1136252952742,2707.5990652842115
2331,2796.002369973092,2779.692459387561
2332,2796.002387407565,2727.3194119938908
2333,2796.002391062373,2674.526556800393
2334,2806.634576443545,2738.023340276684
2335,2810.466135490703,2780.611964506762
2336,2824.452456251811,2829.912836360003
2337,2831.039777934356,2762.1411486903935
2338,2836.857466873093,2808.3891820036106
2339,2851.846701018489,2811.574991505412
2340,2857.0907312590466,2862.201489346802
2341,2857.2810837664965,2793.3260943001483
2342,2857.281522787465,2797.000889317437
2343,2857.281668115409,2833.8339801532243
2344,2860.2467394275764,2766.171169686521
2345,2862.5429127126345,2889.411581098153
2346,2868.200952752724,2758.459972526818
2347,2883.0838659390224,2888.4643912859983
2348,2884.631321265862,2828.199645018661
2349,2899.928326732648,2892.184070988287
2350,2908.879816953633,2994.7200572030793
2351,2913.307089970478,2908.9995650577625
2352,2924.762954898559,2891.8603854603552
2353,2929.127188372466,2950.330802702136
2354,2934.988200531316,2914.9496331500195
2355,2943.850392083867,2767.4641075562904
2356,2957.181530532548,2944.302046886007
2357,2958.8161647256397,2875.3206499946477
2358,2958.8161647524203,2907.2884584571993
2359,2959.721991977107,2961.226165199203
2360,2963.113547025612,2776.5583410106146
2361,2965.565154149975,2976.852258001434
2362,2966.3074789517614,2923.9120667759407
2363,2967.335283294309,2923.8509902773158
2364,2967.335311810536,2932.0767564331745
2365,2972.554731315596,2974.848535653235
2366,2976.2815274956997,3017.448564099461
2367,2982.2209543633894,2900.72087883762
2368,3013.492307367489,3050.2993242648045
2369,3015.864605474425,3072.811777121428
2370,3016.7463567312648,3056.59224818926
2371,3019.9067820951977,3076.6092211954597
2372,3023.619696849819,2898.3474304424835
2373,3026.254546000243,2586.2945789943856
2374,3026.9667892326943,2997.559687405932
2375,3029.567172273176,3005.458930358469
2376,3032.7853292269056,3039.309953463123
2377,3032.785335265122,3060.7316251376947
2378,3036.606143751498,3000.229918082016
2379,3036.8122976476025,2991.740517598597
2380,3037.6646969335834,3032.141017204423
2381,3053.553521214917,3026.6917654926265
2382,3055.801756548329,3029.4734480441043
2383,3060.99041731782,3312.410849847668
2384,3064.5034703644665,3044.3369753494007
2385,3078.5672480633384,3115.567292951296
2386,3084.6867410119166,3135.1614026925695
2387,3086.1618939617742,3040.309723594604
2388,3087.9686709742714,2897.417734754042
2389,3092.655068513407,3090.6078026912446
2390,3099.903662816309,3109.130860703904
2391,3117.1869590999368,3037.7050808515323
2392,3119.7178343027385,3162.9910586212964
2393,3121.226736311543,2609.00155678565
2394,3129.2098009789306,3194.8574862127793
2395,3142.1149078681087,3161.8652294778267
2396,3145.421256485084,3137.9508368004917
2397,3146.189943892347,3127.323117423338
2398,3146.189972876584,3202.6966281461227
2399,3147.644877602412,3192.997422854027
2400,3154.3811794940034,3231.8992292419734
2401,3164.8585118375904,3109.1159231082206
2402,3165.944412656785,3130.1377968177826
2403,3169.227610590865,3048.5381919621655
2404,3176.22942787943,3265.4931157813926
2405,3180.150592930061,3175.414278771405
2406,3181.822439153153,3009.464721157384
2407,3186.7409021424974,3161.6238312392406
2408,3187.277788251989,3220.803846738717
2409,3188.470677435227,3142.3449914830076
2410,3196.719665375203,3163.004865999697
2411,3197.406933204445,3175.3267139642326
2412,3197.406945787525,3173.507541643092
2413,3198.1764836718494,3240.332091338498
2414,3207.135509784482,3234.92411652007
2415,3221.652198122436,3103.353428796623
2416,3222.7387191736584,3230.848079833985
2417,3224.729907106705,3248.1092312482638
2418,3229.3865335214923,3277.301200231689
2419,3230.7365813905853,3193.5666761199327
2420,3235.3231335538844,3270.137701652113
2421,3235.3708190678303,3210.95707980765
2422,3237.1963264054243,3221.2179546207008
2423,3246.441264924193,2851.406343310126
2424,3251.60557774534,3254.0583083600072
2425,3253.37609793475,3083.494750673459
2426,3277.9580589897987,3210.571421756501
2427,3283.83517051163,3289.7759863132496
2428,3283.835194607672,3388.8447471946765
2429,3287.228014152063,3319.9494295436643
2430,3299.602260623137,3284.780197834558
2431,3310.328365633137,3199.4427673367945
2432,3315.052688170033,3379.5457391088844
2433,3318.6422107852377,3286.5070762945566
2434,3318.95848606608,3268.0736219547252
2435,3336.500452563176,3325.9795757192
2436,3336.8772345339303,3342.8976908029063
2437,3344.5301831245947,3504.434985511407
2438,3348.1628546540715,3447.3272708332297
2439,3361.37870403939,3182.7209563015563
2440,3362.333005167901,3390.50494806392
2441,3365.616565174129,3113.1659205209944
2442,3373.6901418143816,3336.2508571662634
2443,3375.0936723332666,3306.099990432537
2444,3388.16829297908,3053.4997760268557
2445,3401.649630660824,3406.0462430660036
2446,3405.145294476296,3318.703095586887
2447,3406.4201927990653,3357.7263370895826
2448,3416.4730288422,3338.042232939213
2449,3460.8733745843724,3290.9553256113904
2450,3463.218899741406,3338.1203253324948
2451,3467.6096124936653,3428.01786851033
2452,3467.76960816421,3266.7266982898645
2453,3471.6575757497926,3491.9847586313927
2454,3493.889607074091,3435.3115660998765
2455,3502.266355156536,3483.997881510997
2456,3509.053976531787,3476.9374601812797
2457,3511.665926647293,3535.6079648777177
2458,3511.666334893393,3624.7672575254355
2459,3511.948449536489,3558.352794797127
2460,3521.1117075036555,3585.457602387371
2461,3522.6153151198905,3505.0322515373337
2462,3529.6561645733354,3544.199615909938
2463,3529.6562504352232,3734.6409860692943
2464,3530.3812371070244,3486.997718237868
2465,3534.044675272387,3512.4680291713794
2466,3537.8491716187336,3481.729620384856
2467,3545.648374469618,3481.3776403626025
2468,3545.648548003149,3483.6551708636266
2469,3548.2398732851343,3536.1102393309075
2470,3549.884175355309,3519.7456182238334
2471,3554.5160889080444,3610.050750557487
2472,3555.632891463417,3670.338032935015
2473,3559.894703549242,3533.151136234441
2474,3559.8947398325995,3518.268806449966
2475,3563.883977375419,3497.365940169387
2476,3577.5505395015684,3536.7601237615827
2477,3597.0687854556754,3605.007024622452
2478,3602.175262416611,3579.491368805629
2479,3613.4328781852473,3613.409873402388
2480,3626.16069366543,3666.2558429397545
2481,3634.9850414751263,3421.419237236254
2482,3649.016184319458,3637.92013032155
2483,3650.4386926393177,3602.2791378814422
2484,3652.16766350632,3593.4120585148653
2485,3655.842861413464,3599.7833247463022
2486,3658.3880061969207,3634.1169621394247
2487,3662.1003629065503,3660.920256999445
2488,3663.581534617781,3626.983859670184
2489,3663.581549891531,3613.5209350116857
2490,3667.933242275093,3573.0596051514203
2491,3668.377039732821,3788.635356977766
2492,3684.152569986294,3635.1493863591477
2493,3684.4641626952784,3681.0279770724624
2494,3685.410937344199,3576.30060559116
2495,3686.5268199203256,3665.4357374661877
2496,3690.374778687552,3693.05066164678
2497,3691.200634794812,3618.0518762902843
2498,3691.200682543463,3543.207680811049
2499,3703.062162111705,3654.883542675553
2500,3707.914058111903,3749.8942385427563
2501,3709.617795781409,3628.6916420310927
2502,3712.378986335221,3783.8672717860427
2503,3715.368577267468,3648.4822336754714
2504,3718.848040410537,3793.9806379584966
2505,3722.709270137451,3705.363098508376
2506,3724.022434644971,3613.9541029838897
2507,3734.390622909829,3607.630185891917
2508,3735.557301599339,3685.1699014212345
2509,3742.57738142317,3756.1315965139383
2510,3743.583941458499,3550.0065452257786
2511,3753.346008993633,3692.813598480452
2512,3756.378316158042,3736.073087023808
2513,3765.473514815517,3629.615353250354
2514,3773.930927589878,3749.7650299850084
2515,3797.5299888302015,3746.48452296497
2516,3799.079502095175,3861.510760908248
2517,3805.734201750842,3799.4148162279444
2518,3806.3532108019294,3743.4555910175513
2519,3815.5246227556313,3717.9721436035707
2520,3820.232709746324,3829.5840465079145
2521,3827.302839801373,3866.5344753535496
2522,3835.465317997362,3882.433486257428
2523,3837.730635566819,3880.471889850111
2524,3857.813680292876,3731.5062085772834
2525,3868.9582738600575,3879.2695513180033
2526,3873.363405291064,3797.2804310505376
2527,3893.397572247776,3756.504286210142
2528,3894.003109890018,3809.793526785971
2529,3898.1540417174656,3870.552260702652
2530,3900.711284009134,3838.529971435456
2531,3903.6717579072856,3866.922323233921
2532,3908.145390081911,3944.6207685675427
2533,3913.0393578778585,3851.851200740452
2534,3914.1993374467897,3847.7504470366425
2535,3925.944663568343,3842.8306810778968
2536,3940.685150448116,3874.1435242767443
2537,3942.245435780346,3932.6777743145467
2538,3951.356323374848,3738.669444006966
2539,3954.868361479844,3980.5415972217147
2540,3957.922902622329,3970.26651634391
2541,3967.4202630920354,3922.359451130075
2542,3967.4202630920354,3932.702272386227
2543,3967.42027427635,3925.4517709012525
2544,3967.440193694862,3841.6036024005384
2545,3969.4105940967806,4026.303752874088
2546,3983.198787153976,3938.4285809409466
2547,3997.914967196794,4058.2655098543387
2548,4014.296472503523,4023.1002435261107
2549,4016.116957814066,3973.3668736443383
2550,4017.4348690687934,3875.765785666378
2551,4042.5092492742015,4040.326267907479
2552,4042.785370613252,3874.1662301273864
2553,4042.789559985028,3934.501558914285
2554,4044.3273017605447,4223.303500000599
2555,4051.1994567272086,3936.442946219756
2556,4054.854929688808,4066.3430614500576
2557,4090.739564273,4067.9259281822538
2558,4093.131174862956,4150.344196854786
2559,4098.711428864985,4078.9997624670714
2560,4098.711456358998,4117.149649074389
2561,4100.164124667263,4068.2496214984335
2562,4104.988999856239,4146.344215747662
2563,4126.142053547175,4148.036437897089
2564,4129.893202951584,4099.992299334525
2565,4136.63085549818,4123.117036163744
2566,4138.303019467047,4007.1073051180133
2567,4139.645426189922,4097.721030484357
2568,4141.583804324064,4117.838246586879
2569,4146.961753071512,4127.4989668152075
2570,4154.168156485251,4122.656892869484
2571,4156.829798692991,4061.519690118679
2572,4170.372904743116,4147.106839867343
2573,4172.837389247366,4143.984702079648
2574,4173.320194765932,4192.939611524019
2575,4179.180560977948,4133.509325519472
2576,4204.09250320301,4160.449184627537
2577,4210.527948405074,4274.158171972363
2578,4213.298081261216,4168.856138813269
2579,4219.685101149208,4230.2923062118
2580,4228.333389635015,4240.658486415471
2581,4230.040743889013,4240.927619326999
2582,4230.040750479857,4272.086944231905
2583,4231.064992962437,4162.934600398102
2584,4245.552859491647,4078.9100754082688
2585,4259.882448027713,4306.899194711223
2586,4263.651102891867,4182.0663544137815
2587,4263.651102891867,4179.868946946171
2588,4281.797784338557,4271.68869276338
2589,4289.171769556532,4311.800412620255
2590,4308.987027551363,4312.535810868587
2591,4313.729886683107,4451.773571436234
2592,4356.194878450706,4457.251342630454
2593,4359.802442046926,4436.485537132007
2594,4362.380110086136,4374.780606118543
2595,4370.171985292192,4429.061959556777
2596,4372.91355552101,4403.431439178675
2597,4377.742654985736,4352.541515608023
2598,4395.039217784452,4585.037703417942
2599,4399.121451491005,4306.51751322783
2600,4403.1842172947045,4339.9101049946175
2601,4416.649318732358,4414.197053299863
2602,4434.597690792877,4431.7601732875355
2603,4435.000159517133,4712.436100986316
2604,4440.647062656601,4346.814715516008
2605,4463.462664022054,4417.940394608458
2606,4470.859685779442,4467.024051686817
2607,4473.777269664559,4378.919027100807
2608,4480.076580159596,4544.46344607308
2609,4501.682945840538,4531.674182743955
2610,4521.83717946184,4495.4281232091
2611,4528.880348696296,4547.4914443535845
2612,4535.717347524881,4315.4065181212945
2613,4536.597351083151,4544.334441724641
2614,4544.46744204956,4559.019009609369
2615,4557.518447413667,4477.747697971949
2616,4560.377968749996,4442.475168825921
2617,4572.886698601712,4379.709135028391
2618,4577.819030940269,4626.243454518107
2619,4586.479625015239,4583.121242417899
2620,4586.479625672634,4553.8195821738245
2621,4587.991429307486,4485.2329810069195
2622,4599.364221786764,4411.659628469703
2623,4614.875949550887,4572.757609191994
2624,4619.432586010812,4586.069611696935
2625,4620.962398578309,4658.53526397336
2626,4634.982892363319,4521.680765313131
2627,4636.895078783766,4609.285127739062
2628,4639.5472455417175,4607.195548909268
2629,4641.097051134095,4593.085184485043
2630,4660.5135034092345,4665.586748277024
2631,4672.666209298058,4612.801226521163
2632,4679.425673368716,4483.019043858819
2633,4712.765107913413,4634.470989855558
2634,4712.765110443023,4633.036435146189
2635,4715.487451285865,4733.175826228497
2636,4751.896940503545,4779.8272566395435
2637,4754.701747131896,4723.812619627249
2638,4769.174158593026,4554.950649478905
2639,4771.050584317551,4743.740113410003
2640,4805.085980646899,4654.020838844075
2641,4805.085983651436,4601.781633984974
2642,4844.921399832345,4716.75192952932
2643,4868.82964302279,4728.736178307283
2644,4868.832997320223,4736.543364098536
2645,4870.978832350687,4858.76019322473
2646,4895.957032320632,4789.489550350302
2647,4901.088354293425,4791.242666684439
2648,4913.296468769428,4833.05583108323
2649,4915.7930440916,4958.836709761533
2650,4933.672371355133,4924.75276728854
2651,4934.925983326528,4790.115714592356
2652,4952.593373192876,4888.636753759084
2653,4980.406479944387,4836.084151016311
2654,4982.046566501701,4963.020594171975
2655,4998.725579143123,4868.470629526618
2656,5033.145866840474,4980.932596405099
2657,5121.735872877463,5021.596317765295
2658,5269.655010943253,5252.022082988466
2659,5301.5442735294655,5128.860953844994
2660,5558.5717441674005,5437.5700064139755
2661,5558.907908372275,5519.801789368188
2662,6152.75840870273,6121.686172834286
