,test,predict
0,1855.8089465850262,1678.5085924161417
1,1862.3379258652024,1722.0945378915155
2,1862.4565478585148,1706.2183460113029
3,1952.9689445004885,1786.7932154740868
4,1963.2146586106605,1855.859922702493
5,2005.0337735227408,2753.8421457962304
6,2018.5697472142429,1815.3246794066313
7,2029.075771806113,1866.3688237527267
8,2044.3161538421887,1946.6855708524813
9,2053.331507403746,2298.701139865638
10,2054.0629701336816,2515.3854907606005
11,2055.069208430659,2003.9236199158365
12,2059.1115796281306,2410.8019921925993
13,2060.5220951159254,2563.4518782803284
14,2060.62237888719,2001.171139823875
15,2061.1585131865063,1921.3849426942957
16,2061.3764104968145,2083.6496335181555
17,2062.091292360344,2583.794118543808
18,2066.24378024861,2194.7392545785465
19,2066.2554863656487,2164.8365818961206
20,2067.558558895218,2097.4460996384964
21,2067.5907387379716,2886.0629778892157
22,2076.8837557951065,2804.5195622652413
23,2076.9626122450827,2462.1853721029906
24,2076.962903183593,2307.4710343711804
25,2076.9629419951398,2457.3445321318604
26,2078.314666389659,2496.2609522546204
27,2078.657048798055,1797.1706725281733
28,2079.0080780200365,2386.2212205147175
29,2079.2688259717015,2554.5033216523984
30,2079.2830058757404,1872.6184637121216
31,2079.2906443794654,1899.2549874593278
32,2082.1388797663712,2370.8164603326936
33,2082.302365419119,2357.7389245610816
34,2082.836788734652,2558.2657865518654
35,2082.838477500098,2769.920533300919
36,2083.105384135735,2297.472938413242
37,2083.1101832348986,2213.6494232354576
38,2084.7574327804086,2601.704040265218
39,2084.7589130233,2544.9846925228817
40,2085.420858273813,1856.671329167763
41,2086.097443089463,1770.568946165035
42,2086.097486133559,1780.2417736599064
43,2086.0991299923385,1785.343103100405
44,2086.474027257879,2291.0504578500913
45,2087.130658645226,2809.34701643117
46,2088.6933012715713,2522.142434347366
47,2088.7095960636893,2299.6913315776947
48,2088.709600038842,2426.4113375831957
49,2089.14987084188,2609.8248587685907
50,2089.150110971002,2340.682842525377
51,2089.150111027057,2295.0134158196447
52,2089.755678985569,2539.78218936354
53,2090.1731139135327,2703.252379115646
54,2090.173128366036,2999.8255254036344
55,2090.1734872255815,3169.0800321334746
56,2090.583106324879,1897.256109118298
57,2091.2997804377374,2522.6652008899196
58,2092.644828152889,2267.168025275934
59,2094.2738222114504,2480.3853614796544
60,2094.89012297171,2350.6127805452197
61,2096.703820623556,2597.378360019295
62,2097.757231698901,2677.562030877159
63,2097.8352290088665,2507.461947123997
64,2097.8807640652626,2394.173103461283
65,2097.8807852616824,2443.175750887968
66,2097.979973076761,2556.823655492182
67,2098.5985271103978,1997.385412273332
68,2098.854373718818,2333.224219814907
69,2099.2961952931064,1810.2074084232568
70,2100.4194909464977,2501.9846996081446
71,2101.6392985355037,2034.0809629885878
72,2101.65981653406,2079.5062833990864
73,2102.7318414486094,2151.930227909727
74,2103.5466720258014,2150.097912244878
75,2105.638298741782,2259.91805688691
76,2106.7904465299257,2176.277171978492
77,2106.962968292244,2282.4869575899643
78,2107.5895883558323,1763.6825522205675
79,2107.590513106522,1749.9438906169771
80,2107.590565496762,1785.4230393876328
81,2108.497545184395,2650.850975582878
82,2108.5052476322417,2574.909041864809
83,2108.5079081499684,2538.0815115988485
84,2108.5372852739756,2766.319015604909
85,2110.8738431337424,2665.8074433247416
86,2111.174605579009,2038.827511746004
87,2112.80412313975,2303.7055833669187
88,2113.4798976193724,1809.966079509788
89,2115.8326567862628,2579.8385746696163
90,2116.5071363962174,2661.5997692595815
91,2120.1029632853592,2417.039680815792
92,2120.195246115798,2702.385127438631
93,2120.246054462869,2796.245213387951
94,2120.644657023341,2353.6912081699084
95,2121.364209176363,3112.5783422783975
96,2121.457972766429,2128.1953943709127
97,2121.461705313652,2456.47458838221
98,2121.4617341032913,2436.597520239367
99,2121.7535695136426,2182.119977303309
100,2122.039476273934,1930.2828136405778
101,2122.0396044090166,2995.771072084283
102,2122.2149491855625,2462.365649867574
103,2122.235733951721,2493.6083730025125
104,2124.3206597578605,2391.0376531393317
105,2124.428137111229,1874.807656487896
106,2125.2316175453298,2701.627060330123
107,2125.389515079276,2522.842626769777
108,2125.446749795376,2201.668307717876
109,2125.6632372847967,2429.647884672065
110,2127.0172345741826,3149.0259557054483
111,2127.0398246345612,2770.466636146707
112,2128.3921510281302,2504.0823825889515
113,2128.7409612361007,2281.57355137684
114,2130.4139981094268,2904.6750276212983
115,2131.117493490668,2871.8462503096052
116,2131.2430944508233,2396.0656739803558
117,2131.3565354668094,2003.2115032559482
118,2131.567741697689,2448.9426773401256
119,2132.424332297318,2320.944351136914
120,2133.630946280862,2398.786077802267
121,2135.560107882373,2117.389240126779
122,2136.355891479961,2203.9114496996726
123,2137.1707773414955,2181.692419808141
124,2138.5892030800883,2060.061151075857
125,2138.861338260859,2692.178296804356
126,2139.9549927666444,2154.1433604949366
127,2140.35194855134,2224.0737312391693
128,2141.379330816725,2090.3633960564107
129,2141.6648291361234,2357.9870203273763
130,2141.8981739023106,2244.039969955992
131,2144.0022666940704,1949.1820458031607
132,2144.3632827483452,2130.6264818664868
133,2144.7225526388092,2042.6107854082402
134,2145.98118934967,2466.543262406948
135,2147.571863459418,3564.8793083909436
136,2147.709850700458,2440.8031047390396
137,2149.0118244143396,2338.465017010602
138,2149.9341968809545,2443.658854534554
139,2149.9344669484512,2469.1697323121793
140,2150.208101053245,2310.676413436457
141,2152.3687824907515,2301.8453661483895
142,2153.0429683239036,2276.365147094964
143,2153.043051352751,2303.6255808763267
144,2154.4009703464653,2638.92509010399
145,2155.344196578209,1428.1826323489083
146,2155.852522986975,1925.5861309488087
147,2156.829882375704,2744.786970831376
148,2159.8807981478276,2302.1103020848864
149,2161.3298998529995,2327.296066854896
150,2161.9205157074216,1354.3375537984361
151,2163.5371936726438,2258.5831944458178
152,2164.2807628150736,2575.229682917596
153,2164.5265953820285,2254.702645729731
154,2166.1250973535316,1868.5773042225187
155,2166.316975892374,2466.4413324375346
156,2166.6544231148378,2157.932901249652
157,2166.8827729277573,2081.83087649895
158,2167.0103428348407,2070.1084666152447
159,2168.4415254359133,2396.121694541847
160,2169.8410534022237,2249.917329230459
161,2171.1333075181683,3271.2319299963224
162,2171.823560185085,2367.576833312545
163,2172.42152476434,2579.520003656626
164,2172.52034165431,1678.3289050803653
165,2172.739426698507,2302.6271178389475
166,2173.1957971475344,2166.9009776935336
167,2174.5525331248764,2821.117873809538
168,2174.5527031597358,2449.0760325889246
169,2176.172478450707,2425.8048262837474
170,2177.5788608685293,2620.543663960599
171,2178.7783589290725,2813.368951452397
172,2178.7784091867848,2558.014848231814
173,2178.8459977065168,2277.6892653816208
174,2179.316227177126,1648.9009879795442
175,2180.0476811542976,3017.220049892431
176,2183.8060483414347,2312.9267852016783
177,2186.72907241243,1744.2910345960026
178,2188.8528763966838,2582.0207410024354
179,2188.8531902335712,2173.6919126436665
180,2189.003236617227,2678.1736054344215
181,2189.8144546270423,2737.929826373732
182,2190.509647257718,2729.7239205665983
183,2190.510215138924,2756.3498516797213
184,2190.8949112603045,2041.412929463456
185,2190.9137696927355,2386.9389137023722
186,2190.9542652869227,7095.130700183432
187,2191.2074424063794,2640.106600595514
188,2191.9375678642077,2470.080422742137
189,2191.9390743540976,2150.5972715369135
190,2192.1503777666803,2652.322761714249
191,2193.4136352144506,7565.661672057775
192,2193.6530633041557,2364.7400729199167
193,2195.3091540061946,2213.796305543503
194,2195.815510098096,2067.933981833379
195,2196.014148039293,2730.1557072688443
196,2196.014304291308,2647.8019959069957
197,2196.950402415185,2186.507986302378
198,2197.9952982585105,2197.913900741637
199,2198.1990708360895,1790.6291206121905
200,2198.574574146254,2373.629017956422
201,2199.1945777364244,6059.41010094533
202,2199.480287706375,2277.4910229896254
203,2199.5664798135886,2630.6271114480055
204,2200.0062991022405,2952.714949504088
205,2200.207362102814,2630.7882871021025
206,2200.2078675658045,2573.164592735881
207,2200.3976613520394,2514.6496888768247
208,2201.5929279555653,2174.891576594225
209,2201.751103521351,1901.920244512687
210,2201.751103521351,2020.7976773203081
211,2201.7517595557233,1879.5213555702217
212,2202.6253764020685,1951.6878096289336
213,2203.7769001703555,2587.3086759295934
214,2204.3925767131996,2754.259528665353
215,2205.6041839788845,1759.4345028266375
216,2205.6044080218253,1738.5862453091681
217,2206.5073837919026,2120.682179728403
218,2208.932296255032,1868.0603983359413
219,2208.932319723312,1789.1487872709633
220,2209.519340264561,1939.3084616110468
221,2211.7848058366367,2453.503408668657
222,2215.093948177795,2674.6207469000697
223,2219.59910472559,2510.4802757426683
224,2220.125046555469,2202.040719814922
225,2221.1409026794145,2351.159660578241
226,2222.359049961954,1515.0908992347156
227,2222.858135144287,2527.56602897623
228,2222.9521424537534,1739.7283824967446
229,2223.2241312692345,2459.0609095357954
230,2223.3823722360403,2591.3333361296004
231,2226.3113385804636,13885.486219470758
232,2231.698875545058,1932.2373135434136
233,2232.0021386925364,2209.658506498657
234,2234.9905237381654,2702.9435478860673
235,2235.655796722429,2642.793162166544
236,2235.851253459177,2368.9099225580253
237,2236.08059001794,2711.415284012953
238,2236.0807255277937,2728.13469482777
239,2236.343802100045,2482.101499264862
240,2236.344434619733,2758.7148528609337
241,2237.7287490587846,2892.7986909732267
242,2239.29419659723,2226.476080935279
243,2240.3193451936118,2164.4769871257718
244,2241.8823883593573,2582.4142483754654
245,2241.8843716356223,2719.619351455393
246,2242.3909401240626,2613.000878845431
247,2242.3916942405017,2878.2699558285162
248,2242.7440942081475,2015.4940876991877
249,2244.3942287576574,2378.293403835579
250,2244.4066085430854,2356.8873262797733
251,2244.406613645582,2383.617855729803
252,2245.5546546011983,2596.3535057967288
253,2245.895274921518,2485.004658691261
254,2247.6718713520772,2498.056207005992
255,2247.9019106927867,2932.221647492846
256,2249.0123447388537,1980.8704586922304
257,2252.8020885568862,2623.9878577085597
258,2253.8982997864155,2150.7781632252913
259,2254.9180632161138,2052.047728434629
260,2255.0978711190924,3053.2432331998702
261,2258.0296544351413,2133.3775375795517
262,2260.518288339086,2178.9160994296194
263,2261.328107573123,2620.0655484617278
264,2261.7638783513785,2674.846244088803
265,2262.6089967190896,2583.9500480660613
266,2263.024965968904,2841.223219529176
267,2265.8860904703624,2318.344179875108
268,2267.4085942444044,1841.8816635664678
269,2269.7794028143894,2708.2414601401138
270,2269.7800255561065,2790.2084388987437
271,2271.5959077504526,2862.497231425397
272,2271.609099525723,1758.666692244102
273,2273.8460250933626,2724.005165397219
274,2278.329587739584,1706.875064915604
275,2279.5341296916836,3437.478147692142
276,2280.4172828948167,2993.6431323825786
277,2283.514067581165,2590.9745747049274
278,2286.3207074455777,3110.18639902932
279,2287.865021680446,3482.435375181313
280,2289.021785621885,3415.175230220266
281,2289.021785621885,3200.2452091259843
282,2289.1387381511854,2232.3237449174694
283,2295.585311978021,2319.9945457161216
284,2295.625675465802,2002.2618011087452
285,2295.7880379670996,2159.8745217805977
286,2297.1444317291953,2427.799034951912
287,2297.44579579052,3246.794750392173
288,2297.445797572677,3287.1749272664306
289,2298.279297343459,2559.8764556323854
290,2298.3693351710886,1710.4450391199125
291,2298.4883657078453,5819.487156381845
292,2299.5759199566614,2352.5625516045493
293,2299.8112899987973,3257.0997387646253
294,2300.8443062308525,3866.8743248611268
295,2300.979969028538,3131.007107752663
296,2301.0154161949035,2549.8095002673604
297,2301.674938719443,1983.510751152463
298,2302.1642918251296,2436.7340853878136
299,2304.836411513332,2565.8463305344544
300,2304.8850315591253,2229.799963594453
301,2306.42714868899,2115.5443514565973
302,2306.663772499771,2148.275660554304
303,2307.0067746202926,2099.602506895078
304,2309.1016884599835,2299.654796504073
305,2310.9177018276214,2030.484939211036
306,2315.127271542521,2177.8337064181896
307,2318.714593377662,2117.8020951556855
308,2318.7146042661684,2012.96386583935
309,2323.379289487552,2945.238516203905
310,2323.3792941749016,2743.1710419090846
311,2324.327262135027,2257.3025612394854
312,2324.898184475955,2343.8831710118934
313,2324.900891685075,2771.389206071665
314,2326.0218082177826,2654.721334977684
315,2326.0230024780417,2739.318992826133
316,2326.0242654971985,2001.6809711914987
317,2326.1100722640504,2549.5591052903287
318,2330.4941870235134,2959.0461735669164
319,2330.680974093446,1920.2829040374193
320,2330.87662285535,2392.8821159238064
321,2330.9591893346405,2566.408177209676
322,2330.95922775458,2942.833815645024
323,2330.9592769566375,3007.490887842416
324,2332.7045730887826,2222.7735487142136
325,2335.772272204771,2531.3823095726907
326,2335.8663786567317,2728.02663196773
327,2337.7605276555496,2513.3069107721717
328,2340.1819974249647,2254.728616606643
329,2340.696807287293,2325.2062622650265
330,2348.059052676594,2072.386381582893
331,2349.1167073299002,2904.4764957762054
332,2349.2393969427058,2948.0951214267775
333,2351.404020592719,2103.8949761867684
334,2352.1740212008044,2546.92663247022
335,2352.2984568714733,3147.707765918613
336,2352.8114705020575,3356.2989895688916
337,2352.939005840131,2039.63129682937
338,2353.590683363446,2203.135332077172
339,2356.93568392475,2564.8671625792363
340,2359.1695545715597,2276.648866441908
341,2359.1696421221277,2214.2697714892993
342,2362.337865704907,2229.226399764923
343,2362.33871609864,3404.0887364228197
344,2362.907887500362,2211.742222277549
345,2364.5517916547874,2146.198198955
346,2364.605592469309,2486.706947460439
347,2365.1908406966536,1663.3347621470643
348,2365.754375842187,1953.730467249296
349,2367.6294016334614,2175.4495778347414
350,2369.8110269757817,1985.170873622794
351,2370.538257043871,2435.6524572654876
352,2370.8995254808724,2361.483001639453
353,2371.428299773749,2013.908325140515
354,2379.6610556203623,2373.1376809787575
355,2380.027217272158,2805.570420804627
356,2381.9047147272468,2213.1633614148777
357,2382.8645946818538,2499.0152424645703
358,2385.9369389609674,2179.8181714217303
359,2386.2184998125786,2801.963265828706
360,2387.1101235207016,2698.3512878337347
361,2387.447646043329,2242.689378211097
362,2388.1229861731167,2931.637552644294
363,2389.8541324753182,2712.2810176880516
364,2390.9860854285394,2199.4333150862817
365,2394.0588442688063,2445.193707351483
366,2394.059473442193,2491.2809945662316
367,2396.319761922502,2115.8950217833103
368,2398.8228316145405,2679.2481492667016
369,2399.8015448914207,2871.2904864145744
370,2400.435266835628,2087.1233317597466
371,2401.053098191135,2669.814464221397
372,2402.48239517345,2199.225991215865
373,2405.878203640146,2366.7665641796757
374,2405.8782483110267,2394.395395358877
375,2405.8782960590274,2484.927812098178
376,2406.018773156548,2521.5081316809797
377,2407.911598069675,2701.1212575781556
378,2409.526865689841,2626.7159901947557
379,2409.822900882987,2493.4854105979202
380,2413.3980915511843,2899.0457995360725
381,2413.7863766705095,2159.3106947257997
382,2413.9689510647795,2515.7259960653873
383,2416.97862735734,2465.234987439877
384,2416.9786343408887,2264.976917773342
385,2417.169266890765,2331.250471905501
386,2420.1396574279815,3260.4170646801463
387,2423.027835756384,2005.2725061094504
388,2423.072916880083,2842.9249780143264
389,2428.234744666033,2832.5448623544794
390,2428.967415216365,2662.3130223715357
391,2429.4799294381664,2183.1417024551706
392,2429.576041921407,2349.877504688192
393,2429.5760537400506,2700.392295511289
394,2430.4756363519537,2650.8270766627224
395,2431.821235974205,2403.951981199891
396,2433.1554105105597,2458.3727476604736
397,2434.284491112899,2053.3719294163834
398,2439.735818610302,2600.468758512097
399,2441.704863578441,1687.2058274107417
400,2442.4186990021717,9816.611040084385
401,2442.986462372807,2196.1698475482776
402,2444.0740079219513,3246.04862814701
403,2445.1377836564907,1989.3511995278614
404,2447.790392847718,3100.731410305847
405,2448.81891021587,2858.512447771214
406,2448.8197037691325,2715.0226801765634
407,2449.5239017405497,2546.766550659879
408,2450.7910068791534,2087.838233419765
409,2451.8729421203543,4000.5313236326933
410,2452.6112168962545,1960.996945924891
411,2452.8699148609076,2751.4906164142926
412,2453.977055952654,2742.6801048252178
413,2458.606227345813,2493.874101828729
414,2458.6177118344403,2364.405300980386
415,2458.6179133578366,2482.4734145819766
416,2458.6179759422953,2332.678626912643
417,2459.1017077319575,2336.7392922413474
418,2460.300257064651,3301.965648315833
419,2461.6504761452784,2448.4771925759474
420,2461.7892623986786,2932.5409516176137
421,2465.6111393858414,2953.272278776664
422,2465.6218089845956,2699.6710877500095
423,2466.199224338032,2372.2117803302413
424,2466.673262158415,2468.684498874243
425,2468.6245051081996,2155.9075099846364
426,2474.5263849116754,2567.347613350423
427,2476.468585795604,2053.9627413057483
428,2477.3280938213766,3254.6526859295373
429,2477.4683839482104,2812.7986091825587
430,2485.0733669170145,2602.2996533755854
431,2486.1064367324166,2666.2469023798267
432,2486.449530616677,2139.1656843087353
433,2487.2956551431344,2313.613226213725
434,2489.184611761149,2047.2982924927992
435,2492.2934473719265,2501.206839263999
436,2493.8889101857308,2750.105872604971
437,2494.6620575746656,2488.2126134627874
438,2494.7355837403443,1914.2932175060369
439,2496.2958057679402,2082.6982556775606
440,2496.29620203577,2623.6351825610163
441,2500.775464256749,2524.069790876772
442,2502.841380546452,2030.0663821911428
443,2503.134202214155,2329.6863149718515
444,2507.0530464880594,2585.166573070596
445,2507.600543320347,3134.264240904029
446,2507.8739101982037,2008.7807766341944
447,2509.9076636405425,2456.6292780495496
448,2511.449016340171,2594.743904142731
449,2511.4582211968914,2555.1227150349637
450,2511.4582211968914,2439.2728623664725
451,2512.1690466719438,2840.6865871712957
452,2515.368915706513,1828.9256901491945
453,2515.5061529873265,2425.529421570049
454,2517.679597809106,2732.3410268556345
455,2519.830471502747,2689.2816660416984
456,2519.8304757753617,2776.797749741137
457,2522.2954601548918,1953.5856818177813
458,2524.913058016012,1895.982638221878
459,2527.864116108858,2816.0725082324084
460,2528.479994350016,2606.103593418741
461,2529.7949440034918,2292.2003901270455
462,2530.0374823168213,2618.332912885972
463,2530.043308306452,2742.666441463322
464,2530.564200242125,2412.4962243659866
465,2532.7398564691384,3106.060544119989
466,2532.8448239521845,2671.299296994429
467,2534.2287355529847,2398.365877062973
468,2535.240792304612,2810.176913115972
469,2538.1390559777806,3212.959787043735
470,2542.6925311602845,2067.253801254768
471,2542.8977129302207,2859.9827277941627
472,2543.141715297831,3453.962610927575
473,2543.141715297831,3500.6830716467516
474,2543.751498512528,1922.2138986027167
475,2546.8593891336955,3255.8695936005915
476,2549.2585547122476,2775.5631415809685
477,2550.607846194752,2502.6349622501007
478,2551.327355331939,2445.152647805894
479,2551.3273592684077,2401.4276571155874
480,2551.3273592684077,2326.140093862358
481,2551.3273932309644,2323.0079637414483
482,2553.9022623405485,2624.043563116699
483,2556.5762440879607,1998.425178700615
484,2558.3237497099853,2238.807960044927
485,2560.5082280186475,2067.382995321968
486,2560.993747004443,3339.847799272346
487,2561.0048649654505,3146.3875613234545
488,2561.8956866675153,2560.669221373412
489,2562.4255263253285,2523.4516707029074
490,2563.136098817327,18255.876507316163
491,2564.1641547242507,2345.38425733521
492,2564.164184836273,2543.640227489333
493,2564.26027563942,2819.5632826631895
494,2565.175353553656,2951.7164969514038
495,2565.17537591552,2801.9409049012042
496,2565.368710714769,1884.9513639270215
497,2569.669572847518,2211.574195303977
498,2571.2902246218305,2154.6942655509943
499,2574.678759659051,2736.7565516476975
500,2574.679347388037,2685.4576594964515
501,2574.8391539203726,2937.5292938989555
502,2575.0974333677377,2362.3627401715203
503,2577.348792922319,2471.6009630817957
504,2577.3504655003826,2003.9622437435785
505,2579.5969898298567,2470.9814976573075
506,2580.25146665985,2705.9505015484788
507,2582.0669581520538,2983.031355592087
508,2582.067208784518,3015.2294420320973
509,2582.067998418612,3008.9957439222685
510,2582.0774337002094,2984.639894209829
511,2583.1759212486877,2601.495045941913
512,2583.18680457543,2376.7877025077337
513,2585.62895905801,2557.6214400403965
514,2585.629490423825,2283.3508487025792
515,2586.240634723583,3447.103546653903
516,2586.6076239818885,3024.1330431625015
517,2588.344299075873,3011.460203397172
518,2591.325455165248,1977.4585735003752
519,2592.3706827318706,2501.0035158719425
520,2592.3851656683782,2703.2571182343418
521,2594.287253201886,2718.408926117675
522,2595.587611432939,2466.5735079778988
523,2596.2868675307877,2755.1148708995947
524,2596.574867345166,2692.8629793674622
525,2596.6795040730376,2584.358786419976
526,2598.6110732311067,2655.4025295789147
527,2598.6455905656217,2927.2279636381204
528,2599.133279517578,2086.469238261603
529,2599.1852722963895,2495.873630199196
530,2600.016140730638,2877.5627164794905
531,2600.1355228819652,2428.4215958607647
532,2600.1702476979317,2390.838697947286
533,2601.8500284640913,2454.8207551174423
534,2607.371365579002,2209.3502163497974
535,2608.1663344897006,2665.8370911829356
536,2608.69019240091,2545.981242315143
537,2612.698965028374,2617.8869480205008
538,2614.1071794127192,3375.321963009583
539,2617.9440949124896,2606.8458849697245
540,2620.6118938618415,2727.5698001982178
541,2621.716272656511,2089.7904615662833
542,2622.6860465944815,2427.1548062785464
543,2624.8387873716756,2437.6076136746847
544,2632.1126317744643,2886.8332802420036
545,2632.707499313915,2553.114016960748
546,2633.9549774498023,2243.4253464556964
547,2635.1742859579253,2404.116806123265
548,2636.5620507978488,2419.458747113082
549,2636.579018228521,2514.254074363848
550,2637.5828938432924,2390.8114527513376
551,2637.741967210396,2275.2584995995094
552,2640.9380304487486,2427.15829393388
553,2647.1088669617293,2127.6348760645956
554,2647.758290470037,2130.770754907261
555,2648.9150330445746,2551.9362641597877
556,2649.3426180039614,2189.649008799187
557,2649.713418611634,2240.849745270561
558,2650.7852581602233,2852.411498962689
559,2650.975795509412,2934.3577506514
560,2650.9861180417765,3133.546914148327
561,2651.8243753909464,2965.0491917808467
562,2652.445831195924,2301.4182563987347
563,2652.44591072452,2227.464377007251
564,2656.541667120599,2449.2013418351926
565,2657.954250094292,2511.2802787717055
566,2660.346080730986,2049.8145796553986
567,2661.4601537808435,2926.5260997706996
568,2663.5837490200574,2194.497625644757
569,2663.5926261427926,2360.2012706938726
570,2665.7235406090053,2849.717281851394
571,2665.723566934653,2683.8949798174845
572,2665.7236058278386,2859.9050330869372
573,2668.2503560333694,2337.343814777727
574,2670.466083694094,1637.6470084748526
575,2671.5032443586942,2654.00987871226
576,2673.5691349952945,2281.9752635428017
577,2676.302526094273,2205.810332189416
578,2678.0588211508134,2101.1514244870377
579,2679.2909540826577,2175.3134085000434
580,2681.4013449703125,2472.3739163502423
581,2681.6586090396463,2722.520152246592
582,2683.7836954096915,2572.1566946693633
583,2684.4625164418744,2592.2875607867622
584,2684.4625869921515,2500.3028008671804
585,2684.8118629992587,2687.921159580356
586,2685.439043021937,2095.4592855837386
587,2685.439043021937,2010.7164109912446
588,2685.4390842543994,2807.266686630986
589,2685.688398269687,3303.4806048585865
590,2685.8955912873826,2624.864498235823
591,2688.244468104793,2711.405705333908
592,2688.9907456410083,2993.128700972375
593,2689.1021431363592,2745.9079394606565
594,2690.734937640445,2825.1562216476937
595,2692.573650169943,2947.5330368303967
596,2693.0040612666453,2745.6045288842984
597,2693.835888332186,2387.77976367753
598,2694.856207685219,2043.281585006172
599,2694.8981731584972,3001.16365974879
600,2697.3072549302783,2702.4841869165025
601,2698.4127445539048,2542.492793384885
602,2708.4552035502898,2659.9159194765775
603,2708.998876516473,2468.4777234617277
604,2710.187989113931,2523.1493555278666
605,2710.35644173495,2554.012822317614
606,2710.708104494284,2663.401295880958
607,2714.0233899227305,2669.364991222104
608,2714.9005806758323,2339.8056903577585
609,2715.2480583192396,2908.878583020132
610,2715.2480583192396,3151.842090098006
611,2715.4877292953447,2351.183054615911
612,2715.6911222905387,3111.566076332825
613,2717.0433724406844,2624.9600460596935
614,2717.229800791245,2629.711217246792
615,2719.7680626996366,2855.735733067218
616,2721.558417632809,2492.332975338177
617,2722.724855853388,2872.832129445752
618,2722.992219023857,9428.00892086268
619,2725.3241675818363,2475.2714655048285
620,2730.2598692510414,2333.513492723841
621,2731.2885068935134,2353.71466543799
622,2731.2886887081427,2354.5094792250543
623,2732.575603682182,2332.1525769336235
624,2732.7104859238575,2935.407688817585
625,2732.7426946079177,3012.8682649358557
626,2732.7534657755655,2630.7424804988564
627,2733.735286467972,1754.7152351944662
628,2741.090633982723,2173.803654845935
629,2741.2196275868964,3080.846947118324
630,2742.680452687046,5651.24665299301
631,2742.680737979581,1957.3846121089468
632,2742.9706809460095,2651.863469293515
633,2745.092201518984,2730.3106489539077
634,2745.0973580091513,3345.3815186636098
635,2745.097526572542,4213.966195674273
636,2745.097808732184,3052.3249833500336
637,2746.632010298735,3043.9821143436343
638,2747.0075276289745,3073.436566121182
639,2751.991641461262,2702.449599289
640,2751.9932467644558,2736.240095729658
641,2752.37937505982,2726.4627518719444
642,2752.381135374859,3193.1446512922757
643,2752.590713839611,3108.502587906976
644,2752.805062752952,2083.2902894724443
645,2753.8972054548517,2209.354811011169
646,2753.9132821730122,2062.8809910094114
647,2756.35149750718,2898.792161145195
648,2760.014539386244,2853.201542971556
649,2762.702815516649,2128.3811286853675
650,2764.0166888937833,3733.227463855947
651,2765.835638703827,2965.546597136675
652,2766.846103077668,2494.6521739836107
653,2769.631615835943,3339.3441954531936
654,2770.8729285498766,3045.7728084447303
655,2771.401123866754,2728.9913587235346
656,2775.4162250152867,6001.001686271245
657,2775.931671041378,3107.073442711529
658,2778.4948672789583,3601.3889831490424
659,2780.90046625913,4770.1578359490795
660,2781.30456972409,2881.181290876365
661,2781.3357371868447,6198.813597301059
662,2781.5619683884174,2495.7349490238057
663,2783.17277324037,3571.1058778971937
664,2783.17277324037,3253.9979484312585
665,2786.690496137553,2366.9359040773006
666,2787.3423560963297,2695.3244072854573
667,2788.5338354472237,2287.370448702922
668,2795.3499112748545,2686.9310984582376
669,2796.219308258425,3124.6908109952196
670,2796.219634973028,3224.4731354403616
671,2798.123923274181,5384.428933137793
672,2798.461136583231,2863.3048054289634
673,2799.900428853708,3430.9221348058895
674,2802.8868752814637,3393.9153012593656
675,2805.5012497322623,3290.2415815002955
676,2805.501303227776,3275.984763554868
677,2805.7979664558543,2756.6625148052926
678,2807.2987316082344,3200.8246441775404
679,2808.1394773929233,3115.7435757450025
680,2809.738692667163,2969.2279772214815
681,2809.7387024633113,3088.3989312708054
682,2811.047898347146,3406.53478915982
683,2814.8991167258523,3335.148327238436
684,2816.580894120529,2633.9144391984833
685,2816.647381854542,2654.6233524369095
686,2820.687121403215,2961.9534879853695
687,2821.0917250792495,2414.999840468222
688,2822.0097423200464,2657.6723881292833
689,2828.74626994273,3082.0042589403297
690,2830.5830336241074,2566.5629758409336
691,2832.9101838903516,2933.6594482413198
692,2834.3740774986945,3212.2398074549897
693,2834.5474388907455,2668.7469176825475
694,2839.12049501643,2965.088698241015
695,2841.426454920169,2627.3104944819556
696,2842.153455374702,2895.804510207201
697,2842.804860640238,3055.4108477972145
698,2842.807695653504,2952.2515654379417
699,2842.8078042844313,2902.867159072685
700,2843.406221380358,2799.943473977818
701,2844.472325437725,3242.685985668269
702,2844.6785950803574,3157.6582105249
703,2846.076295386884,2761.517300711165
704,2846.0763270323587,2948.4479933809175
705,2846.4401585530763,1685.073612773607
706,2849.6161141002535,3031.7259795574114
707,2849.9897486378886,2567.854666889121
708,2850.504660294472,2627.007351036782
709,2854.0076362164205,3121.6084664812656
710,2856.625143398486,2504.9475127356563
711,2858.2834514445385,2145.007767196818
712,2859.2412141578607,2472.1022778862434
713,2859.24132192166,2333.538857412092
714,2859.24132192166,2190.5992975333406
715,2860.3442809855396,3403.222738043972
716,2862.3549702004225,2975.58971720152
717,2865.055922111071,3157.839704992819
718,2865.88654977917,3339.366762133634
719,2867.0792078797854,2035.1538166965242
720,2867.4146194643517,2749.410962047854
721,2868.3349961206854,3602.6421458595305
722,2869.099613944406,2649.145224945996
723,2869.099617581333,2598.936213451922
724,2869.7321087331748,2536.9773092690775
725,2870.799865715387,3441.022746316237
726,2870.7998797235136,3397.5867659734795
727,2871.9411764450365,3119.6179977459656
728,2872.6378112970506,2101.1518179091045
729,2872.73039157451,2421.4210737509316
730,2873.1802312084883,3176.637722722197
731,2874.5508925486697,2722.480211211664
732,2876.9992781349943,3093.850401668285
733,2879.6485768815987,2705.6780768269277
734,2879.6577398526333,2728.0293799386523
735,2879.788921090196,1734.9244111596945
736,2882.2610577597256,3253.975727849153
737,2882.3324881459107,2718.0108804897145
738,2885.10384570949,3897.0290050101407
739,2885.2822041486265,3343.7409023036885
740,2887.3443360424794,3006.8787302937862
741,2887.7482070760902,2977.6563425039603
742,2887.7483500992894,2740.0868190611404
743,2888.328605625803,3405.8708048477242
744,2891.4103613429393,2990.2591777553557
745,2892.9701010865283,3566.0748631313045
746,2893.7674778964397,3235.6666252989517
747,2895.67090044132,2107.6732119689113
748,2895.8137773265703,2182.8305048143648
749,2897.9032115516193,2814.6389084901534
750,2898.872924986844,2877.8039021984846
751,2901.343741710907,3243.1756043242717
752,2902.648485449263,2100.074012589304
753,2902.6636433165086,2437.8948343362254
754,2902.663660303116,3034.2860278634166
755,2902.6637467119954,2477.2910553806537
756,2902.663833049073,2216.409817760325
757,2903.718705074281,2464.575482490334
758,2903.7588420320862,2663.724506720991
759,2906.373654602973,2518.4916513008093
760,2907.939689366101,2524.478741374855
761,2910.2740157228936,2302.508397922702
762,2910.293626999534,2307.838662870516
763,2917.554459261243,3001.289375202938
764,2929.7271197135055,2322.5973590325034
765,2930.1514906276707,2656.3656699640005
766,2931.730158917395,2736.270725599267
767,2931.7302542729794,2778.1601649781455
768,2932.2872307994885,2957.978411855267
769,2933.646732576489,2626.9814066030817
770,2933.6485147532044,2850.1580995863137
771,2940.636959132055,2889.650196940916
772,2942.6096719184898,2715.683996968027
773,2943.6223521863726,3014.3282428857938
774,2943.7385226079027,2888.883657251578
775,2944.8214149953933,2997.9672489568898
776,2945.437548806446,3095.5303806572624
777,2945.9376458334764,2286.559547427844
778,2946.7718477315793,3012.0666150685497
779,2950.8355047211603,2723.333909698705
780,2950.8356249139833,3012.695788140278
781,2950.835662113149,2971.8609237248006
782,2950.8357092726874,2978.583786878376
783,2951.5390380239946,2579.158395409849
784,2953.4645907119407,3077.0478235005326
785,2953.4726416297794,2916.6172177446274
786,2953.940432332365,2383.137631444242
787,2954.339225613093,3386.9144702670287
788,2954.837492127015,2310.452265674013
789,2957.9708209804708,3369.078434646665
790,2962.3802158428352,2965.255237132312
791,2965.9552411737664,2450.1701361603255
792,2966.2110863527564,3277.3519914496924
793,2966.5240901424036,2869.022163836689
794,2967.9861201558338,2436.608019317346
795,2971.389725524237,2943.4862086658636
796,2971.395288063464,10801.821434135874
797,2972.815521104289,2929.8992356099116
798,2972.9335992067286,2295.8051818233216
799,2973.7262523556647,3156.0854767214596
800,2973.9112412787454,2848.746444427558
801,2974.835118928035,3310.196570830521
802,2978.3607581989604,3215.976386696024
803,2979.203274026932,3378.9052265456908
804,2982.1061500387586,3191.5320376921204
805,2982.2240026301993,3226.479843335925
806,2982.224008973605,3220.017086864767
807,2986.2673208185147,2242.996409498147
808,2990.412296017577,2453.384734617202
809,2993.9173883482354,2497.443002863956
810,2994.5358807857815,3172.4784083506574
811,2994.6010520687723,2858.782273410037
812,2994.8023741931524,3108.4216642533775
813,3001.276081102087,2242.1758345422872
814,3001.7360496659753,2890.0902973665216
815,3001.73637499609,2889.154191759722
816,3001.834538789247,3141.934603491682
817,3005.8702672619656,3086.8112659051903
818,3006.2609205245267,3184.527674481033
819,3007.7472935451187,1634.463041175793
820,3008.092838837625,3099.197714766117
821,3009.450502120732,3130.9330707926333
822,3010.010247024032,3286.3181811280415
823,3010.260719275449,3324.2331635656224
824,3011.1337799251323,2905.557394520549
825,3011.5573283401964,3095.0130545583797
826,3011.5573283401964,3329.1609086907215
827,3011.557478704924,4083.3661452818064
828,3011.5575915390973,3032.473581099029
829,3011.8294981766935,2933.260884875713
830,3011.8306396504445,2927.3634053349947
831,3012.5656664506428,2698.7472513024845
832,3013.0005982690222,2878.10005407527
833,3015.6444371088196,2974.370514134151
834,3015.8633231962685,2774.5393170425928
835,3016.226041754474,2940.092524935352
836,3016.3714334017764,2506.378584605368
837,3016.72770780338,3001.935311609543
838,3016.728926958229,2519.219179285967
839,3018.2655953570293,3467.150064616698
840,3018.3888373801924,3381.9782152333623
841,3018.6542268264984,3226.2467367357417
842,3020.174465112317,3093.605803396338
843,3020.359541084772,3102.092907376591
844,3020.9740627506403,2987.2481911635837
845,3023.972077100702,2742.2742016492343
846,3024.8635519675736,3076.3850787240867
847,3026.050608511171,3369.9120133255324
848,3026.9813571700897,2856.4245851423398
849,3028.509801287969,2235.851473347721
850,3028.5098021296035,2552.3382793929527
851,3028.5137018791916,2181.6837657831516
852,3028.5151641166767,2265.028183601519
853,3028.788984012782,3033.637775983897
854,3028.7894434779855,2885.2390253571616
855,3028.790924524314,3116.160327869596
856,3031.3850744248475,2629.834252873616
857,3031.9645983736837,2912.2679197548837
858,3033.0414832536653,3567.9330502033076
859,3033.500903495995,2558.4559370970014
860,3034.8787232944323,3134.759888442469
861,3035.680299649746,4211.884252046421
862,3036.2126415628154,4651.261117909408
863,3037.3118902097535,2019.0442925077932
864,3038.250375470297,11430.583102301274
865,3039.8631313098517,2722.324592996074
866,3040.154017814568,3150.9237001808146
867,3040.406254565456,3269.5296382886613
868,3040.850925667786,3725.8699409946107
869,3041.8159493193334,3410.8653530537886
870,3041.815965902694,3078.628221178132
871,3041.821155933899,3114.030732638876
872,3044.7746918395746,3882.749253017482
873,3045.2707038302688,2694.810985565437
874,3045.6587208645274,3107.953337159807
875,3045.658767585749,3504.313217307886
876,3047.2578900559315,2202.3818929751847
877,3047.257914972675,2339.1831601419185
878,3047.9501194114864,3448.8344207619743
879,3047.9501194114864,3744.944781009452
880,3050.3369807197164,2648.0546627649287
881,3051.114122083525,3451.469462592872
882,3052.0392892476866,2347.8710279133215
883,3052.9205108065526,2888.1939219430574
884,3055.563459327037,2687.709906045988
885,3055.5634669591645,2705.164827415048
886,3057.977152118011,2994.041126199428
887,3060.395059177733,2860.312069238857
888,3062.660729210357,2878.028061914319
889,3063.956029971375,3071.2326601612517
890,3065.036052864688,2594.876807727353
891,3069.2176093954686,3258.3553204433297
892,3070.4540053951937,2582.5500918591383
893,3073.0235172823773,2812.2779934832147
894,3073.023724411317,2933.2491241443636
895,3073.0239225701544,3025.181615412499
896,3085.487489641358,3162.0204440223074
897,3086.657732679964,3186.6483996399534
898,3088.457894755035,3095.059280991673
899,3088.8373185572436,3082.1723519275515
900,3090.4746898659673,3230.733912598918
901,3091.529142081086,3345.731759429563
902,3091.6704255178943,2670.4993557201356
903,3095.5219830572837,4466.265029941919
904,3096.5309550863703,2423.7157163925717
905,3098.808043723772,2828.441730041634
906,3100.1740297521924,2853.9577707148733
907,3101.4394504651104,2856.721373085075
908,3103.2153750787043,2740.671197414972
909,3106.370167532107,3257.9423847774274
910,3107.135438445886,3478.6964538753914
911,3107.6329001929034,2830.807355341744
912,3107.632967204669,3042.2854569066335
913,3107.634254938242,2388.671345142838
914,3107.6367853395595,3065.152272689856
915,3108.2473086296072,2886.2933131213526
916,3113.274121915286,3093.6461777245336
917,3113.2752623041033,3963.3792298086596
918,3113.275272148368,3793.8075492076027
919,3113.27529013195,4460.466138813021
920,3113.2946479289762,2579.791810136058
921,3113.4419599646317,2967.648880766937
922,3114.4482360228976,2764.280903099413
923,3115.4008438564288,2976.6305216860414
924,3116.257873616323,2789.71738893147
925,3116.771340242309,2505.2029140460913
926,3116.77162652931,2444.5811195069778
927,3116.797036697966,2663.4646831080213
928,3121.5221505205814,3032.738122805362
929,3123.053693246679,2946.714168752362
930,3123.491653185504,2706.827884343773
931,3124.375824751684,2985.7074482805297
932,3125.396117764935,2035.7551698835082
933,3125.5862708060836,2740.706706278293
934,3126.0832912102023,3203.157304830465
935,3126.0833051960262,3008.484266275553
936,3128.370413016651,3062.292913578069
937,3128.9147068089032,2681.174943701555
938,3130.1699538006596,3227.082855131823
939,3138.9864071137977,3032.061807079583
940,3139.60799868425,2503.7841843549354
941,3139.7090360585594,3346.989730786618
942,3140.144676189776,2644.775641501475
943,3140.4251309749557,3107.535027721276
944,3140.909230226366,3491.948755885987
945,3144.35352139973,2510.7925989595174
946,3145.069009452473,2856.524702570664
947,3146.7042141301145,3128.248384055671
948,3146.7416592635964,3160.59347755301
949,3146.741680771436,2900.7689914436583
950,3146.7630038000148,3389.247550835097
951,3146.7630038000148,3582.5980011907363
952,3147.3938518122895,3270.0013918617037
953,3147.6937176105453,3329.3618477137857
954,3148.6360367723114,3872.166658062435
955,3152.3648846291608,2795.0571686607686
956,3156.3431344843284,3263.956067110193
957,3156.8996006306834,3034.69445838005
958,3158.490585874277,2655.4934510029175
959,3158.6790010192217,3180.5107764238714
960,3159.0346068864815,2661.543299754649
961,3159.849255615954,3672.990622743819
962,3161.4060010237836,2552.3436796271194
963,3163.2927091143415,3131.1735866834792
964,3167.675824644425,2145.026202062733
965,3168.089635164111,2880.138022950126
966,3169.06183232148,3426.551484811735
967,3169.39903758289,4046.0235052781195
968,3171.0106936664833,2976.5806831576624
969,3173.164546126276,3145.8161257572096
970,3176.7089366006103,2886.806823545669
971,3178.490719221796,2701.671956258178
972,3178.4916840035207,2688.7524100121295
973,3178.4921524016213,3274.3692891502665
974,3178.940183724874,2547.3255764042055
975,3184.383706952744,2944.861668858642
976,3185.767546160315,2882.848283271312
977,3188.829126875951,2499.0884072730173
978,3195.791563794792,2666.5070919679147
979,3196.306091060536,3361.207979746769
980,3196.510290894664,2491.1245370593365
981,3196.6393943446255,3189.9328575201994
982,3197.7027210244255,3300.0561103205378
983,3198.5621288828693,3019.1160237794807
984,3199.610389989273,2593.2310124525834
985,3200.0300664756937,2917.802394145262
986,3200.073917737107,3048.9354638335767
987,3201.2858434936816,2698.734414849993
988,3203.593662200212,2351.1265426812774
989,3205.030016518371,3741.1220713858975
990,3206.35338008445,2634.1015208887084
991,3206.414783967348,2625.226530113671
992,3207.346326007736,2770.6195111620295
993,3211.4059911251643,2966.8528521278063
994,3211.512725320681,3812.729116519494
995,3215.1371753360077,3104.947000786551
996,3217.3021317908015,3824.237944735509
997,3217.6329261736564,3395.858359882161
998,3218.9997844704017,3223.9007751181502
999,3220.994319508111,2701.844043287539
1000,3223.608907825389,2952.6169087905987
1001,3224.659622823189,3534.4293713881957
1002,3225.4312922552485,2255.1246467769856
1003,3225.4313212230804,2415.385582369663
1004,3225.432372979125,1664.1458016286458
1005,3225.561221165191,3110.4885544130616
1006,3226.907829449832,2470.325568731237
1007,3227.643646638705,3014.7075928677345
1008,3227.6466866372684,1982.7291964588908
1009,3228.1051431587243,2672.441691928469
1010,3228.1051436522366,2677.699627470041
1011,3228.1051436522366,2674.426907949037
1012,3228.1052536395227,2715.7626498127606
1013,3232.8499969698537,2429.7347489800177
1014,3234.162048447816,2540.151986001058
1015,3234.193818685486,2548.674996267158
1016,3234.410756746591,2522.6539133630054
1017,3236.2055457440842,3086.550449038633
1018,3241.61507851606,3259.3730489535715
1019,3245.185483739134,3197.850625301076
1020,3245.185513864562,3139.036671715559
1021,3245.7848778157786,2165.6636340447917
1022,3247.2992852717966,2615.741504675744
1023,3252.297323415654,3484.680585892864
1024,3258.703466759783,3276.9984732343128
1025,3259.691771610794,3076.1804893650296
1026,3260.16859782855,3034.7945977836634
1027,3260.5970954334443,2706.0140749298057
1028,3262.3310010554064,2597.819048677831
1029,3262.3311243393955,2696.541485079287
1030,3262.3313058037033,3784.2426165819265
1031,3265.8402247058684,3052.4665927376345
1032,3269.1900482502824,3112.81282673781
1033,3270.596990762908,2432.189212454496
1034,3270.780998605127,3545.829936190717
1035,3271.7138401393113,3215.1429799812004
1036,3274.2943176666345,3867.6881324154388
1037,3274.9272497022866,3429.0114433268463
1038,3274.9777633381022,2945.670625061198
1039,3274.977927549736,3421.540091296138
1040,3275.6791881011814,3098.9408740698796
1041,3275.6791881011814,3083.754892682441
1042,3278.8213858989993,3759.299255673726
1043,3278.9948813967103,3459.5721951338905
1044,3280.52174009628,3462.7702030638516
1045,3283.403845730247,3385.268410311854
1046,3284.172931931046,4023.116758111269
1047,3291.6299326639955,3435.987995929691
1048,3297.234825236626,3369.6664887100474
1049,3297.241769148636,3149.9104093393476
1050,3298.220022827477,4813.788480194843
1051,3298.654162922424,3952.4661265308446
1052,3299.010009887455,2424.907082439555
1053,3299.0115505009726,3356.343063308737
1054,3302.9151459231666,3399.6290176477155
1055,3305.2277141334735,3507.0400892377206
1056,3308.146144983308,3711.455149051275
1057,3308.904101003893,3069.9408738129564
1058,3309.022307454576,2616.167604157448
1059,3311.3772109083357,3560.702058739225
1060,3312.9896571738923,3023.306757834965
1061,3317.3285694207957,2962.095914278029
1062,3318.6565148652026,3863.8705105488193
1063,3318.877019295911,3028.984990948707
1064,3321.0325532064994,3064.4039760665487
1065,3321.667329825528,2973.5609774382515
1066,3323.3243198163254,3690.5095337431026
1067,3324.9475689467786,3272.978598383485
1068,3325.2188202198467,3391.8354625378956
1069,3327.418810432108,3076.2238088084637
1070,3328.4999751019823,2741.3057691701483
1071,3333.763722375355,2160.9953990771364
1072,3334.9857795728926,2913.7750651764977
1073,3336.5628679661922,3335.4427722948226
1074,3337.2263238637834,3130.24333714255
1075,3338.6265452504667,3343.2802292555266
1076,3344.125656717487,2653.114498606176
1077,3345.7051624640926,2488.8172672633186
1078,3348.13944428285,2722.533085202088
1079,3348.4794735722417,2945.9937744357335
1080,3350.459331986587,3075.759782638435
1081,3353.1699036934715,2900.8159295839373
1082,3356.3571114691504,2776.9159898706853
1083,3356.568170766304,2703.077075763639
1084,3359.02694523131,2836.883615180063
1085,3359.0285455776334,2733.8292647870644
1086,3360.5039080247793,3094.9781951111895
1087,3362.2738526384487,2964.0363683341347
1088,3363.450331900656,2992.8331558962477
1089,3365.6312329506272,3462.7381648105697
1090,3365.6320670470095,3473.3497488743137
1091,3365.9122221423445,3004.5347543270273
1092,3366.3400721944245,2732.6544187305403
1093,3371.5642092200733,3272.1953302371217
1094,3375.5872414580404,3614.785461246786
1095,3379.6884200790882,4196.428837144876
1096,3381.066862043184,3285.149751838675
1097,3381.862577015533,3573.124188035668
1098,3381.8626731645013,3240.127585743034
1099,3381.8638330918175,3109.8322828833084
1100,3385.358032899265,3022.4411018050414
1101,3385.5923796432394,3884.18914000672
1102,3386.502810342929,3383.6426834367735
1103,3386.549681199112,3497.937156478604
1104,3389.5184697760146,3474.809525886118
1105,3390.6600979845484,3541.727008536271
1106,3395.195385128746,3133.5835639166385
1107,3403.9363214338778,2924.440549350287
1108,3403.938501722536,3112.234572369476
1109,3405.1893698408658,3157.9867628743586
1110,3410.940933984182,4470.115671125606
1111,3412.879357500969,2732.933093014109
1112,3416.569563105277,3606.9411469317934
1113,3416.5695667698333,3337.0780128224314
1114,3420.3026695166195,3077.2511228497156
1115,3421.493740524226,3027.2918167851844
1116,3421.493798324162,2897.1817787423156
1117,3428.375901901913,2870.313254660028
1118,3429.218940118746,3249.611736121421
1119,3429.218967931658,3259.2390669988026
1120,3432.1266894085225,3116.81154126493
1121,3436.099192292186,3003.13692874693
1122,3438.8213132383544,3803.0217897840853
1123,3440.09981121468,2445.156457101006
1124,3440.100088339348,2654.4861344190344
1125,3440.109122385988,3613.300910867353
1126,3440.37044353874,4003.5909853466505
1127,3442.451732959146,5100.89377081575
1128,3443.393279217701,3570.0776479391393
1129,3443.990256354081,3014.470129825732
1130,3444.6406176152163,3559.1264333171207
1131,3446.844450229889,4012.513162017662
1132,3446.8565062154335,4058.3882750153166
1133,3446.856519827321,3668.81705536878
1134,3447.0792893199946,2949.8019642749573
1135,3447.486612600924,5014.151567073266
1136,3449.1860737499264,2772.838403063816
1137,3449.3882019644516,3425.34143397421
1138,3450.8933918479615,4412.036998367048
1139,3453.9883025188515,3927.809520292986
1140,3454.5505330942774,3949.1950392229037
1141,3456.0104941538875,2383.581958584013
1142,3456.9715485291263,3347.3728988393846
1143,3461.099196345334,3439.287281403222
1144,3464.8023892635265,3854.1156291449665
1145,3465.3870089767643,3473.701958427669
1146,3465.3870089767643,3408.189483056131
1147,3465.3871122200253,3371.363599006082
1148,3472.0922792169154,4043.722265396772
1149,3472.642912701443,3876.9709675281415
1150,3473.6488584653284,3155.2703198281856
1151,3473.6488584653284,3139.023373158823
1152,3475.746480859652,2603.7541053206746
1153,3477.0634998988944,3279.912160380343
1154,3477.51119381606,3401.3378012764683
1155,3477.9411109487387,3209.0691124984046
1156,3479.432768340226,2948.509405460823
1157,3484.5091928951133,4444.963099964643
1158,3484.5092641139236,4881.2435355704465
1159,3486.6240038977758,3936.796170924184
1160,3490.1184430599765,3401.1786444965533
1161,3491.1779593600704,4236.936431890726
1162,3493.6910445954427,2854.4855736934655
1163,3495.760699827316,3094.7194997527477
1164,3495.760699827316,3031.2437669921705
1165,3495.7660810280126,3274.9676606605613
1166,3497.6490678966466,4560.573477188568
1167,3502.9106571211464,3044.5794105701525
1168,3508.4236950054633,3049.3102658159282
1169,3511.2648413216243,3159.9968100859337
1170,3517.167272775874,3865.7557165423923
1171,3517.255356578818,4819.949025803246
1172,3517.5497796155046,2594.40238841994
1173,3518.038256067796,4028.1163039823423
1174,3518.887541771937,3113.505613560886
1175,3523.572150628208,3241.91204255236
1176,3526.007167909727,3423.9156769690885
1177,3528.3568304185183,3488.785932248979
1178,3529.6464310470924,7036.324761416909
1179,3533.067264342913,3290.070335702698
1180,3534.052504735869,3399.346269298002
1181,3538.054801812883,2642.802845561059
1182,3539.417574340285,3253.399511275702
1183,3543.56578373671,3167.159765650447
1184,3544.8677195936716,2925.554067033405
1185,3545.1278831053987,2606.9544709608167
1186,3545.128104135536,3068.7747758936866
1187,3545.1288273626833,2714.7204275264817
1188,3547.9149608961434,2332.7502733302176
1189,3549.2009991894765,3202.4065366562368
1190,3549.2361818183294,2934.6486573244442
1191,3554.0912095009053,3278.2322404552683
1192,3555.429834064627,3669.102543485079
1193,3568.0650596187884,3920.0632309524985
1194,3569.8093587592584,3359.3677685781677
1195,3570.7080008126045,5247.278608633519
1196,3577.0560113137108,3265.265022559291
1197,3582.141903905306,3966.601975179211
1198,3582.145824307575,3623.974213626953
1199,3582.1459873349863,3936.829748177276
1200,3600.3346965966107,4467.14196710163
1201,3607.2678424296723,3021.6499903942454
1202,3611.047468159216,4462.69988049628
1203,3622.659906759289,3590.9008968901258
1204,3624.1474373210044,2741.6118649206805
1205,3630.015015378206,2933.5447710484054
1206,3630.7434816412547,4147.900040362294
1207,3638.595526895078,2377.050181823394
1208,3640.1388076324947,4253.718681085839
1209,3641.9468596565416,3902.6526172518766
1210,3649.2343712980523,3596.9765792268
1211,3655.0389229028874,4413.447553936887
1212,3655.9584497663386,2479.20536046361
1213,3655.958517295189,2980.8728280797823
1214,3655.9615360443713,2979.6649453184687
1215,3656.00290075231,2960.066070625165
1216,3658.3554087404455,2882.9306250063814
1217,3659.7860749749075,2898.224375212
1218,3661.082009253483,4763.003145524031
1219,3667.719890319896,3361.833874923212
1220,3672.3911581900998,3517.9984493605375
1221,3673.418295126244,2656.137154341486
1222,3685.594011803955,4036.0079550726714
1223,3685.653790189979,3578.9768913629223
1224,3685.6610284715907,4277.640214019975
1225,3685.6610522843916,4481.810359893646
1226,3685.6611298688836,5428.803259856609
1227,3685.661225984998,7312.342395026573
1228,3685.661225984998,4669.531201360405
1229,3688.292631561454,3490.245480786288
1230,3689.6600753939724,4742.563296607511
1231,3690.7463197268225,3175.775618827612
1232,3698.339737807459,3315.8898693066135
1233,3706.5995916772017,3220.4602883614543
1234,3710.721679471481,2254.551978706178
1235,3714.2904694693907,5402.368971375479
1236,3714.398284911382,3183.6059395832635
1237,3717.388529600844,3917.3607383392336
1238,3717.390267084501,3351.6690900560807
1239,3724.088845743146,3244.468515904437
1240,3724.1108577856135,3978.8331304756703
1241,3725.254365148289,2775.2538370196066
1242,3727.340037701714,3576.57571527401
1243,3741.564070940068,2395.55022169531
1244,3744.2933512941627,3592.1757260807617
1245,3747.5118069900477,3492.4274234664385
1246,3750.2929842955305,2673.265378891652
1247,3758.991680177096,4568.057946953329
1248,3759.0765238135978,2693.785066150274
1249,3765.3635473300483,3418.3282780903955
1250,3771.7386944901796,2560.8596439624107
1251,3772.587201985626,4923.628954558002
1252,3776.7857936904634,3574.1530614312037
1253,3779.4273955648937,3606.2002433487637
1254,3779.437489495357,3599.2385835774826
1255,3779.518674651801,4616.9809333401845
1256,3782.9373060542,3474.8288631275445
1257,3787.280575233045,4135.301906639161
1258,3787.286026988495,4546.997346540993
1259,3794.758917640164,3116.938620843212
1260,3795.2914259798126,4963.623084964385
1261,3798.310080106244,2843.1574038941644
1262,3800.7419733951715,2817.7147583634983
1263,3805.480180016782,3119.7985796292483
1264,3826.4709694679946,3738.1580126379827
1265,3854.2515786076883,2720.7896956619443
1266,3857.3598427925294,2829.4474829165742
1267,3857.3598427925294,3106.882993589726
1268,3861.1279290288776,3134.1463009840054
1269,3861.5325997120503,3518.9567880869004
1270,3866.5371750624495,3138.207193019813
1271,3876.2407350775784,4026.723225876863
1272,3877.7294159762637,4071.3179653377792
1273,3881.816097548263,4281.344492870244
1274,3893.6450448010883,8917.319742169531
1275,3899.852428186841,3275.701700589683
1276,3899.8544451514204,3446.7226215355554
1277,3922.7211860019,3417.2484087836556
1278,3936.245567591955,3949.0378813783427
1279,3944.7160011452715,4378.719111445235
1280,3945.2646668338193,2474.8215155734965
1281,3947.2209254188315,4525.6878835638
1282,3967.8078282032575,3896.1075211329485
1283,3967.8375799181026,3991.271264800321
1284,3967.8392824131124,3815.2460761639977
1285,3980.2476272569543,4265.926390796629
1286,4007.285046942054,3373.479499649968
1287,4025.920701042093,3186.344533069793
1288,4030.431811775213,2878.5597004562665
1289,4030.431811775213,2894.5381125254603
1290,4035.6330130726815,3287.9538029690534
1291,4035.6499090041534,2956.765692573805
1292,4045.9795620313243,3694.7788565023097
1293,4056.3505916993054,3069.48680244069
1294,4056.355208972178,3222.6145784383093
1295,4064.029210121524,8404.449943729323
1296,4075.6752905833414,3354.080032286457
1297,4075.684533798206,3097.397991919604
1298,4076.151263682389,3781.747098458014
1299,4076.1518221914835,4650.852653152997
1300,4076.1518230791053,4468.645666999144
1301,4081.52077801005,3039.734113549151
1302,4095.3434641525114,3241.0576040433652
1303,4104.614870664906,3993.8342698071833
1304,4105.318786869749,4420.775029528909
1305,4123.682227153583,3204.600041825573
1306,4137.017592896817,4102.151314823468
1307,4137.017629160552,3569.3452440895185
1308,4137.017758538702,3090.190269862301
1309,4142.975648872109,2780.383199954043
1310,4142.975765491947,2737.2635335597047
1311,4142.975797549587,2806.0247306393235
1312,4149.544683160273,2902.6878772446576
1313,4151.726582715132,4010.065537490292
1314,4156.675318662771,2448.3630185599077
1315,4156.993135344753,2913.471279872892
1316,4164.957641151703,2703.7571075891115
1317,4168.781339109776,3482.8493323550506
1318,4183.672835138386,3349.773197087509
1319,4211.316700951458,10751.255595540117
1320,4219.63310514465,3854.796339468005
1321,4253.589150217051,3255.4164209839773
1322,4253.771112602961,3475.780999973363
1323,4253.866840352185,4198.733510821116
1324,4298.622220897465,3935.0296098468903
1325,4308.483359965068,3048.417535587914
1326,4308.485274912198,4224.006697515576
1327,4308.489027073995,4378.764612615611
1328,4309.228681237262,4421.945703805238
1329,4330.223460759553,3449.7741067856828
1330,4346.263592838826,5785.930596140515
1331,4360.1622331187145,4356.412953674822
1332,4376.1061644762385,4328.370313508436
1333,4376.10664441877,4486.846807605083
1334,4388.505999238076,3733.102616784415
1335,4391.514594879242,5026.703455509203
1336,4393.911143235948,3874.034854573059
1337,4393.911148526007,3833.484332449951
1338,4393.920584441687,3170.355964581546
1339,4410.932023849178,3402.5580250821777
1340,4496.747380091473,7828.5545080318025
1341,4547.96073691632,3779.8349868543346
1342,4564.318261618507,6980.69815258583
1343,4567.159963773307,3678.508912161326
1344,4569.457258552102,4541.659365929045
1345,4573.60906033063,4667.784340643047
1346,4584.906664844263,3578.0400267982927
1347,4586.598198876626,5153.16700514537
1348,4599.42544114299,6975.374343969194
1349,4607.44778358456,5946.5340514929585
1350,4611.11930409642,7647.401948539752
1351,4611.227160722491,7508.628491118208
1352,4614.387361929473,4664.384831261238
1353,4628.387103288032,4160.718224283505
1354,4652.719221197424,4034.14113715325
1355,4691.28755964946,3051.3088276580133
1356,4720.553164089226,4201.327531449321
1357,4725.780955079342,3589.5667482015324
1358,4725.8619973452405,3437.3511906792523
1359,4732.037645176065,4374.877625222306
1360,4732.674080549039,4626.8166302394075
1361,4757.9758464052275,4409.895860359025
1362,4757.975926284908,4433.550968350661
1363,4777.554734818725,4469.2458144631
1364,4834.926015165487,6016.703240721734
1365,4882.956408075087,5106.750322392991
1366,4882.956428325016,4237.983641262408
1367,4980.040601339944,4768.9000176566105
1368,4995.003983328783,2861.8416439555294
1369,4995.004084156776,3637.5131650352373
1370,4995.004539051262,3577.0864416620557
1371,4995.613744185301,2835.8451201840276
1372,5007.499121786729,4346.178773158127
1373,5027.1216352105785,3792.570935948471
1374,5043.5339237299995,4116.679591936931
1375,5072.2261953379275,8174.656654085383
1376,5072.226503364811,10625.913892131723
1377,5106.055786452706,4053.2794031046797
1378,5229.404518807339,2972.2542400276748
1379,5229.406355849159,3871.4822820335194
1380,5348.675612345289,6429.926115822624
1381,5392.497397140657,4655.759300363691
1382,5543.9583289573775,7430.9409766649405
1383,5618.570137163599,3785.6287803756527
1384,5628.330797221678,7698.796240838176
1385,5791.701518096785,4387.8902325826075
1386,5813.306548217011,5331.675893024192
1387,5937.514086690878,5553.132503678761
1388,5969.2880206855725,6742.9970236489735
1389,6114.378857830176,11353.561917461951
1390,6300.708952696298,8462.15209345244
1391,6527.268918278712,5128.71300892332
1392,6589.146543179988,7929.73634297229
1393,6760.257809433431,6850.892299684805
1394,7230.297389232099,5220.148607382653
1395,7374.302434343556,7178.666892990965
1396,7374.302554794969,7099.827504560382
1397,7387.532592918784,8787.865295449634
1398,7577.8118242068895,4078.2466950607923
1399,7841.74324165039,4050.6318876695623
1400,7843.5031659463275,4088.577569328256
1401,7952.410352624348,5043.45497122485
1402,8135.074961722746,11763.863886599853
1403,8152.203923844282,3260.5386329654825
1404,8496.545442046166,10966.637170652697
1405,8563.560292358852,7975.047059704792
1406,8662.99551084064,3559.232832528692
1407,8831.217942507099,12130.752046216026
1408,9134.544027080137,9755.580545810368
1409,9158.46196622102,8373.517340774562
1410,9186.75259496254,13586.134997530748
1411,9186.75259496254,14462.27447829741
1412,9323.652701580131,8069.916962210866
1413,9339.830516705419,6940.941458796533
1414,9421.742690503506,6318.639600049464
1415,9620.183635684058,14046.333236802377
1416,9951.523145592908,2714.6258680809774
1417,10037.893265267607,8573.686390208733
1418,10418.72654723752,12734.012087749967
1419,10418.72655370237,10287.060285150636
1420,10418.726990071,8060.229276777634
1421,10569.033331046316,8489.633425281172
1422,10569.033377240365,10014.888702132861
1423,10576.914976040782,2558.87574778471
1424,10652.312937347868,3736.065373866848
1425,10801.38752208698,16783.327034381804
1426,10904.421761277526,4398.276259972516
1427,11070.196573721547,5677.5484922416945
1428,11073.058209153734,16138.642331902322
1429,11352.351270712777,19047.261447952013
1430,11436.717971837837,19763.540249862006
1431,11505.842940520924,10056.394864346546
1432,11511.821037761529,10999.62298105969
1433,11586.490032868143,10819.91737061893
1434,11650.296321963224,15064.933732284275
1435,12067.166280468646,9566.95303571429
1436,12151.007046026856,12035.88486553039
1437,12322.63731508456,12040.812925475557
1438,12433.075698600147,9720.591032942411
1439,12555.895708196129,19635.332794363265
1440,12678.796764455888,11660.02453403516
1441,12678.796924881479,11739.350007450064
1442,12682.517528790115,10947.599517991968
1443,12703.985493902603,7681.806340620528
1444,12754.661023655211,11781.201051683822
1445,12794.808678362773,13054.670254746803
1446,12794.812229131116,14016.227715426956
1447,12882.787307410787,7662.804708791667
1448,12886.513193581435,9461.153810365948
1449,12888.828277476565,9574.669624534758
1450,13059.975056536763,15895.826089428492
1451,13146.478481998432,3723.1433657589937
1452,13346.322315560055,12467.570557952551
1453,13347.571067211618,12004.286646356197
1454,13435.16629874452,14558.335447438365
1455,13435.36930013745,13774.827961290988
1456,13446.616736563485,12606.464714405332
1457,13473.71027422428,7891.799604490711
1458,13517.104757829511,16706.73875978355
1459,13822.982075916534,4454.9614396690595
1460,13873.588212218912,18330.532431789805
1461,15051.505166993684,30496.78229161811
1462,15346.363814027976,14288.833206053278
1463,15521.839056415107,14956.64986811944
1464,15529.027974648063,13931.967717393634
1465,15658.194056375873,15744.445753744723
1466,16285.958973189028,24825.816831179538
1467,16890.38817969639,8857.268775241164
1468,17452.664063675456,24428.03778393546
1469,17479.737963947577,15013.03802380175
1470,17484.70116374877,15118.057881587267
1471,17763.570207244287,15164.726190659652
1472,17767.51577453123,20416.64681110034
1473,17768.5582212036,16801.403892219165
1474,17864.127033566838,12407.929404386921
1475,17867.919293947503,36193.85558157537
1476,17867.920057137875,17340.4282558779
1477,18011.960819364296,17926.585221507466
1478,18026.412761400516,17517.99011884769
1479,18040.248379700613,11843.20222212219
1480,18440.71048344341,17571.389340152746
1481,18559.02463392008,18567.866756738174
1482,18882.8805997783,18684.412408131004
1483,19384.287799203226,9449.434178356843
1484,20254.32832911,17177.35347499701
1485,20333.196446129143,25676.157473583266
1486,20802.768475175115,19216.80044165182
1487,21355.781363607144,18314.89293611225
1488,21988.287415727358,18871.34073968463
1489,22249.760914471633,20129.45822996136
1490,22307.99459456901,2070.346080847782
1491,22600.058870821373,17090.942171329596
1492,22962.356719020132,18669.48659380305
1493,22998.977723438926,18381.45458527484
1494,23895.75919033169,22487.785587737748
1495,24483.952778006984,24904.196783109743
1496,25004.955228958697,16645.934484561687
1497,25198.90707878979,25423.92648955545
1498,25913.547451720988,19228.981771899416
1499,25949.499811796508,1876.2682335870718
1500,26234.831553327374,21933.86289032857
1501,26282.076075363253,17605.782576524256
1502,27168.76219168881,24993.53273494479
1503,27232.3609735575,29768.37369125067
1504,27232.3609735575,26430.675670001627
1505,27729.5074303972,29756.44125539798
1506,27764.974329384302,26836.2674207043
1507,28342.04588247644,24981.858568542128
1508,28909.00698886094,44213.02980843454
1509,29402.13006903636,27548.18594409847
1510,30142.8990591309,24401.426405789032
1511,31071.66813639265,31191.16892962512
1512,31651.34258003762,38139.97156499129
1513,31727.516030458017,35064.75013674135
1514,31969.847823159114,32559.982371027276
1515,32457.83905821844,36128.77053159157
1516,32857.89307786622,24281.348605430387
1517,32986.80880139705,27518.429333700435
1518,33039.936499953015,26103.18642639036
1519,33139.76479356179,35785.42820335047
1520,33326.152256007845,26897.032853862096
1521,33476.77393753575,40992.00695837355
1522,33569.254209254264,27543.714578244697
1523,33914.61720759258,30238.3443576051
1524,34223.548778911216,31381.04625587371
1525,34359.727639429584,40406.39426003117
1526,34412.26860900884,31752.831270125473
1527,35605.21099862851,26673.983901067368
1528,35972.5841814851,36664.424542199675
1529,36042.91014338564,34449.77674369577
1530,36400.245401078144,42858.95806727186
1531,36677.09896590055,39319.67670175168
1532,36684.588512576076,35218.91630205809
1533,36687.8190106815,36714.29018147796
1534,37266.92592384134,35512.09267460934
1535,37281.70501032758,30556.87125239896
1536,38061.23252169899,38897.52654509488
1537,38204.66653410129,34464.76356076822
1538,38322.87509015597,8553.761984773717
1539,38450.57901041243,36814.32636333691
1540,38478.05813636044,38455.5254192849
1541,38913.087618784324,43279.4167368302
1542,39380.8159819844,41524.11154208781
1543,39704.295163231516,39296.49897728457
1544,40163.65634496365,43342.866377603525
1545,40240.45682111215,33898.95251464707
1546,40260.61254393461,32630.46566964646
1547,40402.00258833259,40934.2379285909
1548,40434.28592185163,42038.08462971893
1549,40821.74204231275,41548.41987829587
1550,42098.02491318035,43869.55568031599
1551,42362.74094485597,49059.96370622819
1552,42362.74094485597,40890.33267069656
1553,42376.94043111555,44545.7979581453
1554,42699.18167118022,16194.487682077894
1555,43964.01512484999,43677.01296302923
1556,45326.233826623225,45007.59422604107
1557,45732.73585814327,36089.068401463286
1558,46001.167162667676,49121.32517675779
1559,46098.6674127932,47003.97338459105
1560,46382.715616113615,32183.45986660296
1561,46657.66885648224,45798.63819809305
1562,47119.125518390094,58568.871712484404
1563,47198.27731170142,36768.034845549424
1564,47226.8376236677,41976.00684217097
1565,47228.12173991209,47277.85568353919
1566,47439.47741545145,47367.516391910336
1567,48310.70285645145,47417.825192247255
1568,48378.26259695504,55633.5708338325
1569,49125.66987397507,43330.33484400073
1570,49870.028866124056,47254.0556719697
1571,49939.47436943234,52929.519508782396
1572,50869.11698748061,36427.41703043642
1573,50882.454767871575,40032.317253767615
1574,51920.11823407273,56626.56506618959
1575,52165.499379402034,52460.78054770685
1576,52243.14782160871,48893.37662691941
1577,52794.941859926075,52246.563666552596
1578,52838.07604282052,57989.014206176565
1579,53294.860098860874,49845.33696593088
1580,54931.18137562271,49141.76550804586
1581,55382.30508289824,58786.525736469455
1582,55894.30221870735,59920.03840195807
1583,55958.71357973685,28164.89463713204
1584,56262.30722626076,55727.68052041017
1585,56851.60905259401,53000.0216740774
1586,57328.211926946125,57309.568777770386
1587,57521.962846676666,81053.24463901961
1588,59019.435467395,59093.29740881191
1589,59419.684376594385,67657.49074821472
1590,59540.865592457,56148.14737402189
1591,59561.592420313675,57664.48153806021
1592,59610.90237944713,40097.42079248828
1593,59707.47305404819,66360.5663789793
1594,59857.78514006553,36536.00058182111
1595,59860.06849735891,59846.84807141214
1596,59952.94739840594,57675.24269564893
1597,60432.878268823275,49731.28907080066
1598,60719.878506950554,49847.500100611695
1599,60827.268015835,50834.31613134792
1600,61046.68925312583,62309.4855533163
1601,61301.87339652768,64604.124230859874
1602,61309.71594486118,56713.8418981861
1603,61379.89204901826,66523.59876707394
1604,61834.78083496422,53400.64729167432
1605,62581.085608872214,52083.68875069579
1606,62869.9343462826,64471.725828924114
1607,63033.93266506247,61472.64363541489
1608,63382.08734825298,53568.52919720187
1609,63445.13330517053,72706.15155549796
1610,63566.379005511284,77516.46657242825
1611,64109.060270405345,64211.483901630076
1612,64705.97930456739,65548.47475016181
1613,65337.67152565589,66036.36113831853
1614,65766.9613805818,69567.2440646199
1615,65828.14453223957,61743.07326595525
1616,65828.14453223957,68517.6391179251
1617,66248.80940207394,60927.684941516156
1618,66317.53623001944,76327.11204102763
1619,67167.7867939097,63952.946790214904
1620,67267.61293257993,51634.09868183735
1621,67749.48348930449,61922.52302826404
1622,67752.56592648261,72320.80027751837
1623,67756.63171165608,75294.74007015745
1624,69344.50541981576,72696.10828064861
1625,69854.20841272955,65706.43531819052
1626,70067.6655195403,73307.13681063235
1627,70567.61000296255,82034.34314971339
1628,71218.15366307565,61869.07586807106
1629,72761.77779782825,74602.95843597957
1630,73072.03027208347,72593.75484841071
1631,73159.36494093029,72786.38904863085
1632,73810.1787870678,81894.89694477669
1633,73947.50914573268,68417.9354966817
1634,74728.041550451,70166.07246825738
1635,74738.8295682732,86140.10549244662
1636,74808.59833178809,75337.4155388375
1637,75000.21336014058,71576.55988782491
1638,75591.43935497047,82717.89633057806
1639,76293.04868748362,76265.24703493928
1640,76366.0460135765,69708.34862817514
1641,77097.25921111333,77849.4043246731
1642,77188.74453009905,76813.70200780511
1643,78056.25817201611,76670.86729413377
1644,78069.76947709871,90277.68934013632
1645,78261.93393466277,56204.62075283005
1646,78871.67762971864,70950.01897229557
1647,79552.03817875289,84233.77441757024
1648,79735.46777145566,76101.68619657011
1649,80126.9343687786,90680.19289541733
1650,80497.7619848681,67904.14969598847
1651,80997.40517255513,78103.64909986759
1652,81762.18560724109,77453.13180185489
1653,81843.34455416359,77770.88029539897
1654,83403.81721660256,88373.04910604867
1655,83966.09592321307,73830.99040051611
1656,84495.5047382527,78750.52765799125
1657,84825.05758640845,81952.42603232693
1658,85877.29905979574,82775.31724459612
1659,86100.55042615706,75399.58867917572
1660,86811.46624359544,94789.37697641137
1661,86837.17348838806,75309.22833758681
1662,87957.73168843503,63878.527611866244
1663,88617.1388392581,89219.73940791907
1664,89622.49197869387,88842.2890054041
1665,89694.37292375085,88234.75854539171
1666,90125.96109250284,79817.46094152807
1667,90268.6095211005,85599.21760540418
1668,90366.03135345202,79887.31973068429
1669,90469.43428218966,86227.29412485284
1670,91028.1087512124,92119.66038534291
1671,91097.16087448678,87419.90294224505
1672,91140.13482613234,89120.69364516529
1673,91634.05494114776,86523.73912019341
1674,91828.82975008986,98243.01950466297
1675,92023.99481008206,96708.33669166088
1676,92373.46491356251,88581.50819263014
1677,92997.19108623863,85515.68002566572
1678,93298.49037323377,87442.64871745395
1679,94584.0685614809,89665.00744371863
1680,94733.71552701708,99936.99401558709
1681,94805.39855612215,94273.74099944455
1682,95088.23893056078,91764.8415625922
1683,96966.92873332076,94488.00467847292
1684,97286.07879430699,99790.75997862483
1685,97411.7346205662,99856.83121974253
1686,97841.52828809056,102761.76215038451
1687,98210.23065160455,85345.76697955468
1688,98825.9565475636,93311.84124054137
1689,99210.58188816078,98029.45830355652
1690,99432.47266130809,84714.79542666224
1691,99601.5793721981,98193.23051771587
1692,99651.93676070927,98002.39476880936
1693,99735.51274693816,98088.55399738207
1694,99819.14973148733,87180.42996753172
1695,101510.64225310092,98098.59311727274
1696,101565.43602923176,98577.87215385334
1697,102010.3882424024,101862.343092727
1698,102573.12841452044,105242.44653160356
1699,103826.68646912285,102439.04794008403
1700,104902.62698078196,97582.20299754756
1701,105114.42819116135,115723.20664784276
1702,105436.4990414578,99569.41909594143
1703,105921.56713301687,98045.8588744553
1704,105972.39509747188,109062.3586707363
1705,106334.48997198704,105475.4012574005
1706,107091.20945036969,110295.18068034516
1707,107161.33999546977,111663.91554039263
1708,107493.84706230208,112170.19950193746
1709,108792.02028735026,114020.16313771065
1710,109570.03844482856,109333.02468600198
1711,110175.54900102848,113817.1375707265
1712,110273.6746084684,104934.41821152274
1713,110311.50625339753,112257.62626593889
1714,111246.3964348324,107832.63426041247
1715,112013.1044467217,112826.69108253154
1716,112130.15304348328,106537.02747526973
1717,112597.86385145436,119617.30138454
1718,112894.11216671963,112913.4106584007
1719,113480.49795118163,111105.50507638678
1720,114172.83059679861,112961.85128663204
1721,114850.68373814093,120594.04545643051
1722,114854.09627377313,112684.16504278444
1723,114891.37458701561,111733.18997851647
1724,115373.1304583216,113424.19313725295
1725,115531.72059866013,122912.31631634977
1726,115770.34088566253,113863.22619215556
1727,116303.93631266593,108562.58780746414
1728,117269.867346855,120759.0478777243
1729,117604.18221042765,121695.45487992214
1730,118036.58901348233,117329.15621388615
1731,118069.3377013373,114688.90754012977
1732,118746.63737700705,114153.77193601451
1733,119433.96846655248,116240.67311412851
1734,119553.42277215463,116371.5921814569
1735,119778.2098694816,116543.68598533502
1736,120686.37979327021,125328.17087285138
1737,121120.09116897373,125822.02150930579
1738,121239.59520806483,122717.73777137142
1739,121413.8047740466,112708.70813531474
1740,121537.98921761422,122093.41358713795
1741,121838.10553863208,120582.81400415306
1742,122479.07946720671,125299.4085579588
1743,122522.3302712209,119761.17918088527
1744,123633.74218594751,123202.1456626258
1745,124184.76239569507,121355.00132890134
1746,124447.4087537211,123479.3653346532
1747,124915.57040931021,119008.05404842713
1748,124982.70287339747,125111.64961230117
1749,125389.75623439322,123468.9766620329
1750,126425.3373620037,129575.711421745
1751,126466.59506329792,111971.00552018349
1752,126665.32514907052,122844.66284539354
1753,127207.57659517697,105748.04681741931
1754,127232.39957530041,124442.63694973683
1755,127659.4675709001,120596.472393083
1756,128244.97889308583,123646.35720617174
1757,129146.48905440028,136499.0308332906
1758,129715.19910583377,126286.93418312761
1759,129876.52318636066,133289.3218654821
1760,129950.06438109654,127933.15216146187
1761,130181.20550528659,130803.21627044871
1762,130398.43631197176,131466.45826175588
1763,130575.838113862,134967.95331271584
1764,130634.11132064156,131957.9140532639
1765,130653.19713008012,124054.70216533671
1766,130753.27219442184,131263.31053740962
1767,130861.72528404146,132978.66002783817
1768,131401.11942635206,126302.16902335866
1769,131418.38203936387,127233.78661062525
1770,131677.70272584504,124787.32424591933
1771,131771.49436582948,146542.07068969985
1772,131889.12960410552,131311.66240601352
1773,132322.94337192323,135283.5511073097
1774,132456.01905873435,134097.5848120038
1775,132548.00129078396,139003.24089355615
1776,132684.30914539224,131631.86147524219
1777,133095.04168520635,131437.49533931396
1778,133757.7926699931,130690.33053140352
1779,134277.1895010013,133786.76384924416
1780,134738.02738890547,134013.52396038806
1781,134760.1353252162,139203.77310377295
1782,135005.19628941987,142815.82224876483
1783,135256.14145394828,149422.11467173405
1784,135275.67147450574,137079.23459354098
1785,135746.90094062433,131920.39418405938
1786,135898.40908869467,135251.09962760692
1787,136147.68703023027,122940.89638899105
1788,136953.09838915322,147104.46008405765
1789,136953.09838915322,143940.1358958966
1790,137058.50319278386,131067.96198159066
1791,137323.56655286977,135748.63470267196
1792,137412.85172320306,133768.1258748134
1793,137505.58849384906,135878.12862361228
1794,137644.91256021566,139876.77985851537
1795,137818.7546058291,128837.29643454302
1796,137857.3879867575,138556.81047949143
1797,137978.69310299726,139971.2578048964
1798,137979.4645688938,139469.6044016471
1799,137982.61700791563,142119.2669648621
1800,138109.52890885857,137589.13423821732
1801,138289.68643999926,136765.2285490963
1802,138985.3896795696,139196.70386965916
1803,139147.50099202662,134141.8065525534
1804,139355.78478191243,141317.62692089935
1805,139365.82691695733,125173.48620022483
1806,139481.65341446607,136557.08369456173
1807,139839.6308513065,149374.35212500632
1808,140217.48377566502,139995.16070153346
1809,140240.53586102516,144347.3768079721
1810,140913.0482591536,145061.88702420614
1811,141042.0023656247,136378.2306797712
1812,141166.2263066475,149017.79034457175
1813,141837.80016494985,141368.4741868362
1814,142169.721560235,139415.17119028143
1815,142365.2107000822,145796.42031661494
1816,142465.68576111848,141037.72393868913
1817,142571.59395801232,145643.94448331912
1818,143125.8729050689,135748.93548550742
1819,143125.87455285137,143111.7280241892
1820,143294.1766956546,145237.0161765134
1821,143308.68872220136,148956.1742694291
1822,143327.00488671634,145900.09592388745
1823,143818.86258311392,128558.85267070368
1824,145223.25296415307,148712.45665495034
1825,145291.78170829933,145875.28442088014
1826,145417.33240613702,148419.0508100908
1827,145731.19188294632,154920.32905864166
1828,146208.6252797583,149282.28873637493
1829,146292.67173864404,149474.3750906363
1830,146297.64780534594,146243.04757726667
1831,147043.09488136077,133060.47104395245
1832,147102.93539716702,150721.8779894754
1833,147172.70653547766,135580.9346348045
1834,147666.45054681323,145129.98594984316
1835,147717.18858566266,142634.3513936177
1836,148063.27313330793,146329.0772530454
1837,148063.5961610044,151211.88762772435
1838,148171.08139328187,148679.40557583448
1839,148669.65763836345,129973.60280840479
1840,149314.99754935192,152608.26060178722
1841,149956.42528395023,159591.83763846577
1842,150388.07938886803,136703.87905302964
1843,151254.07180166413,153272.13531993172
1844,151522.72130827533,149176.87388747706
1845,151819.32753908433,157245.0263837771
1846,151819.77568586174,149938.79690270917
1847,151874.79567294288,151283.91977407926
1848,152474.83442559664,157017.05576953042
1849,152618.8375461704,154280.52993058047
1850,153033.9912157579,153822.12319536018
1851,153457.7212578206,148920.86162939382
1852,155222.64474030797,163367.8501941747
1853,155677.27765746156,156269.99434900354
1854,155813.16926321175,157103.80853873564
1855,156028.82045621984,154570.28817554607
1856,156188.64541140766,157125.30910073983
1857,156255.3270727212,154712.26866021307
1858,156349.399585983,156527.37329239023
1859,156691.20687175164,157108.8175258031
1860,157362.2631772328,152098.7260850341
1861,157639.67988753473,157552.02812153217
1862,157705.27283851945,155166.7818692627
1863,157813.08905791555,147498.99131719716
1864,158870.48077811778,162771.76565862057
1865,158988.46716213317,149090.30278980255
1866,159027.4841350747,159843.5178694383
1867,159922.24353888122,158491.58450379953
1868,160097.7365949139,164684.42618467775
1869,160202.61063239345,161479.6995234114
1870,160354.77952840066,163752.3626727279
1871,160756.51367134912,155358.66301574145
1872,160756.65855089822,158746.7616660359
1873,161067.6945090055,162179.82050105752
1874,161183.88619466135,157813.67409262352
1875,161271.28802815283,159729.44680058412
1876,161312.1123561494,160536.96378454956
1877,161888.71645931003,163340.60378127726
1878,162277.52011287535,144302.2362495249
1879,162355.9535614865,164205.22726940905
1880,162577.14806292148,157469.215071387
1881,163006.5932904597,157892.28886120176
1882,163220.39929249632,164875.84149182477
1883,165149.67786679888,164291.39096584183
1884,165282.1365569361,167551.73105300323
1885,165930.28417305116,164080.2826400988
1886,166236.6110074611,169565.39759183652
1887,166297.59798892046,168522.57571803383
1888,166730.23327167303,169720.92841328486
1889,167005.48225686955,160676.41456204918
1890,168003.94512109988,168827.19182505744
1891,168048.5509857266,172386.80862133094
1892,168189.9721574861,172648.2186954994
1893,168824.4979560759,169508.521647467
1894,168853.89754099373,159585.333950717
1895,169017.1001985757,161729.81736275682
1896,169429.00434029882,163564.88804902456
1897,169838.36731521794,171008.04707897076
1898,169929.20624347514,168763.30687618026
1899,169936.68908233524,175401.58955288824
1900,169937.58876566356,172400.2239395618
1901,170174.95603712884,168124.22314115264
1902,170655.42408176255,158062.24867420897
1903,170807.82369034545,175157.5171064802
1904,170861.35755866268,171812.24337530672
1905,171345.01654367414,174510.59817333613
1906,171384.79919447083,178621.3665483669
1907,171737.45416920615,176353.4019180746
1908,171875.58096377057,172308.52772757306
1909,171943.55939861265,165401.0926244843
1910,172228.56155022635,177644.4147966804
1911,173170.2536191204,178767.34051822126
1912,173281.49471619586,178994.18237625912
1913,173290.30805846443,176354.56255337308
1914,173773.3432071798,170403.98717958207
1915,173893.64703378393,172718.51163285132
1916,174050.6958692462,180904.12296296717
1917,174078.89306059733,174771.19266434718
1918,174178.0969143885,173560.79041319125
1919,174893.18293121434,171260.57782604202
1920,175109.40465339224,174993.6607220751
1921,175353.00055827497,173543.70410127586
1922,175759.6058809089,171369.74807050917
1923,176116.60400927594,184107.54447004345
1924,176148.8996299231,174303.54727560203
1925,176332.4182827179,177134.22916736308
1926,176403.7823197528,177211.90587733482
1927,176958.7838187247,176069.32650048326
1928,176979.55625990394,173003.18725679404
1929,177031.3372056853,177004.09985653905
1930,177041.5564373116,176767.5379062026
1931,177114.12634553123,174191.51713053888
1932,177468.66038304646,184049.2393583408
1933,177696.65020653504,180544.8597753629
1934,178418.3372463344,183709.50059504216
1935,178661.57663244155,175757.17260469653
1936,179102.79856716722,182396.5626851405
1937,179490.8041175725,180446.49528237266
1938,179892.5133882204,185004.63800186667
1939,179913.72767355602,177971.7650902562
1940,180067.8809403813,186945.80226303276
1941,180294.19801761364,179958.2896656679
1942,180498.5762841953,181029.38904311534
1943,180513.75666876102,182429.06589770562
1944,180784.87688661428,184545.42733747122
1945,180884.19571930225,183063.67093967658
1946,180910.3403957999,182753.01113795122
1947,181557.89500778768,184344.9334492893
1948,181592.99977671314,178314.5173047983
1949,181789.54528804697,183567.931644028
1950,182059.12942115302,187916.8330432375
1951,182123.26107672026,178738.5077128043
1952,182129.57653496964,180416.60691919067
1953,182136.01879965313,183725.53071223476
1954,182348.64569367561,181769.62292058702
1955,182374.71397400714,182095.98080841277
1956,182435.81592764103,175967.35396023182
1957,182909.7656786807,182206.31882893608
1958,182972.4901338342,180830.29957017038
1959,183482.21485756963,181766.96341726964
1960,183737.75337293837,163927.93114205572
1961,183954.18839865742,185069.35476674602
1962,184049.10636612205,178063.7208445266
1963,184479.68922089186,181705.91617816823
1964,184489.57808165022,185464.59669876733
1965,185113.46094072703,191658.4540293421
1966,185168.0082462817,179351.02027472944
1967,185270.67223145493,185628.32720832215
1968,185383.03750201623,185758.03613493097
1969,185430.60826234834,185631.38367282832
1970,185476.0620053367,189104.26120513742
1971,185560.0701872307,182430.10173207265
1972,185703.75407136945,179857.77152869763
1973,185938.83410552394,190169.64474217323
1974,186382.04912974805,148181.5609039559
1975,186668.2938599014,186689.6680569125
1976,186683.61085720288,184561.52088250127
1977,186769.29598103688,198296.42965023743
1978,186873.7092931009,192035.9495119592
1979,186928.95324340454,190044.20017091557
1980,187002.26893115393,188241.0730287907
1981,188769.34257969915,186248.82784885188
1982,189001.13350532288,188483.5719388554
1983,189545.87662836286,187387.48450666032
1984,189729.28014338328,190842.70550939746
1985,190004.99959932684,191416.20810308887
1986,190389.01630947168,188847.82597624313
1987,190395.57818459242,173234.2221167665
1988,190772.69145597116,190344.78467950015
1989,190862.91526170628,194451.00322812013
1990,191522.37103730513,188545.92018990975
1991,192567.3430123548,201823.23418977234
1992,192700.30982546727,191120.41181810063
1993,192707.90104533063,190825.2814356978
1994,193061.34818576917,193577.06158956766
1995,193334.70957183148,187657.4096702414
1996,193334.9723193347,194132.7330643703
1997,193474.5138872436,198811.33413208683
1998,193836.57837413138,195552.09582641712
1999,193949.6667746569,196256.39090312488
2000,194082.76530966238,193148.56273033354
2001,194099.4598749048,195024.18182032864
2002,194117.16021491805,195866.52684060024
2003,194232.91480215895,187475.92359295668
2004,194233.03912877428,193621.194201003
2005,194750.55628048326,192636.8947774674
2006,194997.68134755042,193930.73258936702
2007,195461.1205959171,193634.62849162798
2008,195574.49195224035,195020.32418935036
2009,195595.37735139503,186259.1923885899
2010,196061.98683069146,194539.54579514096
2011,196082.43679952173,201024.0378861142
2012,196163.56690335268,191614.5795422321
2013,196202.0715672352,196232.85249417715
2014,196212.78501308212,192179.42866695652
2015,196448.85835858877,197082.4094816144
2016,197177.36033657542,192437.12338477443
2017,197800.88977873308,196867.72651514545
2018,198282.95479151863,194640.4237467608
2019,198635.13722244275,191164.46655324652
2020,198778.68500564902,196851.24364673143
2021,199212.35614039263,201072.02471245098
2022,199345.37470683127,202886.76056503988
2023,199351.6219206068,193248.88804313386
2024,199400.04636210686,203415.42746488412
2025,199400.1776787939,195732.71829468157
2026,199622.0529022319,199650.24658288714
2027,199983.88347328478,201176.0965629822
2028,200237.74355139124,194932.75347518374
2029,200445.6631623178,191104.04828809178
2030,201055.7032744323,201066.38659524434
2031,201065.22512900998,197857.0955287757
2032,201153.56432625838,203201.0340868182
2033,201364.15481858177,205821.08139518107
2034,202132.2732740688,195755.16558575642
2035,202308.22002634188,204111.05443724984
2036,202597.16530873443,199428.55972075442
2037,202872.28879951895,196195.08154848023
2038,203098.12942176952,204898.01675759142
2039,203122.10444024284,200491.0744840106
2040,204075.45714728913,202263.48129851458
2041,204085.79518310074,203807.16209078376
2042,204457.67158542393,204622.19122443354
2043,204463.7233138931,206123.13025422167
2044,204511.81315722084,204951.54210042342
2045,204616.852291156,201907.6403630104
2046,204672.5987224037,206051.00682449678
2047,204905.4408191588,200362.53078574047
2048,204924.7754239795,202038.12052269437
2049,204964.33242268002,204608.85876568983
2050,205320.33389290993,200671.63734356768
2051,205600.00482980482,202961.31065725652
2052,205673.34559870086,208231.2181620741
2053,205898.13228203385,203258.73011948325
2054,205903.04458364958,211156.4337130917
2055,205913.35206077358,208491.2891663476
2056,206194.03334068978,208020.59591647645
2057,206374.42444568189,204181.58497192417
2058,206397.08399474734,208971.49497596026
2059,206692.61137800512,208917.11977967262
2060,206780.5216650725,193469.25253683998
2061,206781.37660569884,205002.66652001464
2062,207080.137370885,203889.26306713826
2063,207363.4840492055,207919.4967204949
2064,207425.80329366945,213499.14448400217
2065,207492.5294709713,198722.21602140093
2066,207494.1489518122,206964.1379565234
2067,207682.3704624349,204716.36154279223
2068,207688.04781934238,210400.4379869622
2069,207777.01485007524,212974.87352875638
2070,207942.55374799253,211041.47189287015
2071,208287.52180898597,213066.38244998452
2072,208834.72361396838,208604.75825528533
2073,208913.2229906698,212238.0873841818
2074,208940.7817270525,209971.76612687047
2075,209117.98370754728,210167.87875436575
2076,209285.20386252867,206103.64019439457
2077,209375.939621592,210953.7344168616
2078,209554.4357234799,208584.12755075595
2079,209837.7418732168,213641.4738187751
2080,210124.26227683428,211158.9739407718
2081,210242.55675711294,213930.46017025222
2082,210276.69118947707,208091.6651029219
2083,211241.13848491295,206806.34789852332
2084,211317.62239763088,202814.4316775449
2085,211613.61145522888,215706.9237514576
2086,211857.06459173816,202512.08742932515
2087,212332.35570430622,211580.1694958092
2088,212653.16908132596,219360.326132608
2089,212688.86915672632,213609.7979142844
2090,212831.77120182803,208980.42842363124
2091,213001.56672919157,215182.47935040458
2092,213050.57618659362,211736.84828883084
2093,213635.91008378353,210967.5272889731
2094,213698.90811642443,209655.9990644373
2095,213719.38248214737,210691.3577222396
2096,213838.45119307257,211133.62283723505
2097,214965.82258631647,218237.04077771358
2098,214981.40320901937,212602.76353175746
2099,215093.8437112989,211981.78789729578
2100,215146.732021649,216359.68856916646
2101,215208.75165888824,212333.97327341238
2102,215767.27411461508,216040.3145943148
2103,215773.6812966777,218123.20768857835
2104,215939.56165985105,211961.93506156863
2105,216640.24519519007,213657.6807212591
2106,216809.94375788546,216956.21426221126
2107,217111.59552915546,222827.23540132784
2108,217183.95015758826,214525.1376458064
2109,218335.62450231,219011.88016036738
2110,218656.69449153816,215754.25777919265
2111,219654.8476181739,216932.52979360137
2112,220353.8175355955,223456.97103777452
2113,220816.99743490835,221668.243120199
2114,220869.5470243808,221443.04180801366
2115,220926.36592706025,222434.19368549998
2116,220961.77090320294,221157.8701293848
2117,221401.17671517268,212642.91093318598
2118,221636.80940296556,225049.68411917734
2119,222116.6156530241,220734.9113326221
2120,222146.58471136977,227669.55020817378
2121,222500.28203240025,223548.6643133921
2122,222711.7154948607,227027.37055333133
2123,222755.2168688923,224771.39246000152
2124,222943.96266623907,224313.22243913374
2125,223100.172649213,223365.3565339379
2126,223105.14653179908,218699.97612478636
2127,223332.06587344356,222457.17412441014
2128,223365.1660262537,228217.31783902668
2129,223568.06414262138,232767.9720627538
2130,223767.218256191,215123.21483052612
2131,224445.7000197265,220201.38226810543
2132,224574.9784972322,220909.94569233048
2133,225010.86151531976,221161.38172002294
2134,225168.85079842512,225312.43118522718
2135,225290.7189349367,228756.72020259817
2136,225365.46562831078,222129.8559917114
2137,225964.4866434486,226294.3995534535
2138,225997.9092025944,225604.9403482728
2139,226136.70856764918,224422.7426782004
2140,226377.04671424557,227882.19573252025
2141,226672.3985158822,230231.9283225433
2142,227035.49607632562,224761.51790481812
2143,227248.24728714037,223858.32918057666
2144,227427.17088595897,222855.71435649405
2145,227725.54332177714,228228.7516313548
2146,227790.21812690364,228901.3960055135
2147,228001.89267941075,227918.05797386175
2148,228195.93810082562,225710.01012558473
2149,228197.51787586178,231365.05745548313
2150,229247.43552279758,229327.67686233696
2151,229275.3135691558,233052.0031427706
2152,229382.31345840724,223943.11360560684
2153,229508.1437374205,224179.14780679485
2154,229531.89099493047,226692.1698703377
2155,229589.64519781934,229639.55480304387
2156,229743.44212632012,227100.7227390831
2157,229744.27329111227,224293.44981734952
2158,229914.28976409137,225857.60099040507
2159,229965.9451334657,233995.63869572512
2160,230202.51779392877,222533.94633716054
2161,230509.31465119642,230071.68374366342
2162,230853.19204095908,229667.56821877626
2163,231063.4497808914,232296.02594553778
2164,231067.03264191127,234694.99963516585
2165,231227.69536052604,227129.39577611352
2166,231384.28410096967,235076.30362459776
2167,231395.68578909623,236093.49239171357
2168,232027.74891747674,235558.7606131625
2169,232186.03957619928,227110.2274721568
2170,232448.322525323,230470.40336096566
2171,232462.63958145678,234703.74940771554
2172,232751.55236177595,236313.001631306
2173,232778.89905541742,228281.72010230756
2174,232808.0551007257,234540.91553530793
2175,232953.1670080724,231478.3840442081
2176,233164.81824080943,230447.29264612164
2177,233714.88246138225,234454.22851558635
2178,233814.8436276941,236896.41672408106
2179,234005.09230154974,231769.1927209741
2180,234463.6625463379,235890.5669406181
2181,234643.34403016602,226062.7193076791
2182,234792.74439606536,234280.98023766163
2183,234898.75801746268,240072.77151542058
2184,235034.76744471304,228861.1411348999
2185,235034.9871484947,239844.99981430027
2186,235155.32677766445,240315.05760500155
2187,235342.21100787912,231748.57402496482
2188,235963.34625168325,237149.7190057445
2189,236006.49992160968,235071.46142295934
2190,236177.85625832825,235847.27831065538
2191,236266.31104282808,234328.99590208425
2192,236338.74723084058,235034.40385121654
2193,236567.9134242676,231286.94794096574
2194,236651.35337688206,234706.3816319948
2195,237464.3991948264,230321.32356140917
2196,237587.40723405828,236738.07917926623
2197,237776.03581894585,235698.73627324525
2198,237908.3512108417,233901.96459009527
2199,237949.49010468132,239854.14745378864
2200,238148.4300573586,230969.89234846953
2201,238547.40798055372,237208.74091767345
2202,239213.4279347871,237587.14390123857
2203,239229.42717316846,239053.21283165412
2204,239259.48366980578,233782.74811400555
2205,239411.47686965196,236358.94279691268
2206,239572.0661621455,238342.6028965378
2207,239712.60445950794,241003.1791531983
2208,239940.78227054008,237853.00946582167
2209,240196.16765435442,233991.49929200375
2210,240318.18978946406,242921.22204072657
2211,240462.4492155609,241290.4950191932
2212,240747.68489031462,238442.0252274644
2213,240905.76313038767,239589.57267732584
2214,240955.18080627918,240921.59679842746
2215,240955.2310669938,241432.18220038063
2216,241102.85892335372,240300.9028074906
2217,241198.15739413057,241045.9516311943
2218,241250.3922592783,240498.3926718558
2219,241572.34287239058,245207.93005550318
2220,241690.06408089647,240186.38129077666
2221,241703.224612854,238219.6928619824
2222,241749.95176009362,239337.09871187626
2223,241808.62980429095,242522.52218395052
2224,241869.76021669587,246626.92164277792
2225,241906.90414488284,241250.85020765173
2226,241957.8538309748,236234.99953231268
2227,242055.57368908293,244894.99420813366
2228,242569.70747276506,241377.98056569972
2229,242654.8990867776,241082.88952766414
2230,242658.79421519086,244641.9818940392
2231,243127.67652019474,240653.36954130128
2232,243408.53280971892,244240.59243442773
2233,243646.37362443752,243367.71233255966
2234,243966.82415791662,239416.91647472559
2235,244006.5373022443,237260.5624253017
2236,244083.5248512189,243733.93761926884
2237,244447.29368267235,246162.68684407836
2238,244495.60684866973,247181.41358157908
2239,244517.25430290596,248298.02576695074
2240,244521.76621538703,237209.99741209327
2241,244747.10834778435,245484.6017824238
2242,244786.49458284062,240165.42326432333
2243,245165.9544663146,246266.50853254244
2244,245382.03805202976,244489.3722199733
2245,245491.65179606614,249219.01597209286
2246,245804.54059316145,250024.5172718161
2247,246075.30402360143,244604.1210029854
2248,246219.60351532398,246605.00973747304
2249,246810.306738156,246627.74664896354
2250,247173.37624052417,246304.34572441492
2251,247523.14673472175,250451.73354891315
2252,247544.42497276352,245758.41353500562
2253,247557.24829654468,246333.63208382684
2254,247577.49362561657,243739.52742534154
2255,247606.83425425817,255391.68626092188
2256,247702.52809568684,246065.41818080304
2257,247789.71959213808,246501.94903455614
2258,247830.78130271315,244828.46631521027
2259,248118.3069590406,246529.2132360026
2260,248457.96107335426,249625.7202332574
2261,248781.3911117916,251546.50635876105
2262,248941.0810933845,253920.8739642052
2263,248952.831365859,250429.4296259977
2264,248957.32892465038,246590.02547511307
2265,248958.29302093384,250147.55670151627
2266,249485.62228315158,250366.0920112079
2267,249619.14190581528,251256.07747805605
2268,250065.22337160714,244333.08360950995
2269,250233.95188482245,243179.46241944627
2270,250424.96557846613,252535.82514855498
2271,250425.08219067962,253869.24568991648
2272,250514.2596296798,247626.4325370544
2273,250580.78025302905,251697.41188035312
2274,250587.63727836977,253549.83623209165
2275,250876.45209816535,251431.07372367705
2276,251179.48801628774,250198.70971334286
2277,251384.9748989824,252790.98843374278
2278,251690.4625712945,246801.5026626694
2279,252168.12648576166,255357.33590264438
2280,252498.6656876089,252960.7455708625
2281,252498.88396481477,253061.45741144812
2282,252809.11439190907,246484.74457727937
2283,253211.87761572778,253299.30004428487
2284,253291.27278178325,251890.1896978059
2285,253698.28717842212,252730.78787774013
2286,254018.7503616764,251550.22982380074
2287,254191.56992587406,255883.48999224772
2288,254579.61293706245,251834.3017004334
2289,254581.39175748453,256049.05870409572
2290,254910.45970766846,258013.3928765463
2291,254937.5321254121,257277.88558107908
2292,254959.344623879,250348.6078307469
2293,255159.2085029075,259308.23697553796
2294,255530.09579286075,253204.08981644193
2295,255905.84974437123,256358.5588336588
2296,255969.7690087121,255081.15609300582
2297,256343.82555191588,253322.90899475594
2298,256371.56643003458,258175.87558829726
2299,256520.71018738305,258607.83301702075
2300,256566.26502404577,259650.19569787435
2301,256572.89872698672,257526.36317491173
2302,256795.9924520357,255395.5455416824
2303,257642.70607332076,259576.09278888322
2304,258148.21936064228,259244.15817627567
2305,258777.51421861805,255615.59609373985
2306,258820.3035859944,257568.3241060085
2307,259505.54726300022,254785.21966209612
2308,260085.43651071878,256143.76116380503
2309,260300.23994129713,256245.16791708072
2310,260357.90282756614,258625.09772943612
2311,260361.94607134952,265171.4994446378
2312,260435.68637671048,258593.9247480435
2313,260911.825593,262066.7673879626
2314,260949.35734984037,261352.97179232494
2315,261304.39121158473,258628.47789585346
2316,261357.19238959588,260986.30399876556
2317,261550.96588028182,266016.02792157367
2318,262097.84324770034,258519.3077191282
2319,262313.9725109228,259228.3906636114
2320,262314.01396600786,259328.46728419192
2321,262472.5640553108,259158.46019930014
2322,262473.1606056208,258312.4394505698
2323,262605.0724906171,264681.3127451016
2324,262638.7145145983,260527.30011971027
2325,262790.85704246815,260204.95295349372
2326,262998.5193002597,266232.0223882345
2327,263142.7351266378,262842.92987258825
2328,263153.22522062476,267914.2590090619
2329,263508.86647338263,264156.15229658334
2330,263719.53399493877,260380.93389534607
2331,263839.1660972325,265144.1922093041
2332,264127.2231163421,261696.87328005396
2333,264410.0366107735,259558.94935391712
2334,264543.85677859065,261781.47005571888
2335,264789.4978629197,263285.14932237717
2336,264909.19646743377,257767.8554714924
2337,265511.2896675982,267934.14043132594
2338,265630.7348716017,268238.1945816443
2339,265861.25647662603,263258.48143172695
2340,265946.88834657293,269813.86497336096
2341,266015.7441035313,266035.2917884082
2342,266031.531222452,269601.96316763584
2343,266298.7405609262,265672.3308600956
2344,266485.0769884457,266399.0556186122
2345,266864.5551116493,273225.539182274
2346,267166.3217191748,266063.02055814647
2347,267458.41579737136,271424.6234874008
2348,267517.3841162625,267620.822828761
2349,267768.2745892925,265392.6961281796
2350,267817.7104543588,268479.59680434363
2351,268194.97593834565,268297.15720002574
2352,268248.51135499304,263663.0150288638
2353,268478.75448901934,266811.2555732106
2354,268568.4466619257,273607.64884650666
2355,268645.5316374767,267878.0580074893
2356,268732.499166837,270938.9541534016
2357,269437.5908108855,270306.38369798247
2358,269614.4654216994,269616.47922643623
2359,270186.7832842014,273489.5184929401
2360,270190.5386354341,270027.51536643866
2361,270679.1641457513,273136.48958680173
2362,270763.17727534176,268856.83027207025
2363,270961.17124364735,269530.4181523061
2364,271590.8320903713,269581.41466008243
2365,271850.0112644362,268552.97862173
2366,272095.0719358604,273132.2963560532
2367,272142.34647696454,272791.5759334758
2368,272561.5951044909,275775.7517962083
2369,272629.9941166095,267107.53451148723
2370,272966.36184858246,272408.1487234455
2371,272967.70520454494,271365.3929396882
2372,273325.05024402274,271172.2883123708
2373,273392.2890412786,273676.1454702474
2374,273697.16630700557,272742.1596083738
2375,273697.16630700557,272566.7442618251
2376,273697.1983116788,270698.8016262156
2377,273826.4234938783,278258.44009673985
2378,274241.8274102291,273849.4038476313
2379,274517.0009430041,271521.63553802297
2380,275160.9414021077,274960.5070993904
2381,275359.9583211941,276162.1877836933
2382,275509.3102059515,279353.53392422333
2383,275677.1390485683,272436.79416902957
2384,275802.36336628284,273854.4697110763
2385,276116.86847216444,274676.41893576283
2386,276139.8017949939,277597.8615091078
2387,276444.8187822405,275597.17910853494
2388,276447.20139676036,277337.23439096566
2389,277084.4951961577,275793.8717687819
2390,277146.5279894842,274436.6758407041
2391,277558.25475667947,276375.4710611666
2392,277602.28409044107,277103.35218915145
2393,277808.10033305135,279224.33000615065
2394,277823.3577367217,280019.7674093321
2395,278886.12299427774,280171.18193616427
2396,278886.24398612353,278377.4744433594
2397,279132.4895613638,277302.52142906236
2398,279301.81406273553,278773.03482907935
2399,279730.11801177094,279284.35990411777
2400,279809.82610795955,282207.73574365745
2401,279914.29000905436,282787.64623555343
2402,280180.4649892334,276409.2578879464
2403,280180.739612317,278994.70009689324
2404,280487.4511136021,275393.1316377861
2405,280531.32018296403,283076.6473657005
2406,280924.99650177325,277556.9990064744
2407,282428.0233011134,278762.6124328665
2408,282449.18781501765,277957.9227036365
2409,283594.7885624297,279099.4764418408
2410,283732.0147414665,285268.30855177756
2411,284065.45221100043,282004.9406112869
2412,284295.433137834,286298.5513297316
2413,284296.7637621886,283678.36694260355
2414,284397.3252841631,283764.95227428264
2415,284489.40129252966,281662.3324184427
2416,285096.99002121686,284806.89942576224
2417,285105.8293475894,284350.00306358526
2418,285258.42695126875,282374.92120576964
2419,285745.37265255617,285171.7968790335
2420,285892.37713115895,285528.0179372544
2421,286216.342899555,286799.0452128303
2422,286491.5815661554,286297.6001416177
2423,286592.4925531237,286614.5512450127
2424,286788.47168994404,286544.456708486
2425,287213.40214815794,286662.6346772619
2426,287493.60881682544,285302.74747759383
2427,287525.19748594274,287949.1315674996
2428,287945.87908036826,287712.0579196998
2429,288207.29227485147,288589.69868146087
2430,288536.6371686995,289537.835271515
2431,288987.89309546456,292791.10788963526
2432,289269.7264842189,290010.6622451712
2433,289278.4380696187,293963.9337185671
2434,289447.8291694563,293637.82290248707
2435,289958.73840645794,292241.5893854458
2436,289959.0404004608,290636.0712584487
2437,290395.5014009244,290908.0672519234
2438,290501.3492950605,294087.224304914
2439,290654.1374947683,291706.0218586604
2440,290957.861181294,288712.80244688084
2441,291033.79244838044,293839.6331151593
2442,291315.6238634088,287232.2544497036
2443,291410.15967088984,294518.3182576917
2444,291418.35915731726,293636.9878565213
2445,291748.636627123,291086.7755045325
2446,292292.04358247464,293656.13942311547
2447,292292.04358247464,292885.2001276254
2448,292293.3284080803,293063.73590194224
2449,292386.236165395,289603.37232502457
2450,293374.84108562034,294218.54630702996
2451,293662.7836904047,298911.11178360047
2452,293802.357812824,295148.5461404012
2453,294013.32192925166,297648.2512280189
2454,294119.7556631714,291172.16808145994
2455,294244.65059803094,296431.8421072493
2456,294681.711869585,296424.17729644437
2457,294791.98502406094,293288.2974417396
2458,295349.72348006006,293688.7105149785
2459,295350.2434675121,297308.3662989831
2460,295688.9076176683,295616.30718926905
2461,295734.8170424923,297733.02943928505
2462,296224.26529502304,297092.98082301614
2463,297043.9583179721,296882.54777310614
2464,297403.50560480665,298235.6754759962
2465,297666.5584924592,292385.1732324124
2466,297666.7895965978,290871.0473517642
2467,297735.21615428355,297126.84009261354
2468,297897.0477902519,300694.86668212
2469,298333.18402461,297579.81210724456
2470,299286.84452144377,300404.35587464145
2471,299371.96618785773,303159.0249997571
2472,299932.9407366341,297334.79245438223
2473,300083.08757959533,299370.09096091177
2474,300516.113162383,300627.92723014636
2475,300571.2246995509,302182.7122450484
2476,300644.3339387914,302253.55231581343
2477,300851.1779165235,300627.82065158174
2478,301270.3842002711,302710.92545663205
2479,302058.1287804865,304031.8467768522
2480,302344.57450381166,304602.17176802066
2481,302387.7919759612,305373.7263237413
2482,302411.56445743283,304714.3055657531
2483,302645.26329561527,303126.4220952011
2484,302677.5565961768,300808.82854126045
2485,302777.83438003284,304142.8652520268
2486,302845.1182788131,305599.7784801967
2487,303188.4063924208,303022.0993740917
2488,303407.16061948735,307735.09425174474
2489,303800.0264837869,304966.09233661
2490,303817.7184956683,300762.995014135
2491,303854.6458635524,299606.51726463076
2492,303854.6458635524,302386.3170739482
2493,304184.0829784161,302494.56060788705
2494,305524.08502559795,306710.8324790293
2495,305594.9807543283,306697.54628990847
2496,305619.0426041796,304662.80450677447
2497,306337.0807866565,307930.9996572526
2498,306755.64102742594,310211.5612218837
2499,306939.7839763399,310135.51968294755
2500,307021.4874984854,306643.6841356044
2501,307213.3775459583,309779.5502254776
2502,308102.01337823475,311355.2853657934
2503,308519.53536604234,311475.7942883506
2504,308762.53301457874,310723.19395279826
2505,309681.7235159141,309533.3146429819
2506,310469.0756591591,313875.36811777967
2507,310792.27420364454,311836.674336302
2508,310843.02926927386,310998.15326103615
2509,311106.00706711615,312664.97481195384
2510,311217.07530048763,313744.7719073724
2511,311217.33267161535,309708.6966792138
2512,311583.10701823875,308144.48439158406
2513,311605.44648141775,311796.5017844314
2514,312243.64912944206,312222.41924669675
2515,312483.37217632093,313731.9998719326
2516,313375.38006685,315041.6004919944
2517,313555.5986565612,315287.6791596276
2518,314155.1013353242,309445.37121687486
2519,314728.20231648063,310794.9075491613
2520,315211.49126637523,316438.7393748631
2521,315540.59292622795,316744.0932068464
2522,315860.85392373736,319427.9090566272
2523,315913.4661141304,316500.1488364591
2524,316039.83291829063,315245.25333290757
2525,316596.89199963165,318968.0123579084
2526,316774.77403808816,319687.10067505983
2527,316817.2750467062,322319.7950361023
2528,317499.96382111375,315769.2621168953
2529,317525.9110103932,316789.3059960409
2530,318720.35987535544,320145.4369977369
2531,318827.3639190923,317652.94471054175
2532,320303.7250011263,322642.03234802
2533,320303.99941156374,319947.09681065264
2534,320805.09027816384,327628.4607793193
2535,321586.2289013805,320228.3457121134
2536,321608.2727614583,317941.2972748511
2537,321763.7412801107,321053.7815390122
2538,321764.05367756455,324657.91607320926
2539,321883.0889955247,321262.85374770884
2540,322000.65009199927,320106.84396755835
2541,322971.69528153393,325563.4567497189
2542,323052.75565096684,325121.2383313769
2543,323412.8072876063,321082.1763740554
2544,323432.52647115267,323901.17811114946
2545,323472.3642288296,324076.02475300804
2546,323955.65016625624,323895.0297482385
2547,324062.3261098249,327332.9653702151
2548,324306.9715617438,325031.10970065184
2549,324308.40281737386,323493.40301940904
2550,324481.12943127233,320741.0318301046
2551,324510.04798815993,324546.3820819846
2552,325017.61226295837,320647.74907385063
2553,325038.97650080954,325733.7201360337
2554,325087.067220471,323690.2738294308
2555,325087.067220471,327936.97025119746
2556,325158.01187676133,326384.6585708639
2557,325406.2502689581,318548.52428442275
2558,325528.657852463,324315.01311047876
2559,326356.1719007016,324903.31505749497
2560,326600.5920477796,326722.4115303895
2561,326627.0062923496,326675.71693713206
2562,326714.6783256481,327434.5291814668
2563,326718.83180048235,326360.7065157949
2564,326855.5154415836,328832.8729445768
2565,326994.04985224194,327822.10386262304
2566,326994.04985224194,329475.3889166495
2567,327137.70223100786,325264.26514827134
2568,327282.46015107137,327639.59519879863
2569,327526.649797261,324968.393962491
2570,327693.7723085425,328522.37801674183
2571,328176.9323876412,330713.87144885404
2572,328335.17964668525,322639.880425862
2573,328633.74230579525,330329.2773868288
2574,329573.95877446217,330110.5897622115
2575,329616.49022471014,331250.3238112444
2576,331168.08292972617,331294.1805322624
2577,331604.9356304744,332853.63211424486
2578,331664.76208890154,333410.7868629524
2579,331730.5439278068,337234.3671352989
2580,332429.5915964033,331151.7964989942
2581,332567.60229038366,336845.9199058113
2582,333089.24279770994,335435.4788723099
2583,333970.3355772729,338474.02363903384
2584,333970.3403658915,335908.01600311126
2585,336438.35537413275,338639.0289254235
2586,336473.4946677293,335760.33329991606
2587,336894.0331998897,336845.88504610106
2588,337127.08747107314,337823.08216812264
2589,337297.25507192774,336521.34739377914
2590,337874.2861299575,338924.6916940914
2591,338838.8230916457,342507.17228424933
2592,340014.5763151878,342210.17998336244
2593,341010.7834188594,340472.91961550375
2594,341329.01412791776,340958.0775786351
2595,341375.3571271562,341738.8243143717
2596,341701.8138132266,341188.94324507675
2597,341701.9339644128,341126.10542806325
2598,343042.6533111524,348892.0141747892
2599,343136.09495866834,341603.959746102
2600,343640.50295603223,344609.69327394397
2601,345037.07234068407,342016.89633925556
2602,345190.0391570391,342897.0437164162
2603,345258.529373366,342443.3086478836
2604,345839.5066477788,340500.0051856574
2605,346582.7713021748,349969.4425635786
2606,346772.2621105655,347043.60539175814
2607,346853.55113541277,349976.7587667211
2608,346959.50991711457,346104.3758731313
2609,348055.7683838529,343366.5629784031
2610,348568.6065244137,346980.51529889816
2611,349093.0562342354,352214.2199442646
2612,349744.70233168686,354331.1541513598
2613,349825.4766387829,350367.7464676113
2614,350310.0610582578,351281.4236152558
2615,352273.4873008723,350195.728151269
2616,352511.12301095354,358660.68194919603
2617,353053.7393849849,356746.10079636745
2618,353119.9346994242,352553.77075231716
2619,354077.17247623537,357882.5247349837
2620,354170.553219988,350626.0898882083
2621,355746.73221503303,353516.1031927307
2622,355979.26006305637,353446.3687614332
2623,356212.1560937771,358010.40152307734
2624,357091.8043923855,355579.9129443315
2625,358141.24557862675,351384.34214429866
2626,358413.1233040346,360683.54070610757
2627,358874.2706185083,359475.76744338806
2628,358874.27484265435,358866.27795727795
2629,362055.7602227818,365554.4560607864
2630,362358.9533259606,359195.8723655234
2631,362672.69364148774,362486.13112220145
2632,362729.72599503456,364418.2432050313
2633,362892.4000485462,361370.33788404637
2634,365804.4930502776,368903.95261602686
2635,366978.5229757947,368733.6813358427
2636,367935.62092663196,370895.3239867007
2637,367996.2903717602,365082.15006721276
2638,369427.6003189973,370379.3979240444
2639,370623.5887351135,368752.74919048895
2640,371677.36818574136,373515.0851513698
2641,371830.353835631,377529.0293083875
2642,373109.8177321462,373063.866979814
2643,374737.1282425986,374134.51202002645
2644,375280.1587579068,377795.6599519126
2645,375419.6216007927,377421.86639864463
2646,375720.127326429,376750.40761656396
2647,376019.5443496497,372804.55217690114
2648,377453.43287464086,376065.2900560408
2649,378322.77584913856,375670.78914462787
2650,378901.0916011424,380159.7307390588
2651,379569.3154493498,378125.8545603306
2652,380598.61883505766,378750.820017807
2653,381821.2558076896,376689.4106479716
2654,385144.75603082037,390422.08450112
2655,386168.2799233923,389466.95214389183
2656,386969.8730828716,390120.1657633814
2657,387007.4638192477,390386.60013883153
2658,390837.2709344034,390336.0061694067
2659,398213.57840462314,398613.5614021537
2660,407366.79555311304,411214.21924788674
2661,424380.92369235103,423813.3980129066
2662,458330.68161394936,459206.47046056634
