,ID,1986_Jan,1986_Feb,1986_Mar,1986_Apr,1986_May,1986_Jun,1986_Jul,1986_Aug,1986_Sep,1986_Oct,1986_Nov,1986_Dec,1987_Jan,1987_Feb,1987_Mar,1987_Apr,1987_May,1987_Jun,1987_Jul,1987_Aug,1987_Sep,1987_Oct,1987_Nov,1987_Dec,1988_Jan,1988_Feb,1988_Mar,1988_Apr,1988_May,1988_Jun,1988_Jul,1988_Aug,1988_Sep,1988_Oct,1988_Nov,1988_Dec,1989_Jan,1989_Feb,1989_Mar,1989_Apr,1989_May,1989_Jun,1989_Jul,1989_Aug,1989_Sep,1989_Oct,1989_Nov,1989_Dec,1990_Jan,1990_Feb,1990_Mar,1990_Apr,1990_May,1990_Jun,1990_Jul,1990_Aug,1990_Sep,1990_Oct,1990_Nov,1990_Dec,1991_Jan,1991_Feb,1991_Mar,1991_Apr,1991_May,1991_Jun,1991_Jul,1991_Aug,1991_Sep,1991_Oct,1991_Nov,1991_Dec,1992_Jan,1992_Feb,1992_Mar,1992_Apr,1992_May,1992_Jun,1992_Jul,1992_Aug,1992_Sep,1992_Oct,1992_Nov,1992_Dec,1993_Jan,1993_Feb,1993_Mar,1993_Apr,1993_May,1993_Jun,1993_Jul,1993_Aug,1993_Sep,1993_Oct,1993_Nov,1993_Dec,1994_Jan,1994_Feb,1994_Mar,1994_Apr,1994_May,1994_Jun,1994_Jul,1994_Aug,1994_Sep,1994_Oct,1994_Nov,1994_Dec,1995_Jan,1995_Feb,1995_Mar,1995_Apr,1995_May,1995_Jun,1995_Jul,1995_Aug,1995_Sep,1995_Oct,1995_Nov,1995_Dec,1996_Jan,1996_Feb,1996_Mar,1996_Apr,1996_May,1996_Jun,1996_Jul,1996_Aug,1996_Sep,1996_Oct,1996_Nov,1996_Dec,1997_Jan,1997_Feb,1997_Mar,1997_Apr,1997_May,1997_Jun,1997_Jul,1997_Aug,1997_Sep,1997_Oct,1997_Nov,1997_Dec,1998_Jan,1998_Feb,1998_Mar,1998_Apr,1998_May,1998_Jun,1998_Jul,1998_Aug,1998_Sep,1998_Oct,1998_Nov,1998_Dec,1999_Jan,1999_Feb,1999_Mar,1999_Apr,1999_May,1999_Jun,1999_Jul,1999_Aug,1999_Sep,1999_Oct,1999_Nov,1999_Dec,2000_Jan,2000_Feb,2000_Mar,2000_Apr,2000_May,2000_Jun,2000_Jul,2000_Aug,2000_Sep,2000_Oct,2000_Nov,2000_Dec,2001_Jan,2001_Feb,2001_Mar,2001_Apr,2001_May,2001_Jun,2001_Jul,2001_Aug,2001_Sep,2001_Oct,2001_Nov,2001_Dec,2002_Jan,2002_Feb,2002_Mar,2002_Apr,2002_May,2002_Jun,2002_Jul,2002_Aug,2002_Sep,2002_Oct,2002_Nov,2002_Dec,2003_Jan,2003_Feb,2003_Mar,2003_Apr,2003_May,2003_Jun,2003_Jul,2003_Aug,2003_Sep,2003_Oct,2003_Nov,2003_Dec,2004_Jan,2004_Feb,2004_Mar,2004_Apr,2004_May,2004_Jun,2004_Jul,2004_Aug,2004_Sep,2004_Oct,2004_Nov,2004_Dec,2005_Jan,2005_Feb,2005_Mar,2005_Apr,2005_May,2005_Jun,2005_Jul,2005_Aug,2005_Sep,2005_Oct,2005_Nov,2005_Dec,2006_Jan,2006_Feb,2006_Mar,2006_Apr,2006_May,2006_Jun,2006_Jul,2006_Aug,2006_Sep,2006_Oct,2006_Nov,2006_Dec,2007_Jan,2007_Feb,2007_Mar,2007_Apr,2007_May,2007_Jun,2007_Jul,2007_Aug,2007_Sep,2007_Oct,2007_Nov,2007_Dec,2008_Jan,2008_Feb,2008_Mar,2008_Apr,2008_May,2008_Jun,2008_Jul,2008_Aug,2008_Sep,2008_Oct,2008_Nov,2008_Dec,2009_Jan,2009_Feb,2009_Mar,2009_Apr,2009_May,2009_Jun,2009_Jul,2009_Aug,2009_Sep,2009_Oct,2009_Nov,2009_Dec,2010_Jan,2010_Feb,2010_Mar,2010_Apr,2010_May,2010_Jun,2010_Jul,2010_Aug,2010_Sep,2010_Oct,2010_Nov,2010_Dec
0,INF_BTD,0.0,0.0,0.0,0.0,0.0,0.0,0.0,0.0,0.0,0.0,0.0,0.0,0.0,0.0,0.0,0.0,0.0,0.0,0.0,0.0,0.0,0.0,0.0,0.0,0.0,0.0,0.0,0.0,0.0,0.0,0.0,0.0,0.0,0.0,0.0,0.0,0.0,0.0,0.0,0.0,0.0,0.0,0.0,0.0,0.0,0.0,0.0,0.0,0.0,0.0,0.0,0.0,0.0,0.0,0.0,0.0,0.0,0.0,0.0,0.0,0.0,0.0,0.0,0.0,0.0,0.0,0.0,0.0,0.0,0.0,0.0,0.0,0.0,0.0,0.0,0.0,0.0,0.0,0.0,0.0,0.0,0.0,0.0,0.0,0.0,0.0,0.0,0.0,0.0,0.0,0.0,0.0,0.0,0.0,0.0,0.0,0.0,0.0,0.0,0.0,0.0,0.0,0.0,0.0,0.0,0.0,0.0,0.0,0.0,0.0,0.0,0.0,0.0,0.0,0.0,0.0,0.0,0.0,0.0,0.0,0.0,0.0,0.0,0.0,0.0,0.0,0.0,0.0,0.0,0.0,0.0,0.0,0.0,0.0,0.0,0.0,0.0,0.0,0.0,0.0,0.0,0.0,0.0,0.0,0.0,0.0,0.0,0.0,0.0,0.0,0.0,0.0,0.0,0.0,0.0,0.0,0.0,0.0,0.0,0.0,0.0,0.0,0.0,0.0,0.0,0.0,0.0,0.0,0.0,0.0,0.0,0.0,0.0,0.0,0.0,0.0,0.0,0.0,0.0,0.0,0.0,0.0,0.0,0.0,0.0,0.0,0.0,0.0,0.0,0.0,0.0,0.0,0.0,0.0,0.0,0.0,0.0,0.0,0.0,0.0,0.0,0.0,0.0,0.0,0.0,0.0,0.0,0.0,0.0,0.0,0.0,0.0,0.0,0.0,0.0,0.0,0.0,0.0,0.0,0.0,0.0,0.0,0.0,0.0,0.0,0.0,0.0,0.0,0.0,0.0,0.0,0.0,0.0,0.0,0.0,0.0,0.0,0.0,0.0,0.0,0.0,0.0,0.0,0.0,0.0,0.0,0.0,0.0,0.0,0.0,0.0,0.0,0.0,0.0,0.0,0.0,0.0,0.0,0.0,0.0,0.0,0.0,0.0,0.0,0.0,0.0,0.0,0.0,0.0,0.0,0.0,0.0,0.0,0.0,0.0,0.0,0.0,0.0,0.0,0.0,0.0,0.0,0.0,0.0,0.0,0.0,0.0,0.0,0.0,0.0,0.0,0.0,0.0,0.0,0.0,0.0,0.0,0.0,0.0,0.0
1,INF_CAS,0.0,0.0,0.0,0.0,0.0,0.0,0.0,0.0,0.0,0.0,0.0,0.0,0.0,0.0,0.0,0.0,0.0,0.0,0.0,0.0,0.0,0.0,0.0,0.0,0.0,0.0,0.0,0.0,0.0,0.0,0.0,0.0,0.0,0.0,0.0,0.0,0.0,0.0,0.0,0.0,0.0,0.0,0.0,0.0,0.0,0.0,0.0,0.0,0.0,0.0,0.0,0.0,0.0,0.0,0.0,0.0,0.0,0.0,0.0,0.0,0.0,0.0,0.0,0.0,0.0,0.0,0.0,0.0,0.0,0.0,0.0,0.0,0.0,0.0,0.0,0.0,0.0,0.0,0.0,0.0,0.0,0.0,0.0,0.0,0.0,0.0,0.0,0.0,0.0,0.0,0.0,0.0,0.0,0.0,0.0,0.0,0.0,0.0,0.0,0.0,0.0,0.0,0.0,0.0,0.0,0.0,0.0,0.0,0.0,0.0,0.0,0.0,0.0,0.0,0.0,0.0,0.0,0.0,0.0,0.0,0.0,0.0,0.0,0.0,0.0,0.0,0.0,0.0,0.0,0.0,0.0,0.0,0.0,0.0,0.0,0.0,0.0,0.0,0.0,0.0,0.0,0.0,0.0,0.0,0.0,0.0,0.0,0.0,0.0,0.0,0.0,0.0,0.0,0.0,0.0,0.0,0.0,0.0,0.0,0.0,0.0,0.0,0.0,0.0,0.0,0.0,0.0,0.0,0.0,0.0,0.0,0.0,0.0,0.0,0.0,0.0,0.0,0.0,0.0,0.0,0.0,0.0,0.0,0.0,0.0,0.0,0.0,0.0,0.0,0.0,0.0,0.0,0.0,0.0,0.0,0.0,0.0,0.0,0.0,0.0,0.0,0.0,0.0,0.0,0.0,0.0,0.0,0.0,0.0,0.0,0.0,0.0,0.0,0.0,0.0,0.0,0.0,0.0,0.0,0.0,0.0,0.0,0.0,0.0,0.0,0.0,0.0,0.0,0.0,0.0,0.0,0.0,0.0,0.0,0.0,0.0,0.0,0.0,0.0,0.0,0.0,0.0,0.0,0.0,0.0,0.0,0.0,0.0,0.0,0.0,0.0,0.0,0.0,0.0,0.0,0.0,0.0,0.0,0.0,0.0,0.0,0.0,0.0,0.0,0.0,0.0,0.0,0.0,0.0,0.0,0.0,0.0,0.0,0.0,0.0,0.0,0.0,0.0,0.0,0.0,0.0,0.0,0.0,0.0,0.0,0.0,0.0,0.0,0.0,0.0,0.0,0.0,0.0,0.0,0.0,0.0,0.0,0.0,0.0,0.0
2,INF_COL,27171.0,36485.0,37843.0,37249.0,37857.0,32653.0,35310.0,37767.0,34134.0,30927.0,32722.0,33479.0,29601.0,29368.0,32799.0,42248.0,43848.0,46009.0,44630.0,45149.0,45209.0,42338.0,41134.0,42736.0,42453.0,36408.0,42099.0,41045.0,40808.0,41616.0,43082.0,43562.0,38690.0,42025.0,41250.0,42183.0,38078.0,37649.0,40782.0,40068.0,41227.0,39743.0,44081.0,43405.0,43225.0,43942.0,33581.0,45245.0,35820.0,36738.0,37799.0,39622.0,43291.0,42406.0,43278.0,42754.0,41446.0,38873.0,41171.0,45484.0,43814.0,39980.0,42053.0,39932.0,45204.0,43165.0,45400.0,44148.0,43232.0,44274.0,41765.0,44248.0,43321.0,32964.0,29699.0,20849.0,45492.0,43806.0,45765.0,42807.0,42653.0,45967.0,37483.0,45364.0,39557.0,30977.0,22805.0,44386.0,45853.0,44134.0,43407.0,41274.0,40709.0,41374.0,38416.0,39518.0,39997.0,34115.0,43557.0,43512.0,45509.0,44065.0,45477.0,45867.0,44953.0,45397.0,43877.0,45473.0,42482.0,19656.0,28699.0,22748.0,28276.0,32576.0,38274.0,42046.0,41190.0,36386.0,25236.0,27780.0,32793.0,34099.0,41793.0,39961.0,38791.0,37025.0,39249.0,39179.0,37974.0,37690.0,32905.0,38302.0,34711.0,24333.0,41272.0,39379.0,42335.0,40054.0,41396.0,42129.0,40698.0,41739.0,40520.0,36053.0,45079.0,29297.0,26195.0,14595.0,16311.0,23776.0,38822.0,40229.0,36876.0,33055.0,43909.0,40352.0,33162.0,24974.0,33263.0,35325.0,35126.0,35475.0,42573.0,42922.0,36967.0,39934.0,42257.0,40607.0,45473.0,37886.0,29077.0,43491.0,45500.0,43823.0,45886.0,45699.0,42317.0,42362.0,36873.0,44189.0,39206.0,40320.0,43867.0,43232.0,45061.0,43671.0,44770.0,45319.0,39892.0,43360.0,43332.0,42238.0,44311.0,39863.0,45076.0,43485.0,45182.0,43762.0,44832.0,45907.0,43476.0,23951.0,35940.0,38857.0,23850.0,1699.0,33031.0,34254.0,21977.0,14176.0,20656.0,25207.0,22665.0,23252.0,27545.0,30918.0,24600.0,23799.0,23532.0,29147.0,27763.0,28578.0,21227.0,17738.0,17186.0,15365.0,38482.0,38717.0,1130.0,18552.0,13124.0,28955.0,28136.0,32774.0,33477.0,30068.0,28820.0,33569.0,28080.0,15150.0,15084.0,15943.0,13266.0,15339.0,23897.0,21175.0,31678.0,30346.0,19856.0,9425.0,5674.0,10420.0,20695.0,24274.0,7958.0,31209.0,35271.0,34100.0,26005.0,40118.0,34080.0,9444.0,10179.0,14232.0,33564.0,27621.0,18976.0,31215.0,39775.0,38556.0,35879.0,33878.0,33621.0,29680.0,20092.0,27260.0,40942.0,33799.0,40563.0,39388.0,41466.0,40224.0,41186.0,41202.0,33785.0,7584.0,35131.0,35835.0,38756.0,23035.0,25122.0,15988.0,40260.0,34403.0,33486.0,29418.0,25381.0,24425.0,26341.0,29073.0
3,INF_DVR,0.0,0.0,0.0,0.0,0.0,0.0,0.0,0.0,0.0,0.0,0.0,0.0,0.0,0.0,0.0,0.0,0.0,0.0,0.0,0.0,0.0,0.0,0.0,0.0,0.0,0.0,0.0,0.0,0.0,0.0,0.0,0.0,0.0,0.0,0.0,0.0,0.0,0.0,0.0,0.0,0.0,0.0,0.0,0.0,0.0,0.0,0.0,0.0,0.0,0.0,0.0,0.0,0.0,0.0,0.0,0.0,0.0,0.0,0.0,0.0,0.0,0.0,0.0,0.0,0.0,0.0,0.0,0.0,0.0,0.0,0.0,0.0,0.0,0.0,0.0,0.0,0.0,0.0,0.0,0.0,0.0,0.0,0.0,0.0,0.0,0.0,0.0,0.0,0.0,0.0,0.0,0.0,0.0,0.0,0.0,0.0,0.0,0.0,0.0,0.0,0.0,0.0,0.0,0.0,0.0,0.0,0.0,0.0,0.0,0.0,0.0,0.0,0.0,0.0,0.0,0.0,0.0,0.0,0.0,0.0,0.0,0.0,0.0,0.0,0.0,0.0,0.0,0.0,0.0,0.0,0.0,0.0,0.0,0.0,0.0,0.0,0.0,0.0,0.0,0.0,0.0,0.0,0.0,0.0,0.0,0.0,0.0,0.0,0.0,0.0,0.0,0.0,0.0,0.0,0.0,0.0,0.0,0.0,0.0,0.0,0.0,0.0,0.0,0.0,0.0,0.0,0.0,0.0,0.0,0.0,0.0,0.0,0.0,0.0,0.0,0.0,0.0,0.0,0.0,0.0,0.0,0.0,0.0,0.0,0.0,0.0,0.0,0.0,0.0,0.0,0.0,0.0,0.0,0.0,0.0,0.0,0.0,0.0,0.0,0.0,0.0,0.0,0.0,0.0,0.0,0.0,0.0,0.0,0.0,0.0,0.0,0.0,0.0,0.0,0.0,0.0,0.0,0.0,0.0,0.0,0.0,0.0,0.0,0.0,0.0,0.0,0.0,0.0,0.0,0.0,0.0,0.0,0.0,0.0,0.0,0.0,0.0,0.0,0.0,0.0,0.0,0.0,0.0,0.0,0.0,0.0,0.0,0.0,0.0,0.0,0.0,0.0,0.0,0.0,0.0,0.0,0.0,0.0,0.0,0.0,0.0,0.0,0.0,0.0,0.0,0.0,0.0,0.0,0.0,0.0,0.0,0.0,0.0,0.0,0.0,0.0,0.0,0.0,0.0,0.0,0.0,0.0,0.0,0.0,0.0,0.0,0.0,0.0,0.0,0.0,0.0,0.0,0.0,0.0,0.0,0.0,0.0,0.0,0.0,0.0
4,INF_HAN,0.0,0.0,0.0,0.0,0.0,0.0,0.0,0.0,0.0,0.0,0.0,0.0,0.0,0.0,0.0,0.0,0.0,0.0,0.0,0.0,0.0,0.0,0.0,0.0,0.0,0.0,0.0,0.0,0.0,0.0,0.0,0.0,0.0,0.0,0.0,0.0,0.0,0.0,0.0,0.0,0.0,0.0,0.0,0.0,0.0,0.0,0.0,0.0,0.0,0.0,0.0,0.0,0.0,0.0,0.0,0.0,0.0,0.0,0.0,0.0,0.0,0.0,0.0,0.0,0.0,0.0,0.0,0.0,0.0,0.0,0.0,0.0,0.0,0.0,0.0,0.0,0.0,0.0,0.0,0.0,0.0,0.0,0.0,0.0,0.0,0.0,0.0,0.0,0.0,0.0,0.0,0.0,0.0,0.0,0.0,0.0,0.0,0.0,0.0,0.0,0.0,0.0,0.0,0.0,0.0,0.0,0.0,0.0,0.0,0.0,0.0,0.0,0.0,0.0,0.0,0.0,0.0,0.0,0.0,0.0,0.0,0.0,0.0,0.0,0.0,0.0,0.0,0.0,0.0,0.0,0.0,0.0,0.0,0.0,0.0,0.0,0.0,0.0,0.0,0.0,0.0,0.0,0.0,0.0,0.0,0.0,0.0,0.0,0.0,0.0,0.0,0.0,0.0,0.0,0.0,0.0,0.0,0.0,0.0,0.0,0.0,0.0,0.0,0.0,0.0,0.0,0.0,0.0,0.0,0.0,0.0,0.0,0.0,0.0,0.0,0.0,0.0,0.0,0.0,0.0,0.0,0.0,0.0,0.0,0.0,0.0,0.0,0.0,0.0,0.0,0.0,0.0,0.0,0.0,0.0,0.0,0.0,0.0,0.0,0.0,0.0,0.0,0.0,0.0,0.0,0.0,0.0,0.0,0.0,0.0,0.0,0.0,0.0,0.0,0.0,0.0,0.0,0.0,0.0,0.0,0.0,0.0,0.0,0.0,0.0,0.0,0.0,0.0,0.0,0.0,0.0,0.0,0.0,0.0,0.0,0.0,0.0,0.0,0.0,0.0,0.0,0.0,0.0,0.0,0.0,0.0,0.0,0.0,0.0,0.0,0.0,0.0,0.0,0.0,0.0,0.0,0.0,0.0,0.0,0.0,0.0,0.0,0.0,0.0,0.0,0.0,0.0,0.0,0.0,0.0,0.0,0.0,0.0,0.0,0.0,0.0,0.0,0.0,0.0,0.0,0.0,0.0,0.0,0.0,0.0,0.0,0.0,0.0,0.0,0.0,0.0,0.0,0.0,0.0,0.0,0.0,0.0,0.0,0.0,0.0
5,INF_LAR,0.0,0.0,0.0,0.0,0.0,0.0,0.0,0.0,0.0,0.0,0.0,0.0,0.0,0.0,0.0,0.0,0.0,0.0,0.0,0.0,0.0,0.0,0.0,0.0,0.0,0.0,0.0,0.0,0.0,0.0,0.0,0.0,0.0,0.0,0.0,0.0,0.0,0.0,0.0,0.0,0.0,0.0,0.0,0.0,0.0,0.0,0.0,0.0,0.0,0.0,0.0,0.0,0.0,0.0,0.0,0.0,0.0,0.0,0.0,0.0,0.0,0.0,0.0,0.0,0.0,0.0,0.0,0.0,0.0,0.0,0.0,0.0,0.0,0.0,0.0,0.0,0.0,0.0,0.0,0.0,0.0,0.0,0.0,0.0,0.0,0.0,0.0,0.0,0.0,0.0,0.0,0.0,0.0,0.0,0.0,0.0,0.0,0.0,0.0,0.0,0.0,0.0,0.0,0.0,0.0,0.0,0.0,0.0,0.0,0.0,0.0,0.0,0.0,0.0,0.0,0.0,0.0,0.0,0.0,0.0,0.0,0.0,0.0,0.0,0.0,0.0,0.0,0.0,0.0,0.0,0.0,0.0,0.0,0.0,0.0,0.0,0.0,0.0,0.0,0.0,0.0,0.0,0.0,0.0,0.0,0.0,0.0,0.0,0.0,0.0,0.0,0.0,0.0,0.0,0.0,0.0,0.0,0.0,0.0,0.0,0.0,0.0,0.0,0.0,0.0,0.0,0.0,0.0,0.0,0.0,0.0,0.0,0.0,0.0,0.0,0.0,0.0,0.0,0.0,0.0,0.0,0.0,0.0,0.0,0.0,0.0,0.0,0.0,0.0,0.0,0.0,0.0,0.0,0.0,0.0,0.0,0.0,0.0,0.0,0.0,0.0,0.0,0.0,0.0,0.0,0.0,0.0,0.0,0.0,0.0,0.0,0.0,0.0,0.0,0.0,0.0,0.0,0.0,0.0,0.0,0.0,0.0,0.0,0.0,0.0,0.0,0.0,0.0,0.0,0.0,0.0,0.0,0.0,0.0,0.0,0.0,0.0,0.0,0.0,0.0,0.0,0.0,0.0,0.0,0.0,0.0,0.0,0.0,0.0,0.0,0.0,0.0,0.0,0.0,0.0,0.0,0.0,0.0,0.0,0.0,0.0,0.0,0.0,0.0,0.0,0.0,0.0,0.0,0.0,0.0,0.0,0.0,0.0,0.0,0.0,0.0,0.0,0.0,0.0,0.0,0.0,0.0,0.0,0.0,0.0,0.0,0.0,0.0,0.0,0.0,0.0,0.0,0.0,0.0,0.0,0.0,0.0,0.0,0.0,0.0
6,INF_LMR,0.0,0.0,0.0,0.0,0.0,0.0,0.0,0.0,0.0,0.0,0.0,0.0,0.0,0.0,0.0,0.0,0.0,0.0,0.0,0.0,0.0,0.0,0.0,0.0,0.0,0.0,0.0,0.0,0.0,0.0,0.0,0.0,0.0,0.0,0.0,0.0,0.0,0.0,0.0,0.0,0.0,0.0,0.0,0.0,0.0,0.0,0.0,0.0,0.0,0.0,0.0,0.0,0.0,0.0,0.0,0.0,0.0,0.0,0.0,0.0,0.0,0.0,0.0,0.0,0.0,0.0,0.0,0.0,0.0,0.0,0.0,0.0,0.0,0.0,0.0,0.0,0.0,0.0,0.0,0.0,0.0,0.0,0.0,0.0,0.0,0.0,0.0,0.0,0.0,0.0,0.0,0.0,0.0,0.0,0.0,0.0,0.0,0.0,0.0,0.0,0.0,0.0,0.0,0.0,0.0,0.0,0.0,0.0,0.0,0.0,0.0,0.0,0.0,0.0,0.0,0.0,0.0,0.0,0.0,0.0,0.0,0.0,0.0,0.0,0.0,0.0,0.0,0.0,0.0,0.0,0.0,0.0,0.0,0.0,0.0,0.0,0.0,0.0,0.0,0.0,0.0,0.0,0.0,0.0,0.0,0.0,0.0,0.0,0.0,0.0,0.0,0.0,0.0,0.0,0.0,0.0,0.0,0.0,0.0,0.0,0.0,0.0,0.0,0.0,0.0,0.0,0.0,0.0,0.0,0.0,0.0,0.0,0.0,0.0,0.0,0.0,0.0,0.0,0.0,0.0,0.0,0.0,0.0,0.0,0.0,0.0,0.0,0.0,0.0,0.0,0.0,0.0,0.0,0.0,0.0,0.0,0.0,0.0,0.0,0.0,0.0,0.0,0.0,0.0,0.0,0.0,0.0,0.0,0.0,0.0,0.0,0.0,0.0,0.0,0.0,0.0,0.0,0.0,0.0,0.0,0.0,0.0,0.0,0.0,0.0,0.0,0.0,0.0,0.0,0.0,0.0,0.0,0.0,0.0,0.0,0.0,0.0,0.0,0.0,0.0,0.0,0.0,0.0,0.0,0.0,0.0,0.0,0.0,0.0,0.0,0.0,0.0,0.0,0.0,0.0,0.0,0.0,0.0,0.0,0.0,0.0,0.0,0.0,0.0,0.0,0.0,0.0,0.0,0.0,0.0,0.0,0.0,0.0,0.0,0.0,0.0,0.0,0.0,0.0,0.0,0.0,0.0,0.0,0.0,0.0,0.0,0.0,0.0,0.0,0.0,0.0,0.0,0.0,0.0,0.0,0.0,0.0,0.0,0.0,0.0
7,INF_LOD,0.0,0.0,0.0,0.0,0.0,0.0,0.0,0.0,0.0,0.0,0.0,0.0,0.0,0.0,0.0,0.0,0.0,0.0,0.0,0.0,0.0,0.0,0.0,0.0,0.0,0.0,0.0,0.0,0.0,0.0,0.0,0.0,0.0,0.0,0.0,0.0,0.0,0.0,0.0,0.0,0.0,0.0,0.0,0.0,0.0,0.0,0.0,0.0,0.0,0.0,0.0,0.0,0.0,0.0,0.0,0.0,0.0,0.0,0.0,0.0,0.0,0.0,0.0,0.0,0.0,0.0,0.0,0.0,0.0,0.0,0.0,0.0,0.0,0.0,0.0,0.0,0.0,0.0,0.0,0.0,0.0,0.0,0.0,0.0,0.0,0.0,0.0,0.0,0.0,0.0,0.0,0.0,0.0,0.0,0.0,0.0,0.0,0.0,0.0,0.0,0.0,0.0,0.0,0.0,0.0,0.0,0.0,0.0,0.0,0.0,0.0,0.0,0.0,0.0,0.0,0.0,0.0,0.0,0.0,0.0,0.0,0.0,0.0,0.0,0.0,0.0,0.0,0.0,0.0,0.0,0.0,0.0,0.0,0.0,0.0,0.0,0.0,0.0,0.0,0.0,0.0,0.0,0.0,0.0,0.0,0.0,0.0,0.0,0.0,0.0,0.0,0.0,0.0,0.0,0.0,0.0,0.0,0.0,0.0,0.0,0.0,0.0,0.0,0.0,0.0,0.0,0.0,0.0,0.0,0.0,0.0,0.0,0.0,0.0,0.0,0.0,0.0,0.0,0.0,0.0,0.0,0.0,0.0,0.0,0.0,0.0,0.0,0.0,0.0,0.0,0.0,0.0,0.0,0.0,0.0,0.0,0.0,0.0,0.0,0.0,0.0,0.0,0.0,0.0,0.0,0.0,0.0,0.0,0.0,0.0,0.0,0.0,0.0,0.0,0.0,0.0,0.0,0.0,0.0,0.0,0.0,0.0,0.0,0.0,0.0,0.0,0.0,0.0,0.0,0.0,0.0,0.0,0.0,0.0,0.0,0.0,0.0,0.0,0.0,0.0,0.0,0.0,0.0,0.0,0.0,0.0,0.0,0.0,0.0,0.0,0.0,0.0,0.0,0.0,0.0,0.0,0.0,0.0,0.0,0.0,0.0,0.0,0.0,0.0,0.0,0.0,0.0,0.0,0.0,0.0,0.0,0.0,0.0,0.0,0.0,0.0,0.0,0.0,0.0,0.0,0.0,0.0,0.0,0.0,0.0,0.0,0.0,0.0,0.0,0.0,0.0,0.0,0.0,0.0,0.0,0.0,0.0,0.0,0.0,0.0
8,INF_MOR,0.0,0.0,0.0,0.0,0.0,0.0,0.0,0.0,0.0,0.0,0.0,0.0,0.0,0.0,0.0,0.0,0.0,0.0,0.0,0.0,0.0,0.0,0.0,0.0,0.0,0.0,0.0,0.0,0.0,0.0,0.0,0.0,0.0,0.0,0.0,0.0,0.0,0.0,0.0,0.0,0.0,0.0,0.0,0.0,0.0,0.0,0.0,0.0,0.0,0.0,0.0,0.0,0.0,0.0,0.0,0.0,0.0,0.0,0.0,0.0,0.0,0.0,0.0,0.0,0.0,0.0,0.0,0.0,0.0,0.0,0.0,0.0,0.0,0.0,0.0,0.0,0.0,0.0,0.0,0.0,0.0,0.0,0.0,0.0,0.0,0.0,0.0,0.0,0.0,0.0,0.0,0.0,0.0,0.0,0.0,0.0,0.0,0.0,0.0,0.0,0.0,0.0,0.0,0.0,0.0,0.0,0.0,0.0,0.0,0.0,0.0,0.0,0.0,0.0,0.0,0.0,0.0,0.0,0.0,0.0,0.0,0.0,0.0,0.0,0.0,0.0,0.0,0.0,0.0,0.0,0.0,0.0,0.0,0.0,0.0,0.0,0.0,0.0,0.0,0.0,0.0,0.0,0.0,0.0,0.0,0.0,0.0,0.0,0.0,0.0,0.0,0.0,0.0,0.0,0.0,0.0,0.0,0.0,0.0,0.0,0.0,0.0,0.0,0.0,0.0,0.0,0.0,0.0,0.0,0.0,0.0,0.0,0.0,0.0,0.0,0.0,0.0,0.0,0.0,0.0,0.0,0.0,0.0,0.0,0.0,0.0,0.0,0.0,0.0,0.0,0.0,0.0,0.0,0.0,0.0,0.0,0.0,0.0,0.0,0.0,0.0,0.0,0.0,0.0,0.0,0.0,0.0,0.0,0.0,0.0,0.0,0.0,0.0,0.0,0.0,0.0,0.0,0.0,0.0,0.0,0.0,0.0,0.0,0.0,0.0,0.0,0.0,0.0,0.0,0.0,0.0,0.0,0.0,0.0,0.0,0.0,0.0,0.0,0.0,0.0,0.0,0.0,0.0,0.0,0.0,0.0,0.0,0.0,0.0,0.0,0.0,0.0,0.0,0.0,0.0,0.0,0.0,0.0,0.0,0.0,0.0,0.0,0.0,0.0,0.0,0.0,0.0,0.0,0.0,0.0,0.0,0.0,0.0,0.0,0.0,0.0,0.0,0.0,0.0,0.0,0.0,0.0,0.0,0.0,0.0,0.0,0.0,0.0,0.0,0.0,0.0,0.0,0.0,0.0,0.0,0.0,0.0,0.0,0.0,0.0
9,INF_PCD,0.0,0.0,0.0,0.0,0.0,0.0,0.0,0.0,0.0,0.0,0.0,0.0,0.0,0.0,0.0,0.0,0.0,0.0,0.0,0.0,0.0,0.0,0.0,0.0,0.0,0.0,0.0,0.0,0.0,0.0,0.0,0.0,0.0,0.0,0.0,0.0,0.0,0.0,0.0,0.0,0.0,0.0,0.0,0.0,0.0,0.0,0.0,0.0,0.0,0.0,0.0,0.0,0.0,0.0,0.0,0.0,0.0,0.0,0.0,0.0,0.0,0.0,0.0,0.0,0.0,0.0,0.0,0.0,0.0,0.0,0.0,0.0,0.0,0.0,0.0,0.0,0.0,0.0,0.0,0.0,0.0,0.0,0.0,0.0,0.0,0.0,0.0,0.0,0.0,0.0,0.0,0.0,0.0,0.0,0.0,0.0,0.0,0.0,0.0,0.0,0.0,0.0,0.0,0.0,0.0,0.0,0.0,0.0,0.0,0.0,0.0,0.0,0.0,0.0,0.0,0.0,0.0,0.0,0.0,0.0,0.0,0.0,0.0,0.0,0.0,0.0,0.0,0.0,0.0,0.0,0.0,0.0,0.0,0.0,0.0,0.0,0.0,0.0,0.0,0.0,0.0,0.0,0.0,0.0,0.0,0.0,0.0,0.0,0.0,0.0,0.0,0.0,0.0,0.0,0.0,0.0,0.0,0.0,0.0,0.0,0.0,0.0,0.0,0.0,0.0,0.0,0.0,0.0,0.0,0.0,0.0,0.0,0.0,0.0,0.0,0.0,0.0,0.0,0.0,0.0,0.0,0.0,0.0,0.0,0.0,0.0,0.0,0.0,0.0,0.0,0.0,0.0,0.0,0.0,0.0,0.0,0.0,0.0,0.0,0.0,0.0,0.0,0.0,0.0,0.0,0.0,0.0,0.0,0.0,0.0,0.0,0.0,0.0,0.0,0.0,0.0,0.0,0.0,0.0,0.0,0.0,0.0,0.0,0.0,0.0,0.0,0.0,0.0,0.0,0.0,0.0,0.0,0.0,0.0,0.0,0.0,0.0,0.0,0.0,0.0,0.0,0.0,0.0,0.0,0.0,0.0,0.0,0.0,0.0,0.0,0.0,0.0,0.0,0.0,0.0,0.0,0.0,0.0,0.0,0.0,0.0,0.0,0.0,0.0,0.0,0.0,0.0,0.0,0.0,0.0,0.0,0.0,0.0,0.0,0.0,0.0,0.0,0.0,0.0,0.0,0.0,0.0,0.0,0.0,0.0,0.0,0.0,0.0,0.0,0.0,0.0,0.0,0.0,0.0,0.0,0.0,0.0,0.0,0.0,0.0
10,INF_PUD,0.0,0.0,0.0,0.0,0.0,0.0,0.0,0.0,0.0,0.0,0.0,0.0,0.0,0.0,0.0,0.0,0.0,0.0,0.0,0.0,0.0,0.0,0.0,0.0,0.0,0.0,0.0,0.0,0.0,0.0,0.0,0.0,0.0,0.0,0.0,0.0,0.0,0.0,0.0,0.0,0.0,0.0,0.0,0.0,0.0,0.0,0.0,0.0,0.0,0.0,0.0,0.0,0.0,0.0,0.0,0.0,0.0,0.0,0.0,0.0,0.0,0.0,0.0,0.0,0.0,0.0,0.0,0.0,0.0,0.0,0.0,0.0,0.0,0.0,0.0,0.0,0.0,0.0,0.0,0.0,0.0,0.0,0.0,0.0,0.0,0.0,0.0,0.0,0.0,0.0,0.0,0.0,0.0,0.0,0.0,0.0,0.0,0.0,0.0,0.0,0.0,0.0,0.0,0.0,0.0,0.0,0.0,0.0,0.0,0.0,0.0,0.0,0.0,0.0,0.0,0.0,0.0,0.0,0.0,0.0,0.0,0.0,0.0,0.0,0.0,0.0,0.0,0.0,0.0,0.0,0.0,0.0,0.0,0.0,0.0,0.0,0.0,0.0,0.0,0.0,0.0,0.0,0.0,0.0,0.0,0.0,0.0,0.0,0.0,0.0,0.0,0.0,0.0,0.0,0.0,0.0,0.0,0.0,0.0,0.0,0.0,0.0,0.0,0.0,0.0,0.0,0.0,0.0,0.0,0.0,0.0,0.0,0.0,0.0,0.0,0.0,0.0,0.0,0.0,0.0,0.0,0.0,0.0,0.0,0.0,0.0,0.0,0.0,0.0,0.0,0.0,0.0,0.0,0.0,0.0,0.0,0.0,0.0,0.0,0.0,0.0,0.0,0.0,0.0,0.0,0.0,0.0,0.0,0.0,0.0,0.0,0.0,0.0,0.0,0.0,0.0,0.0,0.0,0.0,0.0,0.0,0.0,0.0,0.0,0.0,0.0,0.0,0.0,0.0,0.0,0.0,0.0,0.0,0.0,0.0,0.0,0.0,0.0,0.0,0.0,0.0,0.0,0.0,0.0,0.0,0.0,0.0,0.0,0.0,0.0,0.0,0.0,0.0,0.0,0.0,0.0,0.0,0.0,0.0,0.0,0.0,0.0,0.0,0.0,0.0,0.0,0.0,0.0,0.0,0.0,0.0,0.0,0.0,0.0,0.0,0.0,0.0,0.0,0.0,0.0,0.0,0.0,0.0,0.0,0.0,0.0,0.0,0.0,0.0,0.0,0.0,0.0,0.0,0.0,0.0,0.0,0.0,0.0,0.0,0.0
11,INF_SAD,0.0,0.0,0.0,0.0,0.0,0.0,0.0,0.0,0.0,0.0,0.0,0.0,0.0,0.0,0.0,0.0,0.0,0.0,0.0,0.0,0.0,0.0,0.0,0.0,0.0,0.0,0.0,0.0,0.0,0.0,0.0,0.0,0.0,0.0,0.0,0.0,0.0,0.0,0.0,0.0,0.0,0.0,0.0,0.0,0.0,0.0,0.0,0.0,0.0,0.0,0.0,0.0,0.0,0.0,0.0,0.0,0.0,0.0,0.0,0.0,0.0,0.0,0.0,0.0,0.0,0.0,0.0,0.0,0.0,0.0,0.0,0.0,0.0,0.0,0.0,0.0,0.0,0.0,0.0,0.0,0.0,0.0,0.0,0.0,0.0,0.0,0.0,0.0,0.0,0.0,0.0,0.0,0.0,0.0,0.0,0.0,0.0,0.0,0.0,0.0,0.0,0.0,0.0,0.0,0.0,0.0,0.0,0.0,0.0,0.0,0.0,0.0,0.0,0.0,0.0,0.0,0.0,0.0,0.0,0.0,0.0,0.0,0.0,0.0,0.0,0.0,0.0,0.0,0.0,0.0,0.0,0.0,0.0,0.0,0.0,0.0,0.0,0.0,0.0,0.0,0.0,0.0,0.0,0.0,0.0,0.0,0.0,0.0,0.0,0.0,0.0,0.0,0.0,0.0,0.0,0.0,0.0,0.0,0.0,0.0,0.0,0.0,0.0,0.0,0.0,0.0,0.0,0.0,0.0,0.0,0.0,0.0,0.0,0.0,0.0,0.0,0.0,0.0,0.0,0.0,0.0,0.0,0.0,0.0,0.0,0.0,0.0,0.0,0.0,0.0,0.0,0.0,0.0,0.0,0.0,0.0,0.0,0.0,0.0,0.0,0.0,0.0,0.0,0.0,0.0,0.0,0.0,0.0,0.0,0.0,0.0,0.0,0.0,0.0,0.0,0.0,0.0,0.0,0.0,0.0,0.0,0.0,0.0,0.0,0.0,0.0,0.0,0.0,0.0,0.0,0.0,0.0,0.0,0.0,0.0,0.0,0.0,0.0,0.0,0.0,0.0,0.0,0.0,0.0,0.0,0.0,0.0,0.0,0.0,0.0,0.0,0.0,0.0,0.0,0.0,0.0,0.0,0.0,0.0,0.0,0.0,0.0,0.0,0.0,0.0,0.0,0.0,0.0,0.0,0.0,0.0,0.0,0.0,0.0,0.0,0.0,0.0,0.0,0.0,0.0,0.0,0.0,0.0,0.0,0.0,0.0,0.0,0.0,0.0,0.0,0.0,0.0,0.0,0.0,0.0,0.0,0.0,0.0,0.0,0.0
12,INF_SFD,0.0,0.0,0.0,0.0,0.0,0.0,0.0,0.0,0.0,0.0,0.0,0.0,0.0,0.0,0.0,0.0,0.0,0.0,0.0,0.0,0.0,0.0,0.0,0.0,0.0,0.0,0.0,0.0,0.0,0.0,0.0,0.0,0.0,0.0,0.0,0.0,0.0,0.0,0.0,0.0,0.0,0.0,0.0,0.0,0.0,0.0,0.0,0.0,0.0,0.0,0.0,0.0,0.0,0.0,0.0,0.0,0.0,0.0,0.0,0.0,0.0,0.0,0.0,0.0,0.0,0.0,0.0,0.0,0.0,0.0,0.0,0.0,0.0,0.0,0.0,0.0,0.0,0.0,0.0,0.0,0.0,0.0,0.0,0.0,0.0,0.0,0.0,0.0,0.0,0.0,0.0,0.0,0.0,0.0,0.0,0.0,0.0,0.0,0.0,0.0,0.0,0.0,0.0,0.0,0.0,0.0,0.0,0.0,0.0,0.0,0.0,0.0,0.0,0.0,0.0,0.0,0.0,0.0,0.0,0.0,0.0,0.0,0.0,0.0,0.0,0.0,0.0,0.0,0.0,0.0,0.0,0.0,0.0,0.0,0.0,0.0,0.0,0.0,0.0,0.0,0.0,0.0,0.0,0.0,0.0,0.0,0.0,0.0,0.0,0.0,0.0,0.0,0.0,0.0,0.0,0.0,0.0,0.0,0.0,0.0,0.0,0.0,0.0,0.0,0.0,0.0,0.0,0.0,0.0,0.0,0.0,0.0,0.0,0.0,0.0,0.0,0.0,0.0,0.0,0.0,0.0,0.0,0.0,0.0,0.0,0.0,0.0,0.0,0.0,0.0,0.0,0.0,0.0,0.0,0.0,0.0,0.0,0.0,0.0,0.0,0.0,0.0,0.0,0.0,0.0,0.0,0.0,0.0,0.0,0.0,0.0,0.0,0.0,0.0,0.0,0.0,0.0,0.0,0.0,0.0,0.0,0.0,0.0,0.0,0.0,0.0,0.0,0.0,0.0,0.0,0.0,0.0,0.0,0.0,0.0,0.0,0.0,0.0,0.0,0.0,0.0,0.0,0.0,0.0,0.0,0.0,0.0,0.0,0.0,0.0,0.0,0.0,0.0,0.0,0.0,0.0,0.0,0.0,0.0,0.0,0.0,0.0,0.0,0.0,0.0,0.0,0.0,0.0,0.0,0.0,0.0,0.0,0.0,0.0,0.0,0.0,0.0,0.0,0.0,0.0,0.0,0.0,0.0,0.0,0.0,0.0,0.0,0.0,0.0,0.0,0.0,0.0,0.0,0.0,0.0,0.0,0.0,0.0,0.0,0.0
13,INF_SFN,0.0,0.0,0.0,0.0,0.0,0.0,0.0,0.0,0.0,0.0,0.0,0.0,0.0,0.0,0.0,0.0,0.0,0.0,0.0,0.0,0.0,0.0,0.0,0.0,0.0,0.0,0.0,0.0,0.0,0.0,0.0,0.0,0.0,0.0,0.0,0.0,0.0,0.0,0.0,0.0,0.0,0.0,0.0,0.0,0.0,0.0,0.0,0.0,0.0,0.0,0.0,0.0,0.0,0.0,0.0,0.0,0.0,0.0,0.0,0.0,0.0,0.0,0.0,0.0,0.0,0.0,0.0,0.0,0.0,0.0,0.0,0.0,0.0,0.0,0.0,0.0,0.0,0.0,0.0,0.0,0.0,0.0,0.0,0.0,0.0,0.0,0.0,0.0,0.0,0.0,0.0,0.0,0.0,0.0,0.0,0.0,0.0,0.0,0.0,0.0,0.0,0.0,0.0,0.0,0.0,0.0,0.0,0.0,0.0,0.0,0.0,0.0,0.0,0.0,0.0,0.0,0.0,0.0,0.0,0.0,0.0,0.0,0.0,0.0,0.0,0.0,0.0,0.0,0.0,0.0,0.0,0.0,0.0,0.0,0.0,0.0,0.0,0.0,0.0,0.0,0.0,0.0,0.0,0.0,0.0,0.0,0.0,0.0,0.0,0.0,0.0,0.0,0.0,0.0,0.0,0.0,0.0,0.0,0.0,0.0,0.0,0.0,0.0,0.0,0.0,0.0,0.0,0.0,0.0,0.0,0.0,0.0,0.0,0.0,0.0,0.0,0.0,0.0,0.0,0.0,0.0,0.0,0.0,0.0,0.0,0.0,0.0,0.0,0.0,0.0,0.0,0.0,0.0,0.0,0.0,0.0,0.0,0.0,0.0,0.0,0.0,0.0,0.0,0.0,0.0,0.0,0.0,0.0,0.0,0.0,0.0,0.0,0.0,0.0,0.0,0.0,0.0,0.0,0.0,0.0,0.0,0.0,0.0,0.0,0.0,0.0,0.0,0.0,0.0,0.0,0.0,0.0,0.0,0.0,0.0,0.0,0.0,0.0,0.0,0.0,0.0,0.0,0.0,0.0,0.0,0.0,0.0,0.0,0.0,0.0,0.0,0.0,0.0,0.0,0.0,0.0,0.0,0.0,0.0,0.0,0.0,0.0,0.0,0.0,0.0,0.0,0.0,0.0,0.0,0.0,0.0,0.0,0.0,0.0,0.0,0.0,0.0,0.0,0.0,0.0,0.0,0.0,0.0,0.0,0.0,0.0,0.0,0.0,0.0,0.0,0.0,0.0,0.0,0.0,0.0,0.0,0.0,0.0,0.0,0.0
14,INF_SGD,0.0,0.0,0.0,0.0,0.0,0.0,0.0,0.0,0.0,0.0,0.0,0.0,0.0,0.0,0.0,0.0,0.0,0.0,0.0,0.0,0.0,0.0,0.0,0.0,0.0,0.0,0.0,0.0,0.0,0.0,0.0,0.0,0.0,0.0,0.0,0.0,0.0,0.0,0.0,0.0,0.0,0.0,0.0,0.0,0.0,0.0,0.0,0.0,0.0,0.0,0.0,0.0,0.0,0.0,0.0,0.0,0.0,0.0,0.0,0.0,0.0,0.0,0.0,0.0,0.0,0.0,0.0,0.0,0.0,0.0,0.0,0.0,0.0,0.0,0.0,0.0,0.0,0.0,0.0,0.0,0.0,0.0,0.0,0.0,0.0,0.0,0.0,0.0,0.0,0.0,0.0,0.0,0.0,0.0,0.0,0.0,0.0,0.0,0.0,0.0,0.0,0.0,0.0,0.0,0.0,0.0,0.0,0.0,0.0,0.0,0.0,0.0,0.0,0.0,0.0,0.0,0.0,0.0,0.0,0.0,0.0,0.0,0.0,0.0,0.0,0.0,0.0,0.0,0.0,0.0,0.0,0.0,0.0,0.0,0.0,0.0,0.0,0.0,0.0,0.0,0.0,0.0,0.0,0.0,0.0,0.0,0.0,0.0,0.0,0.0,0.0,0.0,0.0,0.0,0.0,0.0,0.0,0.0,0.0,0.0,0.0,0.0,0.0,0.0,0.0,0.0,0.0,0.0,0.0,0.0,0.0,0.0,0.0,0.0,0.0,0.0,0.0,0.0,0.0,0.0,0.0,0.0,0.0,0.0,0.0,0.0,0.0,0.0,0.0,0.0,0.0,0.0,0.0,0.0,0.0,0.0,0.0,0.0,0.0,0.0,0.0,0.0,0.0,0.0,0.0,0.0,0.0,0.0,0.0,0.0,0.0,0.0,0.0,0.0,0.0,0.0,0.0,0.0,0.0,0.0,0.0,0.0,0.0,0.0,0.0,0.0,0.0,0.0,0.0,0.0,0.0,0.0,0.0,0.0,0.0,0.0,0.0,0.0,0.0,0.0,0.0,0.0,0.0,0.0,0.0,0.0,0.0,0.0,0.0,0.0,0.0,0.0,0.0,0.0,0.0,0.0,0.0,0.0,0.0,0.0,0.0,0.0,0.0,0.0,0.0,0.0,0.0,0.0,0.0,0.0,0.0,0.0,0.0,0.0,0.0,0.0,0.0,0.0,0.0,0.0,0.0,0.0,0.0,0.0,0.0,0.0,0.0,0.0,0.0,0.0,0.0,0.0,0.0,0.0,0.0,0.0,0.0,0.0,0.0,0.0
15,INF_SND,0.0,0.0,0.0,0.0,0.0,0.0,0.0,0.0,0.0,0.0,0.0,0.0,0.0,0.0,0.0,0.0,0.0,0.0,0.0,0.0,0.0,0.0,0.0,0.0,0.0,0.0,0.0,0.0,0.0,0.0,0.0,0.0,0.0,0.0,0.0,0.0,0.0,0.0,0.0,0.0,0.0,0.0,0.0,0.0,0.0,0.0,0.0,0.0,0.0,0.0,0.0,0.0,0.0,0.0,0.0,0.0,0.0,0.0,0.0,0.0,0.0,0.0,0.0,0.0,0.0,0.0,0.0,0.0,0.0,0.0,0.0,0.0,0.0,0.0,0.0,0.0,0.0,0.0,0.0,0.0,0.0,0.0,0.0,0.0,0.0,0.0,0.0,0.0,0.0,0.0,0.0,0.0,0.0,0.0,0.0,0.0,0.0,0.0,0.0,0.0,0.0,0.0,0.0,0.0,0.0,0.0,0.0,0.0,0.0,0.0,0.0,0.0,0.0,0.0,0.0,0.0,0.0,0.0,0.0,0.0,0.0,0.0,0.0,0.0,0.0,0.0,0.0,0.0,0.0,0.0,0.0,0.0,0.0,0.0,0.0,0.0,0.0,0.0,0.0,0.0,0.0,0.0,0.0,0.0,0.0,0.0,0.0,0.0,0.0,0.0,0.0,0.0,0.0,0.0,0.0,0.0,0.0,0.0,0.0,0.0,0.0,0.0,0.0,0.0,0.0,0.0,0.0,0.0,0.0,0.0,0.0,0.0,0.0,0.0,0.0,0.0,0.0,0.0,0.0,0.0,0.0,0.0,0.0,0.0,0.0,0.0,0.0,0.0,0.0,0.0,0.0,0.0,0.0,0.0,0.0,0.0,0.0,0.0,0.0,0.0,0.0,0.0,0.0,0.0,0.0,0.0,0.0,0.0,0.0,0.0,0.0,0.0,0.0,0.0,0.0,0.0,0.0,0.0,0.0,0.0,0.0,0.0,0.0,0.0,0.0,0.0,0.0,0.0,0.0,0.0,0.0,0.0,0.0,0.0,0.0,0.0,0.0,0.0,0.0,0.0,0.0,0.0,0.0,0.0,0.0,0.0,0.0,0.0,0.0,0.0,0.0,0.0,0.0,0.0,0.0,0.0,0.0,0.0,0.0,0.0,0.0,0.0,0.0,0.0,0.0,0.0,0.0,0.0,0.0,0.0,0.0,0.0,0.0,0.0,0.0,0.0,0.0,0.0,0.0,0.0,0.0,0.0,0.0,0.0,0.0,0.0,0.0,0.0,0.0,0.0,0.0,0.0,0.0,0.0,0.0,0.0,0.0,0.0,0.0,0.0
16,INF_SPV,0.0,0.0,0.0,0.0,0.0,0.0,0.0,0.0,0.0,0.0,0.0,0.0,0.0,0.0,0.0,0.0,0.0,0.0,0.0,0.0,0.0,0.0,0.0,0.0,0.0,0.0,0.0,0.0,0.0,0.0,0.0,0.0,0.0,0.0,0.0,0.0,0.0,0.0,0.0,0.0,0.0,0.0,0.0,0.0,0.0,0.0,0.0,0.0,0.0,0.0,0.0,0.0,0.0,0.0,0.0,0.0,0.0,0.0,0.0,0.0,0.0,0.0,0.0,0.0,0.0,0.0,0.0,0.0,0.0,0.0,0.0,0.0,0.0,0.0,0.0,0.0,0.0,0.0,0.0,0.0,0.0,0.0,0.0,0.0,0.0,0.0,0.0,0.0,0.0,0.0,0.0,0.0,0.0,0.0,0.0,0.0,0.0,0.0,0.0,0.0,0.0,0.0,0.0,0.0,0.0,0.0,0.0,0.0,0.0,0.0,0.0,0.0,0.0,0.0,0.0,0.0,0.0,0.0,0.0,0.0,0.0,0.0,0.0,0.0,0.0,0.0,0.0,0.0,0.0,0.0,0.0,0.0,0.0,0.0,0.0,0.0,0.0,0.0,0.0,0.0,0.0,0.0,0.0,0.0,0.0,0.0,0.0,0.0,0.0,0.0,0.0,0.0,0.0,0.0,0.0,0.0,0.0,0.0,0.0,0.0,0.0,0.0,0.0,0.0,0.0,0.0,0.0,0.0,0.0,0.0,0.0,0.0,0.0,0.0,0.0,0.0,0.0,0.0,0.0,0.0,0.0,0.0,0.0,0.0,0.0,0.0,0.0,0.0,0.0,0.0,0.0,0.0,0.0,0.0,0.0,0.0,0.0,0.0,0.0,0.0,0.0,0.0,0.0,0.0,0.0,0.0,0.0,0.0,0.0,0.0,0.0,0.0,0.0,0.0,0.0,0.0,0.0,0.0,0.0,0.0,0.0,0.0,0.0,0.0,0.0,0.0,0.0,0.0,0.0,0.0,0.0,0.0,0.0,0.0,0.0,0.0,0.0,0.0,0.0,0.0,0.0,0.0,0.0,0.0,0.0,0.0,0.0,0.0,0.0,0.0,0.0,0.0,0.0,0.0,0.0,0.0,0.0,0.0,0.0,0.0,0.0,0.0,0.0,0.0,0.0,0.0,0.0,0.0,0.0,0.0,0.0,0.0,0.0,0.0,0.0,0.0,0.0,0.0,0.0,0.0,0.0,0.0,0.0,0.0,0.0,0.0,0.0,0.0,0.0,0.0,0.0,0.0,0.0,0.0,0.0,0.0,0.0,0.0,0.0,0.0
17,INF_SWP,19508.0,7627.0,5864.0,17752.0,39332.0,36244.0,42036.0,36867.0,38749.0,25790.0,26883.0,15635.0,19196.0,26925.0,21633.0,36453.0,44195.0,34243.0,28585.0,34067.0,30353.0,24642.0,8250.0,6755.0,13208.0,15191.0,38166.0,38262.0,44489.0,42492.0,44716.0,39480.0,45160.0,45213.0,22559.0,6419.0,5003.0,10644.0,32090.0,56249.0,53132.0,52426.0,55938.0,55291.0,40384.0,55102.0,50661.0,34932.0,26290.0,31630.0,50303.0,47773.0,55411.0,44238.0,60876.0,59315.0,57839.0,62016.0,56962.0,49368.0,27481.0,26600.0,1972.0,4056.0,14218.0,15590.0,20937.0,19396.0,25046.0,41321.0,34408.0,27042.0,11908.0,11502.0,8178.0,23601.0,33470.0,37896.0,28294.0,34558.0,35271.0,36287.0,24267.0,22010.0,14715.0,13975.0,7901.0,19566.0,31985.0,24532.0,24841.0,31214.0,33620.0,26397.0,27711.0,17522.0,16074.0,11207.0,20683.0,33894.0,38169.0,55095.0,41421.0,28632.0,26869.0,25773.0,22827.0,28467.0,9472.0,3976.0,3293.0,16235.0,15494.0,20362.0,26095.0,27984.0,26748.0,12398.0,10310.0,14023.0,9915.0,7078.0,8202.0,31476.0,31738.0,28984.0,33263.0,40053.0,34132.0,21670.0,15715.0,11685.0,7948.0,11779.0,12397.0,34645.0,38286.0,35017.0,35627.0,35444.0,32930.0,25145.0,17917.0,12045.0,12112.0,8249.0,8922.0,24478.0,22259.0,23288.0,27747.0,30558.0,20610.0,21173.0,8979.0,6905.0,15082.0,9626.0,18485.0,23192.0,18458.0,23458.0,31522.0,33617.0,30297.0,50275.0,33430.0,40183.0,40184.0,35888.0,46841.0,56202.0,46636.0,45882.0,48537.0,52726.0,51005.0,59302.0,63574.0,61737.0,38995.0,24983.0,32152.0,44927.0,39049.0,40416.0,41471.0,38199.0,35973.0,50682.0,42530.0,32941.0,40675.0,39100.0,44720.0,52431.0,50926.0,48605.0,56853.0,54581.0,53125.0,55530.0,46531.0,41389.0,37918.0,38903.0,49311.0,54810.0,58449.0,53675.0,65555.0,67865.0,61680.0,62368.0,47856.0,46118.0,55246.0,48654.0,59232.0,62351.0,72466.0,66825.0,68023.0,66590.0,68558.0,60371.0,55485.0,60525.0,49380.0,41058.0,37204.0,44886.0,46033.0,52665.0,62983.0,62823.0,62526.0,57956.0,53308.0,58812.0,56343.0,58558.0,39933.0,44064.0,53771.0,60458.0,69365.0,66745.0,66437.0,67485.0,60876.0,55848.0,46972.0,40244.0,59318.0,64850.0,70205.0,70338.0,77302.0,66378.0,51626.0,50274.0,48892.0,34111.0,32779.0,22630.0,41549.0,37415.0,30962.0,48101.0,49807.0,46306.0,38219.0,35316.0,25668.0,19416.0,18906.0,11195.0,17574.0,26421.0,27213.0,38077.0,50259.0,49413.0,42232.0,44295.0,35612.0,13809.0,23166.0,7564.0,16971.0,29931.0,36098.0,44384.0,53671.0,60694.0,63222.0,42446.0,48831.0,39323.0
18,INF_WHR,0.0,0.0,0.0,0.0,0.0,0.0,0.0,0.0,0.0,0.0,0.0,0.0,0.0,0.0,0.0,0.0,0.0,0.0,0.0,0.0,0.0,0.0,0.0,0.0,0.0,0.0,0.0,0.0,0.0,0.0,0.0,0.0,0.0,0.0,0.0,0.0,0.0,0.0,0.0,0.0,0.0,0.0,0.0,0.0,0.0,0.0,0.0,0.0,0.0,0.0,0.0,0.0,0.0,0.0,0.0,0.0,0.0,0.0,0.0,0.0,0.0,0.0,0.0,0.0,0.0,0.0,0.0,0.0,0.0,0.0,0.0,0.0,0.0,0.0,0.0,0.0,0.0,0.0,0.0,0.0,0.0,0.0,0.0,0.0,0.0,0.0,0.0,0.0,0.0,0.0,0.0,0.0,0.0,0.0,0.0,0.0,0.0,0.0,0.0,0.0,0.0,0.0,0.0,0.0,0.0,0.0,0.0,0.0,0.0,0.0,0.0,0.0,0.0,0.0,0.0,0.0,0.0,0.0,0.0,0.0,0.0,0.0,0.0,0.0,0.0,0.0,0.0,0.0,0.0,0.0,0.0,0.0,0.0,0.0,0.0,0.0,0.0,0.0,0.0,0.0,0.0,0.0,0.0,0.0,0.0,0.0,0.0,0.0,0.0,0.0,0.0,0.0,0.0,0.0,0.0,0.0,0.0,0.0,0.0,0.0,0.0,0.0,0.0,0.0,0.0,0.0,0.0,0.0,0.0,0.0,0.0,0.0,0.0,0.0,0.0,0.0,0.0,0.0,0.0,0.0,0.0,0.0,0.0,0.0,0.0,0.0,0.0,0.0,0.0,0.0,0.0,0.0,0.0,0.0,0.0,0.0,0.0,0.0,0.0,0.0,0.0,0.0,0.0,0.0,0.0,0.0,0.0,0.0,0.0,0.0,0.0,0.0,0.0,0.0,0.0,0.0,0.0,0.0,0.0,0.0,0.0,0.0,0.0,0.0,0.0,0.0,0.0,0.0,0.0,0.0,0.0,0.0,0.0,0.0,0.0,0.0,0.0,0.0,0.0,0.0,0.0,0.0,0.0,0.0,0.0,0.0,0.0,0.0,0.0,0.0,0.0,0.0,0.0,0.0,0.0,0.0,0.0,0.0,0.0,0.0,0.0,0.0,0.0,0.0,0.0,0.0,0.0,0.0,0.0,0.0,0.0,0.0,0.0,0.0,0.0,0.0,0.0,0.0,0.0,0.0,0.0,0.0,0.0,0.0,0.0,0.0,0.0,0.0,0.0,0.0,0.0,0.0,0.0,0.0,0.0,0.0,0.0,0.0,0.0,0.0
19,INF_WHS,0.0,0.0,0.0,0.0,0.0,0.0,0.0,0.0,0.0,0.0,0.0,0.0,0.0,0.0,0.0,0.0,0.0,0.0,0.0,0.0,0.0,0.0,0.0,0.0,0.0,0.0,0.0,0.0,0.0,0.0,0.0,0.0,0.0,0.0,0.0,0.0,0.0,0.0,0.0,0.0,0.0,0.0,0.0,0.0,0.0,0.0,0.0,0.0,0.0,0.0,0.0,0.0,0.0,0.0,0.0,0.0,0.0,0.0,0.0,0.0,0.0,0.0,0.0,0.0,0.0,0.0,0.0,0.0,0.0,0.0,0.0,0.0,0.0,0.0,0.0,0.0,0.0,0.0,0.0,0.0,0.0,0.0,0.0,0.0,0.0,0.0,0.0,0.0,0.0,0.0,0.0,0.0,0.0,0.0,0.0,0.0,0.0,0.0,0.0,0.0,0.0,0.0,0.0,0.0,0.0,0.0,0.0,0.0,0.0,0.0,0.0,0.0,0.0,0.0,0.0,0.0,0.0,0.0,0.0,0.0,0.0,0.0,0.0,0.0,0.0,0.0,0.0,0.0,0.0,0.0,0.0,0.0,0.0,0.0,0.0,0.0,0.0,0.0,0.0,0.0,0.0,0.0,0.0,0.0,0.0,0.0,0.0,0.0,0.0,0.0,0.0,0.0,0.0,0.0,0.0,0.0,0.0,0.0,0.0,0.0,0.0,0.0,0.0,0.0,0.0,0.0,0.0,0.0,0.0,0.0,0.0,0.0,0.0,0.0,0.0,0.0,0.0,0.0,0.0,0.0,0.0,0.0,0.0,0.0,0.0,0.0,0.0,0.0,0.0,0.0,0.0,0.0,0.0,0.0,0.0,0.0,0.0,0.0,0.0,0.0,0.0,0.0,0.0,0.0,0.0,0.0,0.0,0.0,0.0,0.0,0.0,0.0,0.0,0.0,0.0,0.0,0.0,0.0,0.0,0.0,0.0,0.0,0.0,0.0,0.0,0.0,0.0,0.0,0.0,0.0,0.0,0.0,0.0,0.0,0.0,0.0,0.0,0.0,0.0,0.0,0.0,0.0,0.0,0.0,0.0,0.0,0.0,0.0,0.0,0.0,0.0,0.0,0.0,0.0,0.0,0.0,0.0,0.0,0.0,0.0,0.0,0.0,0.0,0.0,0.0,0.0,0.0,0.0,0.0,0.0,0.0,0.0,0.0,0.0,0.0,0.0,0.0,0.0,0.0,0.0,0.0,0.0,0.0,0.0,0.0,0.0,0.0,0.0,0.0,0.0,0.0,0.0,0.0,0.0,0.0,0.0,0.0,0.0,0.0,0.0
20,MWD_CBR,0.0,0.0,0.0,0.0,0.0,0.0,0.0,0.0,0.0,0.0,0.0,0.0,0.0,0.0,0.0,0.0,0.0,0.0,0.0,0.0,0.0,0.0,0.0,0.0,0.0,0.0,0.0,0.0,0.0,0.0,0.0,0.0,0.0,0.0,0.0,0.0,0.0,0.0,0.0,0.0,0.0,0.0,0.0,0.0,0.0,0.0,0.0,0.0,0.0,0.0,0.0,0.0,0.0,0.0,0.0,0.0,0.0,0.0,0.0,0.0,0.0,0.0,0.0,0.0,0.0,0.0,0.0,0.0,0.0,0.0,0.0,0.0,0.0,0.0,0.0,0.0,0.0,0.0,0.0,0.0,0.0,0.0,0.0,0.0,0.0,0.0,0.0,0.0,0.0,0.0,0.0,0.0,0.0,0.0,0.0,0.0,0.0,0.0,0.0,0.0,0.0,0.0,0.0,0.0,0.0,0.0,0.0,0.0,0.0,0.0,0.0,0.0,0.0,0.0,0.0,0.0,0.0,0.0,0.0,0.0,0.0,0.0,0.0,0.0,0.0,0.0,0.0,0.0,0.0,0.0,0.0,0.0,0.0,0.0,0.0,0.0,0.0,0.0,0.0,0.0,0.0,0.0,0.0,0.0,0.0,0.0,0.0,0.0,0.0,0.0,0.0,0.0,0.0,0.0,0.0,0.0,0.0,0.0,0.0,0.0,0.0,0.0,0.0,0.0,0.0,0.0,0.0,0.0,0.0,0.0,0.0,0.0,0.0,0.0,0.0,0.0,0.0,0.0,0.0,0.0,0.0,0.0,0.0,0.0,0.0,0.0,0.0,0.0,0.0,0.0,0.0,0.0,0.0,0.0,0.0,0.0,0.0,0.0,0.0,0.0,0.0,0.0,0.0,0.0,0.0,0.0,0.0,0.0,0.0,0.0,0.0,0.0,0.0,0.0,0.0,0.0,0.0,0.0,0.0,0.0,0.0,0.0,0.0,0.0,0.0,0.0,0.0,0.0,0.0,0.0,0.0,0.0,0.0,0.0,0.0,0.0,0.0,0.0,0.0,0.0,0.0,0.0,0.0,0.0,0.0,0.0,0.0,0.0,0.0,0.0,0.0,0.0,0.0,0.0,0.0,0.0,0.0,0.0,0.0,0.0,0.0,0.0,0.0,0.0,0.0,0.0,0.0,0.0,0.0,0.0,0.0,0.0,0.0,0.0,0.0,0.0,0.0,0.0,0.0,0.0,0.0,0.0,0.0,0.0,0.0,0.0,0.0,0.0,0.0,0.0,0.0,0.0,0.0,0.0,0.0,0.0,0.0,0.0,0.0,0.0
21,MWD_CBS,0.0,0.0,0.0,0.0,0.0,0.0,0.0,0.0,0.0,0.0,0.0,0.0,0.0,0.0,0.0,0.0,0.0,0.0,0.0,0.0,0.0,0.0,0.0,0.0,0.0,0.0,0.0,0.0,0.0,0.0,0.0,0.0,0.0,0.0,0.0,0.0,0.0,0.0,0.0,0.0,0.0,0.0,0.0,0.0,0.0,0.0,0.0,0.0,0.0,0.0,0.0,0.0,0.0,0.0,0.0,0.0,0.0,0.0,0.0,0.0,0.0,0.0,0.0,0.0,0.0,0.0,0.0,0.0,0.0,0.0,0.0,0.0,0.0,0.0,0.0,0.0,0.0,0.0,0.0,0.0,0.0,0.0,0.0,0.0,0.0,0.0,0.0,0.0,0.0,0.0,0.0,0.0,0.0,0.0,0.0,0.0,0.0,0.0,0.0,0.0,0.0,0.0,0.0,0.0,0.0,0.0,0.0,0.0,0.0,0.0,0.0,0.0,0.0,0.0,0.0,0.0,0.0,0.0,0.0,0.0,0.0,0.0,0.0,0.0,0.0,0.0,0.0,0.0,0.0,0.0,0.0,0.0,0.0,0.0,0.0,0.0,0.0,0.0,0.0,0.0,0.0,0.0,0.0,0.0,0.0,0.0,0.0,0.0,0.0,0.0,0.0,0.0,0.0,0.0,0.0,0.0,0.0,0.0,0.0,0.0,0.0,0.0,0.0,0.0,0.0,0.0,0.0,0.0,0.0,0.0,0.0,0.0,0.0,0.0,0.0,0.0,0.0,0.0,0.0,0.0,0.0,0.0,0.0,0.0,0.0,0.0,0.0,0.0,0.0,0.0,0.0,0.0,0.0,0.0,0.0,0.0,0.0,0.0,0.0,0.0,0.0,0.0,0.0,0.0,0.0,0.0,0.0,0.0,0.0,0.0,0.0,0.0,0.0,0.0,0.0,0.0,0.0,0.0,0.0,0.0,0.0,0.0,0.0,0.0,0.0,0.0,0.0,0.0,0.0,0.0,0.0,0.0,0.0,0.0,0.0,0.0,0.0,0.0,0.0,0.0,0.0,0.0,0.0,0.0,0.0,0.0,0.0,0.0,0.0,0.0,0.0,0.0,0.0,0.0,0.0,0.0,0.0,0.0,0.0,0.0,0.0,0.0,0.0,0.0,0.0,0.0,0.0,0.0,0.0,0.0,0.0,0.0,0.0,0.0,0.0,0.0,0.0,0.0,0.0,0.0,0.0,0.0,0.0,0.0,0.0,0.0,0.0,0.0,0.0,0.0,0.0,0.0,0.0,0.0,0.0,0.0,0.0,0.0,0.0,0.0
22,MWD_FTH,0.0,0.0,0.0,0.0,0.0,0.0,0.0,0.0,0.0,0.0,0.0,0.0,0.0,0.0,0.0,0.0,0.0,0.0,0.0,0.0,0.0,0.0,0.0,0.0,0.0,0.0,0.0,0.0,0.0,0.0,0.0,0.0,0.0,0.0,0.0,0.0,0.0,0.0,0.0,0.0,0.0,0.0,0.0,0.0,0.0,0.0,0.0,0.0,0.0,0.0,0.0,0.0,0.0,0.0,0.0,0.0,0.0,0.0,0.0,0.0,0.0,0.0,0.0,0.0,0.0,0.0,0.0,0.0,0.0,0.0,0.0,0.0,0.0,0.0,0.0,0.0,0.0,0.0,0.0,0.0,0.0,0.0,0.0,0.0,0.0,0.0,0.0,0.0,0.0,0.0,0.0,0.0,0.0,0.0,0.0,0.0,0.0,0.0,0.0,0.0,0.0,0.0,0.0,0.0,0.0,0.0,0.0,0.0,0.0,0.0,0.0,0.0,0.0,0.0,0.0,0.0,0.0,0.0,0.0,0.0,0.0,0.0,0.0,0.0,0.0,0.0,0.0,0.0,0.0,0.0,0.0,0.0,0.0,0.0,0.0,0.0,0.0,0.0,0.0,0.0,0.0,0.0,0.0,0.0,0.0,0.0,0.0,0.0,0.0,0.0,0.0,0.0,0.0,0.0,0.0,0.0,0.0,0.0,0.0,0.0,0.0,0.0,0.0,0.0,0.0,0.0,0.0,0.0,0.0,0.0,0.0,0.0,0.0,0.0,0.0,0.0,0.0,0.0,0.0,0.0,0.0,0.0,0.0,0.0,0.0,0.0,0.0,0.0,0.0,0.0,0.0,0.0,0.0,0.0,0.0,0.0,0.0,0.0,0.0,0.0,0.0,0.0,0.0,0.0,0.0,0.0,0.0,0.0,0.0,0.0,0.0,0.0,0.0,0.0,0.0,0.0,0.0,0.0,0.0,0.0,0.0,0.0,0.0,0.0,0.0,0.0,0.0,0.0,0.0,0.0,0.0,0.0,0.0,0.0,0.0,0.0,0.0,0.0,0.0,0.0,0.0,0.0,0.0,0.0,0.0,0.0,0.0,0.0,0.0,0.0,0.0,0.0,0.0,0.0,0.0,0.0,0.0,0.0,0.0,0.0,0.0,0.0,0.0,0.0,0.0,0.0,0.0,0.0,0.0,0.0,0.0,0.0,0.0,0.0,0.0,0.0,0.0,0.0,0.0,0.0,0.0,0.0,0.0,0.0,0.0,0.0,0.0,0.0,0.0,0.0,0.0,0.0,0.0,0.0,0.0,0.0,0.0,0.0,0.0,0.0
23,MWD_FTR,0.0,0.0,0.0,0.0,0.0,0.0,0.0,0.0,0.0,0.0,0.0,0.0,0.0,0.0,0.0,0.0,0.0,0.0,0.0,0.0,0.0,0.0,0.0,0.0,0.0,0.0,0.0,0.0,0.0,0.0,0.0,0.0,0.0,0.0,0.0,0.0,0.0,0.0,0.0,0.0,0.0,0.0,0.0,0.0,0.0,0.0,0.0,0.0,0.0,0.0,0.0,0.0,0.0,0.0,0.0,0.0,0.0,0.0,0.0,0.0,0.0,0.0,0.0,0.0,0.0,0.0,0.0,0.0,0.0,0.0,0.0,0.0,0.0,0.0,0.0,0.0,0.0,0.0,0.0,0.0,0.0,0.0,0.0,0.0,0.0,0.0,0.0,0.0,0.0,0.0,0.0,0.0,0.0,0.0,0.0,0.0,0.0,0.0,0.0,0.0,0.0,0.0,0.0,0.0,0.0,0.0,0.0,0.0,0.0,0.0,0.0,0.0,0.0,0.0,0.0,0.0,0.0,0.0,0.0,0.0,0.0,0.0,0.0,0.0,0.0,0.0,0.0,0.0,0.0,0.0,0.0,0.0,0.0,0.0,0.0,0.0,0.0,0.0,0.0,0.0,0.0,0.0,0.0,0.0,0.0,0.0,0.0,0.0,0.0,0.0,0.0,0.0,0.0,0.0,0.0,0.0,0.0,0.0,0.0,0.0,0.0,0.0,0.0,0.0,0.0,0.0,0.0,0.0,0.0,0.0,0.0,0.0,0.0,0.0,0.0,0.0,0.0,0.0,0.0,0.0,0.0,0.0,0.0,0.0,0.0,0.0,0.0,0.0,0.0,0.0,0.0,0.0,0.0,0.0,0.0,0.0,0.0,0.0,0.0,0.0,0.0,0.0,0.0,0.0,0.0,0.0,0.0,0.0,0.0,0.0,0.0,0.0,0.0,0.0,0.0,0.0,0.0,0.0,0.0,0.0,0.0,0.0,0.0,0.0,0.0,0.0,0.0,0.0,0.0,0.0,0.0,0.0,0.0,0.0,0.0,0.0,0.0,0.0,0.0,0.0,0.0,0.0,0.0,0.0,0.0,0.0,0.0,0.0,0.0,0.0,0.0,0.0,0.0,0.0,0.0,0.0,0.0,0.0,0.0,0.0,0.0,0.0,0.0,0.0,0.0,0.0,0.0,0.0,0.0,0.0,0.0,0.0,0.0,0.0,0.0,0.0,0.0,0.0,0.0,0.0,0.0,0.0,0.0,0.0,0.0,0.0,0.0,0.0,0.0,0.0,0.0,0.0,0.0,0.0,0.0,0.0,0.0,0.0,0.0,0.0
24,MWD_LVR,0.0,0.0,0.0,0.0,0.0,0.0,0.0,0.0,0.0,0.0,0.0,0.0,0.0,0.0,0.0,0.0,0.0,0.0,0.0,0.0,0.0,0.0,0.0,0.0,0.0,0.0,0.0,0.0,0.0,0.0,0.0,0.0,0.0,0.0,0.0,0.0,0.0,0.0,0.0,0.0,0.0,0.0,0.0,0.0,0.0,0.0,0.0,0.0,0.0,0.0,0.0,0.0,0.0,0.0,0.0,0.0,0.0,0.0,0.0,0.0,0.0,0.0,0.0,0.0,0.0,0.0,0.0,0.0,0.0,0.0,0.0,0.0,0.0,0.0,0.0,0.0,0.0,0.0,0.0,0.0,0.0,0.0,0.0,0.0,0.0,0.0,0.0,0.0,0.0,0.0,0.0,0.0,0.0,0.0,0.0,0.0,0.0,0.0,0.0,0.0,0.0,0.0,0.0,0.0,0.0,0.0,0.0,0.0,0.0,0.0,0.0,0.0,0.0,0.0,0.0,0.0,0.0,0.0,0.0,0.0,0.0,0.0,0.0,0.0,0.0,0.0,0.0,0.0,0.0,0.0,0.0,0.0,0.0,0.0,0.0,0.0,0.0,0.0,0.0,0.0,0.0,0.0,0.0,0.0,0.0,0.0,0.0,0.0,0.0,0.0,0.0,0.0,0.0,0.0,0.0,0.0,0.0,0.0,0.0,0.0,0.0,0.0,0.0,0.0,0.0,0.0,0.0,0.0,0.0,0.0,0.0,0.0,0.0,0.0,0.0,0.0,0.0,0.0,0.0,0.0,0.0,0.0,0.0,0.0,0.0,0.0,0.0,0.0,0.0,0.0,0.0,0.0,0.0,0.0,0.0,0.0,0.0,0.0,0.0,0.0,0.0,0.0,0.0,0.0,0.0,0.0,0.0,0.0,0.0,0.0,0.0,0.0,0.0,0.0,0.0,0.0,0.0,0.0,0.0,0.0,0.0,0.0,0.0,0.0,0.0,0.0,0.0,0.0,0.0,0.0,0.0,0.0,0.0,0.0,0.0,0.0,0.0,0.0,0.0,0.0,0.0,0.0,0.0,0.0,0.0,0.0,0.0,0.0,0.0,0.0,0.0,0.0,0.0,0.0,0.0,0.0,0.0,0.0,0.0,0.0,0.0,0.0,0.0,0.0,0.0,0.0,0.0,0.0,0.0,0.0,0.0,0.0,0.0,0.0,0.0,0.0,0.0,0.0,0.0,0.0,0.0,0.0,0.0,0.0,0.0,0.0,0.0,0.0,0.0,0.0,0.0,0.0,0.0,0.0,0.0,0.0,0.0,0.0,0.0,0.0
25,MWD_MET,0.0,0.0,0.0,0.0,0.0,0.0,0.0,0.0,0.0,0.0,0.0,0.0,0.0,0.0,0.0,0.0,0.0,0.0,0.0,0.0,0.0,0.0,0.0,0.0,0.0,0.0,0.0,0.0,0.0,0.0,0.0,0.0,0.0,0.0,0.0,0.0,0.0,0.0,0.0,0.0,0.0,0.0,0.0,0.0,0.0,0.0,0.0,0.0,0.0,0.0,0.0,0.0,0.0,0.0,0.0,0.0,0.0,0.0,0.0,0.0,0.0,0.0,0.0,0.0,0.0,0.0,0.0,0.0,0.0,0.0,0.0,0.0,0.0,0.0,0.0,0.0,0.0,0.0,0.0,0.0,0.0,0.0,0.0,0.0,0.0,0.0,0.0,0.0,0.0,0.0,0.0,0.0,0.0,0.0,0.0,0.0,0.0,0.0,0.0,0.0,0.0,0.0,0.0,0.0,0.0,0.0,0.0,0.0,0.0,0.0,0.0,0.0,0.0,0.0,0.0,0.0,0.0,0.0,0.0,0.0,0.0,0.0,0.0,0.0,0.0,0.0,0.0,0.0,0.0,0.0,0.0,0.0,0.0,0.0,0.0,0.0,0.0,0.0,0.0,0.0,0.0,0.0,0.0,0.0,0.0,0.0,0.0,0.0,0.0,0.0,0.0,0.0,0.0,0.0,0.0,0.0,0.0,0.0,0.0,0.0,0.0,0.0,0.0,0.0,0.0,0.0,0.0,0.0,0.0,0.0,0.0,0.0,0.0,0.0,0.0,0.0,0.0,0.0,0.0,0.0,0.0,0.0,0.0,0.0,0.0,0.0,0.0,0.0,0.0,0.0,0.0,0.0,0.0,0.0,0.0,0.0,0.0,0.0,0.0,0.0,0.0,0.0,0.0,0.0,0.0,0.0,0.0,0.0,0.0,0.0,0.0,0.0,0.0,0.0,0.0,0.0,0.0,0.0,0.0,0.0,0.0,0.0,0.0,0.0,0.0,0.0,0.0,0.0,0.0,0.0,0.0,0.0,0.0,0.0,0.0,0.0,0.0,0.0,0.0,0.0,0.0,0.0,0.0,0.0,0.0,0.0,0.0,0.0,0.0,0.0,0.0,0.0,0.0,0.0,0.0,0.0,0.0,0.0,0.0,0.0,0.0,0.0,0.0,0.0,0.0,0.0,0.0,0.0,0.0,0.0,0.0,0.0,0.0,0.0,0.0,0.0,0.0,0.0,0.0,0.0,0.0,0.0,0.0,0.0,0.0,0.0,0.0,0.0,0.0,0.0,0.0,0.0,0.0,0.0,0.0,0.0,0.0,0.0,0.0,0.0
26,MWD_SGR,0.0,0.0,0.0,0.0,0.0,0.0,0.0,0.0,0.0,0.0,0.0,0.0,0.0,0.0,0.0,0.0,0.0,0.0,0.0,0.0,0.0,0.0,0.0,0.0,0.0,0.0,0.0,0.0,0.0,0.0,0.0,0.0,0.0,0.0,0.0,0.0,0.0,0.0,0.0,0.0,0.0,0.0,0.0,0.0,0.0,0.0,0.0,0.0,0.0,0.0,0.0,0.0,0.0,0.0,0.0,0.0,0.0,0.0,0.0,0.0,0.0,0.0,0.0,0.0,0.0,0.0,0.0,0.0,0.0,0.0,0.0,0.0,0.0,0.0,0.0,0.0,0.0,0.0,0.0,0.0,0.0,0.0,0.0,0.0,0.0,0.0,0.0,0.0,0.0,0.0,0.0,0.0,0.0,0.0,0.0,0.0,0.0,0.0,0.0,0.0,0.0,0.0,0.0,0.0,0.0,0.0,0.0,0.0,0.0,0.0,0.0,0.0,0.0,0.0,0.0,0.0,0.0,0.0,0.0,0.0,0.0,0.0,0.0,0.0,0.0,0.0,0.0,0.0,0.0,0.0,0.0,0.0,0.0,0.0,0.0,0.0,0.0,0.0,0.0,0.0,0.0,0.0,0.0,0.0,0.0,0.0,0.0,0.0,0.0,0.0,0.0,0.0,0.0,0.0,0.0,0.0,0.0,0.0,0.0,0.0,0.0,0.0,0.0,0.0,0.0,0.0,0.0,0.0,0.0,0.0,0.0,0.0,0.0,0.0,0.0,0.0,0.0,0.0,0.0,0.0,0.0,0.0,0.0,0.0,0.0,0.0,0.0,0.0,0.0,0.0,0.0,0.0,0.0,0.0,0.0,0.0,0.0,0.0,0.0,0.0,0.0,0.0,0.0,0.0,0.0,0.0,0.0,0.0,0.0,0.0,0.0,0.0,0.0,0.0,0.0,0.0,0.0,0.0,0.0,0.0,0.0,0.0,0.0,0.0,0.0,0.0,0.0,0.0,0.0,0.0,0.0,0.0,0.0,0.0,0.0,0.0,0.0,0.0,0.0,0.0,0.0,0.0,0.0,0.0,0.0,0.0,0.0,0.0,0.0,0.0,0.0,0.0,0.0,0.0,0.0,0.0,0.0,0.0,0.0,0.0,0.0,0.0,0.0,0.0,0.0,0.0,0.0,0.0,0.0,0.0,0.0,0.0,0.0,0.0,0.0,0.0,0.0,0.0,0.0,0.0,0.0,0.0,0.0,0.0,0.0,0.0,0.0,0.0,0.0,0.0,0.0,0.0,0.0,0.0,0.0,0.0,0.0,0.0,0.0,0.0
27,MWD_SGV,0.0,0.0,0.0,0.0,0.0,0.0,0.0,0.0,0.0,0.0,0.0,0.0,0.0,0.0,0.0,0.0,0.0,0.0,0.0,0.0,0.0,0.0,0.0,0.0,0.0,0.0,0.0,0.0,0.0,0.0,0.0,0.0,0.0,0.0,0.0,0.0,0.0,0.0,0.0,0.0,0.0,0.0,0.0,0.0,0.0,0.0,0.0,0.0,0.0,0.0,0.0,0.0,0.0,0.0,0.0,0.0,0.0,0.0,0.0,0.0,0.0,0.0,0.0,0.0,0.0,0.0,0.0,0.0,0.0,0.0,0.0,0.0,0.0,0.0,0.0,0.0,0.0,0.0,0.0,0.0,0.0,0.0,0.0,0.0,0.0,0.0,0.0,0.0,0.0,0.0,0.0,0.0,0.0,0.0,0.0,0.0,0.0,0.0,0.0,0.0,0.0,0.0,0.0,0.0,0.0,0.0,0.0,0.0,0.0,0.0,0.0,0.0,0.0,0.0,0.0,0.0,0.0,0.0,0.0,0.0,0.0,0.0,0.0,0.0,0.0,0.0,0.0,0.0,0.0,0.0,0.0,0.0,0.0,0.0,0.0,0.0,0.0,0.0,0.0,0.0,0.0,0.0,0.0,0.0,0.0,0.0,0.0,0.0,0.0,0.0,0.0,0.0,0.0,0.0,0.0,0.0,0.0,0.0,0.0,0.0,0.0,0.0,0.0,0.0,0.0,0.0,0.0,0.0,0.0,0.0,0.0,0.0,0.0,0.0,0.0,0.0,0.0,0.0,0.0,0.0,0.0,0.0,0.0,0.0,0.0,0.0,0.0,0.0,0.0,0.0,0.0,0.0,0.0,0.0,0.0,0.0,0.0,0.0,0.0,0.0,0.0,0.0,0.0,0.0,0.0,0.0,0.0,0.0,0.0,0.0,0.0,0.0,0.0,0.0,0.0,0.0,0.0,0.0,0.0,0.0,0.0,0.0,0.0,0.0,0.0,0.0,0.0,0.0,0.0,0.0,0.0,0.0,0.0,0.0,0.0,0.0,0.0,0.0,0.0,0.0,0.0,0.0,0.0,0.0,0.0,0.0,0.0,0.0,0.0,0.0,0.0,0.0,0.0,0.0,0.0,0.0,0.0,0.0,0.0,0.0,0.0,0.0,0.0,0.0,0.0,0.0,0.0,0.0,0.0,0.0,0.0,0.0,0.0,0.0,0.0,0.0,0.0,0.0,0.0,0.0,0.0,0.0,0.0,0.0,0.0,0.0,0.0,0.0,0.0,0.0,0.0,0.0,0.0,0.0,0.0,0.0,0.0,0.0,0.0,0.0
28,MWD_THR,0.0,0.0,0.0,0.0,0.0,0.0,0.0,0.0,0.0,0.0,0.0,0.0,0.0,0.0,0.0,0.0,0.0,0.0,0.0,0.0,0.0,0.0,0.0,0.0,0.0,0.0,0.0,0.0,0.0,0.0,0.0,0.0,0.0,0.0,0.0,0.0,0.0,0.0,0.0,0.0,0.0,0.0,0.0,0.0,0.0,0.0,0.0,0.0,0.0,0.0,0.0,0.0,0.0,0.0,0.0,0.0,0.0,0.0,0.0,0.0,0.0,0.0,0.0,0.0,0.0,0.0,0.0,0.0,0.0,0.0,0.0,0.0,0.0,0.0,0.0,0.0,0.0,0.0,0.0,0.0,0.0,0.0,0.0,0.0,0.0,0.0,0.0,0.0,0.0,0.0,0.0,0.0,0.0,0.0,0.0,0.0,0.0,0.0,0.0,0.0,0.0,0.0,0.0,0.0,0.0,0.0,0.0,0.0,0.0,0.0,0.0,0.0,0.0,0.0,0.0,0.0,0.0,0.0,0.0,0.0,0.0,0.0,0.0,0.0,0.0,0.0,0.0,0.0,0.0,0.0,0.0,0.0,0.0,0.0,0.0,0.0,0.0,0.0,0.0,0.0,0.0,0.0,0.0,0.0,0.0,0.0,0.0,0.0,0.0,0.0,0.0,0.0,0.0,0.0,0.0,0.0,0.0,0.0,0.0,0.0,0.0,0.0,0.0,0.0,0.0,0.0,0.0,0.0,0.0,0.0,0.0,0.0,0.0,0.0,0.0,0.0,0.0,0.0,0.0,0.0,0.0,0.0,0.0,0.0,0.0,0.0,0.0,0.0,0.0,0.0,0.0,0.0,0.0,0.0,0.0,0.0,0.0,0.0,0.0,0.0,0.0,0.0,0.0,0.0,0.0,0.0,0.0,0.0,0.0,0.0,0.0,0.0,0.0,0.0,0.0,0.0,0.0,0.0,0.0,0.0,0.0,0.0,0.0,0.0,0.0,0.0,0.0,0.0,0.0,0.0,0.0,0.0,0.0,0.0,0.0,0.0,0.0,0.0,0.0,0.0,0.0,0.0,0.0,0.0,0.0,0.0,0.0,0.0,0.0,0.0,0.0,0.0,0.0,0.0,0.0,0.0,0.0,0.0,0.0,0.0,0.0,0.0,0.0,0.0,0.0,0.0,0.0,0.0,0.0,0.0,0.0,0.0,0.0,0.0,0.0,0.0,0.0,0.0,0.0,0.0,0.0,0.0,0.0,0.0,0.0,0.0,0.0,0.0,0.0,0.0,0.0,0.0,0.0,0.0,0.0,0.0,0.0,0.0,0.0,0.0
29,MWD_THV,0.0,0.0,0.0,0.0,0.0,0.0,0.0,0.0,0.0,0.0,0.0,0.0,0.0,0.0,0.0,0.0,0.0,0.0,0.0,0.0,0.0,0.0,0.0,0.0,0.0,0.0,0.0,0.0,0.0,0.0,0.0,0.0,0.0,0.0,0.0,0.0,0.0,0.0,0.0,0.0,0.0,0.0,0.0,0.0,0.0,0.0,0.0,0.0,0.0,0.0,0.0,0.0,0.0,0.0,0.0,0.0,0.0,0.0,0.0,0.0,0.0,0.0,0.0,0.0,0.0,0.0,0.0,0.0,0.0,0.0,0.0,0.0,0.0,0.0,0.0,0.0,0.0,0.0,0.0,0.0,0.0,0.0,0.0,0.0,0.0,0.0,0.0,0.0,0.0,0.0,0.0,0.0,0.0,0.0,0.0,0.0,0.0,0.0,0.0,0.0,0.0,0.0,0.0,0.0,0.0,0.0,0.0,0.0,0.0,0.0,0.0,0.0,0.0,0.0,0.0,0.0,0.0,0.0,0.0,0.0,0.0,0.0,0.0,0.0,0.0,0.0,0.0,0.0,0.0,0.0,0.0,0.0,0.0,0.0,0.0,0.0,0.0,0.0,0.0,0.0,0.0,0.0,0.0,0.0,0.0,0.0,0.0,0.0,0.0,0.0,0.0,0.0,0.0,0.0,0.0,0.0,0.0,0.0,0.0,0.0,0.0,0.0,0.0,0.0,0.0,0.0,0.0,0.0,0.0,0.0,0.0,0.0,0.0,0.0,0.0,0.0,0.0,0.0,0.0,0.0,0.0,0.0,0.0,0.0,0.0,0.0,0.0,0.0,0.0,0.0,0.0,0.0,0.0,0.0,0.0,0.0,0.0,0.0,0.0,0.0,0.0,0.0,0.0,0.0,0.0,0.0,0.0,0.0,0.0,0.0,0.0,0.0,0.0,0.0,0.0,0.0,0.0,0.0,0.0,0.0,0.0,0.0,0.0,0.0,0.0,0.0,0.0,0.0,0.0,0.0,0.0,0.0,0.0,0.0,0.0,0.0,0.0,0.0,0.0,0.0,0.0,0.0,0.0,0.0,0.0,0.0,0.0,0.0,0.0,0.0,0.0,0.0,0.0,0.0,0.0,0.0,0.0,0.0,0.0,0.0,0.0,0.0,0.0,0.0,0.0,0.0,0.0,0.0,0.0,0.0,0.0,0.0,0.0,0.0,0.0,0.0,0.0,0.0,0.0,0.0,0.0,0.0,0.0,0.0,0.0,0.0,0.0,0.0,0.0,0.0,0.0,0.0,0.0,0.0,0.0,0.0,0.0,0.0,0.0,0.0
30,MWD_USG,0.0,0.0,0.0,0.0,0.0,0.0,0.0,0.0,0.0,0.0,0.0,0.0,0.0,0.0,0.0,0.0,0.0,0.0,0.0,0.0,0.0,0.0,0.0,0.0,0.0,0.0,0.0,0.0,0.0,0.0,0.0,0.0,0.0,0.0,0.0,0.0,0.0,0.0,0.0,0.0,0.0,0.0,0.0,0.0,0.0,0.0,0.0,0.0,0.0,0.0,0.0,0.0,0.0,0.0,0.0,0.0,0.0,0.0,0.0,0.0,0.0,0.0,0.0,0.0,0.0,0.0,0.0,0.0,0.0,0.0,0.0,0.0,0.0,0.0,0.0,0.0,0.0,0.0,0.0,0.0,0.0,0.0,0.0,0.0,0.0,0.0,0.0,0.0,0.0,0.0,0.0,0.0,0.0,0.0,0.0,0.0,0.0,0.0,0.0,0.0,0.0,0.0,0.0,0.0,0.0,0.0,0.0,0.0,0.0,0.0,0.0,0.0,0.0,0.0,0.0,0.0,0.0,0.0,0.0,0.0,0.0,0.0,0.0,0.0,0.0,0.0,0.0,0.0,0.0,0.0,0.0,0.0,0.0,0.0,0.0,0.0,0.0,0.0,0.0,0.0,0.0,0.0,0.0,0.0,0.0,0.0,0.0,0.0,0.0,0.0,0.0,0.0,0.0,0.0,0.0,0.0,0.0,0.0,0.0,0.0,0.0,0.0,0.0,0.0,0.0,0.0,0.0,0.0,0.0,0.0,0.0,0.0,0.0,0.0,0.0,0.0,0.0,0.0,0.0,0.0,0.0,0.0,0.0,0.0,0.0,0.0,0.0,0.0,0.0,0.0,0.0,0.0,0.0,0.0,0.0,0.0,0.0,0.0,0.0,0.0,0.0,0.0,0.0,0.0,0.0,0.0,0.0,0.0,0.0,0.0,0.0,0.0,0.0,0.0,0.0,0.0,0.0,0.0,0.0,0.0,0.0,0.0,0.0,0.0,0.0,0.0,0.0,0.0,0.0,0.0,0.0,0.0,0.0,0.0,0.0,0.0,0.0,0.0,0.0,0.0,0.0,0.0,0.0,0.0,0.0,0.0,0.0,0.0,0.0,0.0,0.0,0.0,0.0,0.0,0.0,0.0,0.0,0.0,0.0,0.0,0.0,0.0,0.0,0.0,0.0,0.0,0.0,0.0,0.0,0.0,0.0,0.0,0.0,0.0,0.0,0.0,0.0,0.0,0.0,0.0,0.0,0.0,0.0,0.0,0.0,0.0,0.0,0.0,0.0,0.0,0.0,0.0,0.0,0.0,0.0,0.0,0.0,0.0,0.0,0.0
31,MWD_USR,0.0,0.0,0.0,0.0,0.0,0.0,0.0,0.0,0.0,0.0,0.0,0.0,0.0,0.0,0.0,0.0,0.0,0.0,0.0,0.0,0.0,0.0,0.0,0.0,0.0,0.0,0.0,0.0,0.0,0.0,0.0,0.0,0.0,0.0,0.0,0.0,0.0,0.0,0.0,0.0,0.0,0.0,0.0,0.0,0.0,0.0,0.0,0.0,0.0,0.0,0.0,0.0,0.0,0.0,0.0,0.0,0.0,0.0,0.0,0.0,0.0,0.0,0.0,0.0,0.0,0.0,0.0,0.0,0.0,0.0,0.0,0.0,0.0,0.0,0.0,0.0,0.0,0.0,0.0,0.0,0.0,0.0,0.0,0.0,0.0,0.0,0.0,0.0,0.0,0.0,0.0,0.0,0.0,0.0,0.0,0.0,0.0,0.0,0.0,0.0,0.0,0.0,0.0,0.0,0.0,0.0,0.0,0.0,0.0,0.0,0.0,0.0,0.0,0.0,0.0,0.0,0.0,0.0,0.0,0.0,0.0,0.0,0.0,0.0,0.0,0.0,0.0,0.0,0.0,0.0,0.0,0.0,0.0,0.0,0.0,0.0,0.0,0.0,0.0,0.0,0.0,0.0,0.0,0.0,0.0,0.0,0.0,0.0,0.0,0.0,0.0,0.0,0.0,0.0,0.0,0.0,0.0,0.0,0.0,0.0,0.0,0.0,0.0,0.0,0.0,0.0,0.0,0.0,0.0,0.0,0.0,0.0,0.0,0.0,0.0,0.0,0.0,0.0,0.0,0.0,0.0,0.0,0.0,0.0,0.0,0.0,0.0,0.0,0.0,0.0,0.0,0.0,0.0,0.0,0.0,0.0,0.0,0.0,0.0,0.0,0.0,0.0,0.0,0.0,0.0,0.0,0.0,0.0,0.0,0.0,0.0,0.0,0.0,0.0,0.0,0.0,0.0,0.0,0.0,0.0,0.0,0.0,0.0,0.0,0.0,0.0,0.0,0.0,0.0,0.0,0.0,0.0,0.0,0.0,0.0,0.0,0.0,0.0,0.0,0.0,0.0,0.0,0.0,0.0,0.0,0.0,0.0,0.0,0.0,0.0,0.0,0.0,0.0,0.0,0.0,0.0,0.0,0.0,0.0,0.0,0.0,0.0,0.0,0.0,0.0,0.0,0.0,0.0,0.0,0.0,0.0,0.0,0.0,0.0,0.0,0.0,0.0,0.0,0.0,0.0,0.0,0.0,0.0,0.0,0.0,0.0,0.0,0.0,0.0,0.0,0.0,0.0,0.0,0.0,0.0,0.0,0.0,0.0,0.0,0.0
32,MWD_WCB,0.0,0.0,0.0,0.0,0.0,0.0,0.0,0.0,0.0,0.0,0.0,0.0,0.0,0.0,0.0,0.0,0.0,0.0,0.0,0.0,0.0,0.0,0.0,0.0,0.0,0.0,0.0,0.0,0.0,0.0,0.0,0.0,0.0,0.0,0.0,0.0,0.0,0.0,0.0,0.0,0.0,0.0,0.0,0.0,0.0,0.0,0.0,0.0,0.0,0.0,0.0,0.0,0.0,0.0,0.0,0.0,0.0,0.0,0.0,0.0,0.0,0.0,0.0,0.0,0.0,0.0,0.0,0.0,0.0,0.0,0.0,0.0,0.0,0.0,0.0,0.0,0.0,0.0,0.0,0.0,0.0,0.0,0.0,0.0,0.0,0.0,0.0,0.0,0.0,0.0,0.0,0.0,0.0,0.0,0.0,0.0,0.0,0.0,0.0,0.0,0.0,0.0,0.0,0.0,0.0,0.0,0.0,0.0,0.0,0.0,0.0,0.0,0.0,0.0,0.0,0.0,0.0,0.0,0.0,0.0,0.0,0.0,0.0,0.0,0.0,0.0,0.0,0.0,0.0,0.0,0.0,0.0,0.0,0.0,0.0,0.0,0.0,0.0,0.0,0.0,0.0,0.0,0.0,0.0,0.0,0.0,0.0,0.0,0.0,0.0,0.0,0.0,0.0,0.0,0.0,0.0,0.0,0.0,0.0,0.0,0.0,0.0,0.0,0.0,0.0,0.0,0.0,0.0,0.0,0.0,0.0,0.0,0.0,0.0,0.0,0.0,0.0,0.0,0.0,0.0,0.0,0.0,0.0,0.0,0.0,0.0,0.0,0.0,0.0,0.0,0.0,0.0,0.0,0.0,0.0,0.0,0.0,0.0,0.0,0.0,0.0,0.0,0.0,0.0,0.0,0.0,0.0,0.0,0.0,0.0,0.0,0.0,0.0,0.0,0.0,0.0,0.0,0.0,0.0,0.0,0.0,0.0,0.0,0.0,0.0,0.0,0.0,0.0,0.0,0.0,0.0,0.0,0.0,0.0,0.0,0.0,0.0,0.0,0.0,0.0,0.0,0.0,0.0,0.0,0.0,0.0,0.0,0.0,0.0,0.0,0.0,0.0,0.0,0.0,0.0,0.0,0.0,0.0,0.0,0.0,0.0,0.0,0.0,0.0,0.0,0.0,0.0,0.0,0.0,0.0,0.0,0.0,0.0,0.0,0.0,0.0,0.0,0.0,0.0,0.0,0.0,0.0,0.0,0.0,0.0,0.0,0.0,0.0,0.0,0.0,0.0,0.0,0.0,0.0,0.0,0.0,0.0,0.0,0.0,0.0
33,MWD_WCR,0.0,0.0,0.0,0.0,0.0,0.0,0.0,0.0,0.0,0.0,0.0,0.0,0.0,0.0,0.0,0.0,0.0,0.0,0.0,0.0,0.0,0.0,0.0,0.0,0.0,0.0,0.0,0.0,0.0,0.0,0.0,0.0,0.0,0.0,0.0,0.0,0.0,0.0,0.0,0.0,0.0,0.0,0.0,0.0,0.0,0.0,0.0,0.0,0.0,0.0,0.0,0.0,0.0,0.0,0.0,0.0,0.0,0.0,0.0,0.0,0.0,0.0,0.0,0.0,0.0,0.0,0.0,0.0,0.0,0.0,0.0,0.0,0.0,0.0,0.0,0.0,0.0,0.0,0.0,0.0,0.0,0.0,0.0,0.0,0.0,0.0,0.0,0.0,0.0,0.0,0.0,0.0,0.0,0.0,0.0,0.0,0.0,0.0,0.0,0.0,0.0,0.0,0.0,0.0,0.0,0.0,0.0,0.0,0.0,0.0,0.0,0.0,0.0,0.0,0.0,0.0,0.0,0.0,0.0,0.0,0.0,0.0,0.0,0.0,0.0,0.0,0.0,0.0,0.0,0.0,0.0,0.0,0.0,0.0,0.0,0.0,0.0,0.0,0.0,0.0,0.0,0.0,0.0,0.0,0.0,0.0,0.0,0.0,0.0,0.0,0.0,0.0,0.0,0.0,0.0,0.0,0.0,0.0,0.0,0.0,0.0,0.0,0.0,0.0,0.0,0.0,0.0,0.0,0.0,0.0,0.0,0.0,0.0,0.0,0.0,0.0,0.0,0.0,0.0,0.0,0.0,0.0,0.0,0.0,0.0,0.0,0.0,0.0,0.0,0.0,0.0,0.0,0.0,0.0,0.0,0.0,0.0,0.0,0.0,0.0,0.0,0.0,0.0,0.0,0.0,0.0,0.0,0.0,0.0,0.0,0.0,0.0,0.0,0.0,0.0,0.0,0.0,0.0,0.0,0.0,0.0,0.0,0.0,0.0,0.0,0.0,0.0,0.0,0.0,0.0,0.0,0.0,0.0,0.0,0.0,0.0,0.0,0.0,0.0,0.0,0.0,0.0,0.0,0.0,0.0,0.0,0.0,0.0,0.0,0.0,0.0,0.0,0.0,0.0,0.0,0.0,0.0,0.0,0.0,0.0,0.0,0.0,0.0,0.0,0.0,0.0,0.0,0.0,0.0,0.0,0.0,0.0,0.0,0.0,0.0,0.0,0.0,0.0,0.0,0.0,0.0,0.0,0.0,0.0,0.0,0.0,0.0,0.0,0.0,0.0,0.0,0.0,0.0,0.0,0.0,0.0,0.0,0.0,0.0,0.0
34,SPG_ANI,0.0,0.0,0.0,0.0,0.0,0.0,0.0,0.0,0.0,0.0,0.0,0.0,0.0,0.0,0.0,0.0,0.0,0.0,0.0,0.0,0.0,0.0,0.0,0.0,0.0,0.0,0.0,0.0,0.0,0.0,0.0,0.0,0.0,0.0,0.0,0.0,0.0,0.0,0.0,0.0,0.0,0.0,0.0,0.0,0.0,0.0,0.0,0.0,0.0,0.0,0.0,0.0,0.0,0.0,0.0,0.0,0.0,0.0,0.0,0.0,0.0,0.0,0.0,0.0,0.0,0.0,0.0,0.0,0.0,0.0,0.0,0.0,0.0,0.0,0.0,0.0,0.0,0.0,0.0,0.0,0.0,0.0,0.0,0.0,0.0,0.0,0.0,0.0,0.0,0.0,0.0,0.0,0.0,0.0,0.0,0.0,0.0,0.0,0.0,0.0,0.0,0.0,0.0,0.0,0.0,0.0,0.0,0.0,0.0,0.0,0.0,0.0,0.0,0.0,0.0,0.0,0.0,0.0,0.0,0.0,0.0,0.0,0.0,0.0,0.0,0.0,0.0,0.0,0.0,0.0,0.0,0.0,0.0,0.0,0.0,0.0,0.0,0.0,0.0,0.0,0.0,0.0,0.0,0.0,0.0,0.0,0.0,0.0,0.0,0.0,0.0,0.0,0.0,0.0,0.0,0.0,0.0,0.0,0.0,0.0,0.0,0.0,0.0,0.0,0.0,0.0,0.0,0.0,0.0,0.0,0.0,0.0,0.0,0.0,0.0,0.0,0.0,0.0,0.0,0.0,0.0,0.0,0.0,0.0,0.0,0.0,0.0,0.0,0.0,0.0,0.0,0.0,0.0,0.0,0.0,0.0,0.0,0.0,0.0,0.0,0.0,0.0,0.0,0.0,0.0,0.0,0.0,0.0,0.0,0.0,0.0,0.0,0.0,0.0,0.0,0.0,0.0,0.0,0.0,0.0,0.0,0.0,0.0,0.0,0.0,0.0,0.0,0.0,0.0,0.0,0.0,0.0,0.0,0.0,0.0,0.0,0.0,0.0,0.0,0.0,0.0,0.0,0.0,0.0,0.0,0.0,0.0,0.0,0.0,0.0,0.0,0.0,0.0,0.0,0.0,0.0,0.0,0.0,0.0,0.0,0.0,0.0,0.0,0.0,0.0,0.0,0.0,0.0,0.0,0.0,0.0,0.0,0.0,0.0,0.0,0.0,0.0,0.0,0.0,0.0,0.0,0.0,0.0,0.0,0.0,0.0,0.0,0.0,0.0,0.0,0.0,0.0,0.0,0.0,0.0,0.0,0.0,0.0,0.0,0.0
35,SPG_BDS,0.0,0.0,0.0,0.0,0.0,0.0,0.0,0.0,0.0,0.0,0.0,0.0,0.0,0.0,0.0,0.0,0.0,0.0,0.0,0.0,0.0,0.0,0.0,0.0,0.0,0.0,0.0,0.0,0.0,0.0,0.0,0.0,0.0,0.0,0.0,0.0,0.0,0.0,0.0,0.0,0.0,0.0,0.0,0.0,0.0,0.0,0.0,0.0,0.0,0.0,0.0,0.0,0.0,0.0,0.0,0.0,0.0,0.0,0.0,0.0,0.0,0.0,0.0,0.0,0.0,0.0,0.0,0.0,0.0,0.0,0.0,0.0,0.0,0.0,0.0,0.0,0.0,0.0,0.0,0.0,0.0,0.0,0.0,0.0,0.0,0.0,0.0,0.0,0.0,0.0,0.0,0.0,0.0,0.0,0.0,0.0,0.0,0.0,0.0,0.0,0.0,0.0,0.0,0.0,0.0,0.0,0.0,0.0,0.0,0.0,0.0,0.0,0.0,0.0,0.0,0.0,0.0,0.0,0.0,0.0,0.0,0.0,0.0,0.0,0.0,0.0,0.0,0.0,0.0,0.0,0.0,0.0,0.0,0.0,0.0,0.0,0.0,0.0,0.0,0.0,0.0,0.0,0.0,0.0,0.0,0.0,0.0,0.0,0.0,0.0,0.0,0.0,0.0,0.0,0.0,0.0,0.0,0.0,0.0,0.0,0.0,0.0,0.0,0.0,0.0,0.0,0.0,0.0,0.0,0.0,0.0,0.0,0.0,0.0,0.0,0.0,0.0,0.0,0.0,0.0,0.0,0.0,0.0,0.0,0.0,0.0,0.0,0.0,0.0,0.0,0.0,0.0,0.0,0.0,0.0,0.0,0.0,0.0,0.0,0.0,0.0,0.0,0.0,0.0,0.0,0.0,0.0,0.0,0.0,0.0,0.0,0.0,0.0,0.0,0.0,0.0,0.0,0.0,0.0,0.0,0.0,0.0,0.0,0.0,0.0,0.0,0.0,0.0,0.0,0.0,0.0,0.0,0.0,0.0,0.0,0.0,0.0,0.0,0.0,0.0,0.0,0.0,0.0,0.0,0.0,0.0,0.0,0.0,0.0,0.0,0.0,0.0,0.0,0.0,0.0,0.0,0.0,0.0,0.0,0.0,0.0,0.0,0.0,0.0,0.0,0.0,0.0,0.0,0.0,0.0,0.0,0.0,0.0,0.0,0.0,0.0,0.0,0.0,0.0,0.0,0.0,0.0,0.0,0.0,0.0,0.0,0.0,0.0,0.0,0.0,0.0,0.0,0.0,0.0,0.0,0.0,0.0,0.0,0.0,0.0
36,SPG_BEN,0.0,0.0,0.0,0.0,0.0,0.0,0.0,0.0,0.0,0.0,0.0,0.0,0.0,0.0,0.0,0.0,0.0,0.0,0.0,0.0,0.0,0.0,0.0,0.0,0.0,0.0,0.0,0.0,0.0,0.0,0.0,0.0,0.0,0.0,0.0,0.0,0.0,0.0,0.0,0.0,0.0,0.0,0.0,0.0,0.0,0.0,0.0,0.0,0.0,0.0,0.0,0.0,0.0,0.0,0.0,0.0,0.0,0.0,0.0,0.0,0.0,0.0,0.0,0.0,0.0,0.0,0.0,0.0,0.0,0.0,0.0,0.0,0.0,0.0,0.0,0.0,0.0,0.0,0.0,0.0,0.0,0.0,0.0,0.0,0.0,0.0,0.0,0.0,0.0,0.0,0.0,0.0,0.0,0.0,0.0,0.0,0.0,0.0,0.0,0.0,0.0,0.0,0.0,0.0,0.0,0.0,0.0,0.0,0.0,0.0,0.0,0.0,0.0,0.0,0.0,0.0,0.0,0.0,0.0,0.0,0.0,0.0,0.0,0.0,0.0,0.0,0.0,0.0,0.0,0.0,0.0,0.0,0.0,0.0,0.0,0.0,0.0,0.0,0.0,0.0,0.0,0.0,0.0,0.0,0.0,0.0,0.0,0.0,0.0,0.0,0.0,0.0,0.0,0.0,0.0,0.0,0.0,0.0,0.0,0.0,0.0,0.0,0.0,0.0,0.0,0.0,0.0,0.0,0.0,0.0,0.0,0.0,0.0,0.0,0.0,0.0,0.0,0.0,0.0,0.0,0.0,0.0,0.0,0.0,0.0,0.0,0.0,0.0,0.0,0.0,0.0,0.0,0.0,0.0,0.0,0.0,0.0,0.0,0.0,0.0,0.0,0.0,0.0,0.0,0.0,0.0,0.0,0.0,0.0,0.0,0.0,0.0,0.0,0.0,0.0,0.0,0.0,0.0,0.0,0.0,0.0,0.0,0.0,0.0,0.0,0.0,0.0,0.0,0.0,0.0,0.0,0.0,0.0,0.0,0.0,0.0,0.0,0.0,0.0,0.0,0.0,0.0,0.0,0.0,0.0,0.0,0.0,0.0,0.0,0.0,0.0,0.0,0.0,0.0,0.0,0.0,0.0,0.0,0.0,0.0,0.0,0.0,0.0,0.0,0.0,0.0,0.0,0.0,0.0,0.0,0.0,0.0,0.0,0.0,0.0,0.0,0.0,0.0,0.0,0.0,0.0,0.0,0.0,0.0,0.0,0.0,0.0,0.0,0.0,0.0,0.0,0.0,0.0,0.0,0.0,0.0,0.0,0.0,0.0,0.0
37,SPG_BRF,0.0,0.0,0.0,0.0,0.0,0.0,0.0,0.0,0.0,0.0,0.0,0.0,0.0,0.0,0.0,0.0,0.0,0.0,0.0,0.0,0.0,0.0,0.0,0.0,0.0,0.0,0.0,0.0,0.0,0.0,0.0,0.0,0.0,0.0,0.0,0.0,0.0,0.0,0.0,0.0,0.0,0.0,0.0,0.0,0.0,0.0,0.0,0.0,0.0,0.0,0.0,0.0,0.0,0.0,0.0,0.0,0.0,0.0,0.0,0.0,0.0,0.0,0.0,0.0,0.0,0.0,0.0,0.0,0.0,0.0,0.0,0.0,0.0,0.0,0.0,0.0,0.0,0.0,0.0,0.0,0.0,0.0,0.0,0.0,0.0,0.0,0.0,0.0,0.0,0.0,0.0,0.0,0.0,0.0,0.0,0.0,0.0,0.0,0.0,0.0,0.0,0.0,0.0,0.0,0.0,0.0,0.0,0.0,0.0,0.0,0.0,0.0,0.0,0.0,0.0,0.0,0.0,0.0,0.0,0.0,0.0,0.0,0.0,0.0,0.0,0.0,0.0,0.0,0.0,0.0,0.0,0.0,0.0,0.0,0.0,0.0,0.0,0.0,0.0,0.0,0.0,0.0,0.0,0.0,0.0,0.0,0.0,0.0,0.0,0.0,0.0,0.0,0.0,0.0,0.0,0.0,0.0,0.0,0.0,0.0,0.0,0.0,0.0,0.0,0.0,0.0,0.0,0.0,0.0,0.0,0.0,0.0,0.0,0.0,0.0,0.0,0.0,0.0,0.0,0.0,0.0,0.0,0.0,0.0,0.0,0.0,0.0,0.0,0.0,0.0,0.0,0.0,0.0,0.0,0.0,0.0,0.0,0.0,0.0,0.0,0.0,0.0,0.0,0.0,0.0,0.0,0.0,0.0,0.0,0.0,0.0,0.0,0.0,0.0,0.0,0.0,0.0,0.0,0.0,0.0,0.0,0.0,0.0,0.0,0.0,0.0,0.0,0.0,0.0,0.0,0.0,0.0,0.0,0.0,0.0,0.0,0.0,0.0,0.0,0.0,0.0,0.0,0.0,0.0,0.0,0.0,0.0,0.0,0.0,0.0,0.0,0.0,0.0,0.0,0.0,0.0,0.0,0.0,0.0,0.0,0.0,0.0,0.0,0.0,0.0,0.0,0.0,0.0,0.0,0.0,0.0,0.0,0.0,0.0,0.0,0.0,0.0,0.0,0.0,0.0,0.0,0.0,0.0,0.0,0.0,0.0,0.0,0.0,0.0,0.0,0.0,0.0,0.0,0.0,0.0,0.0,0.0,0.0,0.0,0.0
38,SPG_BVS,0.0,0.0,0.0,0.0,0.0,0.0,0.0,0.0,0.0,0.0,0.0,0.0,0.0,0.0,0.0,0.0,0.0,0.0,0.0,0.0,0.0,0.0,0.0,0.0,0.0,0.0,0.0,0.0,0.0,0.0,0.0,0.0,0.0,0.0,0.0,0.0,0.0,0.0,0.0,0.0,0.0,0.0,0.0,0.0,0.0,0.0,0.0,0.0,0.0,0.0,0.0,0.0,0.0,0.0,0.0,0.0,0.0,0.0,0.0,0.0,0.0,0.0,0.0,0.0,0.0,0.0,0.0,0.0,0.0,0.0,0.0,0.0,0.0,0.0,0.0,0.0,0.0,0.0,0.0,0.0,0.0,0.0,0.0,0.0,0.0,0.0,0.0,0.0,0.0,0.0,0.0,0.0,0.0,0.0,0.0,0.0,0.0,0.0,0.0,0.0,0.0,0.0,0.0,0.0,0.0,0.0,0.0,0.0,0.0,0.0,0.0,0.0,0.0,0.0,0.0,0.0,0.0,0.0,0.0,0.0,0.0,0.0,0.0,0.0,0.0,0.0,0.0,0.0,0.0,0.0,0.0,0.0,0.0,0.0,0.0,0.0,0.0,0.0,0.0,0.0,0.0,0.0,0.0,0.0,0.0,0.0,0.0,0.0,0.0,0.0,0.0,0.0,0.0,0.0,0.0,0.0,0.0,0.0,0.0,0.0,0.0,0.0,0.0,0.0,0.0,0.0,0.0,0.0,0.0,0.0,0.0,0.0,0.0,0.0,0.0,0.0,0.0,0.0,0.0,0.0,0.0,0.0,0.0,0.0,0.0,0.0,0.0,0.0,0.0,0.0,0.0,0.0,0.0,0.0,0.0,0.0,0.0,0.0,0.0,0.0,0.0,0.0,0.0,0.0,0.0,0.0,0.0,0.0,0.0,0.0,0.0,0.0,0.0,0.0,0.0,0.0,0.0,0.0,0.0,0.0,0.0,0.0,0.0,0.0,0.0,0.0,0.0,0.0,0.0,0.0,0.0,0.0,0.0,0.0,0.0,0.0,0.0,0.0,0.0,0.0,0.0,0.0,0.0,0.0,0.0,0.0,0.0,0.0,0.0,0.0,0.0,0.0,0.0,0.0,0.0,0.0,0.0,0.0,0.0,0.0,0.0,0.0,0.0,0.0,0.0,0.0,0.0,0.0,0.0,0.0,0.0,0.0,0.0,0.0,0.0,0.0,0.0,0.0,0.0,0.0,0.0,0.0,0.0,0.0,0.0,0.0,0.0,0.0,0.0,0.0,0.0,0.0,0.0,0.0,0.0,0.0,0.0,0.0,0.0,0.0
39,SPG_CIT,0.0,0.0,0.0,0.0,0.0,0.0,0.0,0.0,0.0,0.0,0.0,0.0,0.0,0.0,0.0,0.0,0.0,0.0,0.0,0.0,0.0,0.0,0.0,0.0,0.0,0.0,0.0,0.0,0.0,0.0,0.0,0.0,0.0,0.0,0.0,0.0,0.0,0.0,0.0,0.0,0.0,0.0,0.0,0.0,0.0,0.0,0.0,0.0,0.0,0.0,0.0,0.0,0.0,0.0,0.0,0.0,0.0,0.0,0.0,0.0,0.0,0.0,0.0,0.0,0.0,0.0,0.0,0.0,0.0,0.0,0.0,0.0,0.0,0.0,0.0,0.0,0.0,0.0,0.0,0.0,0.0,0.0,0.0,0.0,0.0,0.0,0.0,0.0,0.0,0.0,0.0,0.0,0.0,0.0,0.0,0.0,0.0,0.0,0.0,0.0,0.0,0.0,0.0,0.0,0.0,0.0,0.0,0.0,0.0,0.0,0.0,0.0,0.0,0.0,0.0,0.0,0.0,0.0,0.0,0.0,0.0,0.0,0.0,0.0,0.0,0.0,0.0,0.0,0.0,0.0,0.0,0.0,0.0,0.0,0.0,0.0,0.0,0.0,0.0,0.0,0.0,0.0,0.0,0.0,0.0,0.0,0.0,0.0,0.0,0.0,0.0,0.0,0.0,0.0,0.0,0.0,0.0,0.0,0.0,0.0,0.0,0.0,0.0,0.0,0.0,0.0,0.0,0.0,0.0,0.0,0.0,0.0,0.0,0.0,0.0,0.0,0.0,0.0,0.0,0.0,0.0,0.0,0.0,0.0,0.0,0.0,0.0,0.0,0.0,0.0,0.0,0.0,0.0,0.0,0.0,0.0,0.0,0.0,0.0,0.0,0.0,0.0,0.0,0.0,0.0,0.0,0.0,0.0,0.0,0.0,0.0,0.0,0.0,0.0,0.0,0.0,0.0,0.0,0.0,0.0,0.0,0.0,0.0,0.0,0.0,0.0,0.0,0.0,0.0,0.0,0.0,0.0,0.0,0.0,0.0,0.0,0.0,0.0,0.0,0.0,0.0,0.0,0.0,0.0,0.0,0.0,0.0,0.0,0.0,0.0,0.0,0.0,0.0,0.0,0.0,0.0,0.0,0.0,0.0,0.0,0.0,0.0,0.0,0.0,0.0,0.0,0.0,0.0,0.0,0.0,0.0,0.0,0.0,0.0,0.0,0.0,0.0,0.0,0.0,0.0,0.0,0.0,0.0,0.0,0.0,0.0,0.0,0.0,0.0,0.0,0.0,0.0,0.0,0.0,0.0,0.0,0.0,0.0,0.0,0.0
40,SPG_DOM,0.0,0.0,0.0,0.0,0.0,0.0,0.0,0.0,0.0,0.0,0.0,0.0,0.0,0.0,0.0,0.0,0.0,0.0,0.0,0.0,0.0,0.0,0.0,0.0,0.0,0.0,0.0,0.0,0.0,0.0,0.0,0.0,0.0,0.0,0.0,0.0,0.0,0.0,0.0,0.0,0.0,0.0,0.0,0.0,0.0,0.0,0.0,0.0,0.0,0.0,0.0,0.0,0.0,0.0,0.0,0.0,0.0,0.0,0.0,0.0,0.0,0.0,0.0,0.0,0.0,0.0,0.0,0.0,0.0,0.0,0.0,0.0,0.0,0.0,0.0,0.0,0.0,0.0,0.0,0.0,0.0,0.0,0.0,0.0,0.0,0.0,0.0,0.0,0.0,0.0,0.0,0.0,0.0,0.0,0.0,0.0,0.0,0.0,0.0,0.0,0.0,0.0,0.0,0.0,0.0,0.0,0.0,0.0,0.0,0.0,0.0,0.0,0.0,0.0,0.0,0.0,0.0,0.0,0.0,0.0,0.0,0.0,0.0,0.0,0.0,0.0,0.0,0.0,0.0,0.0,0.0,0.0,0.0,0.0,0.0,0.0,0.0,0.0,0.0,0.0,0.0,0.0,0.0,0.0,0.0,0.0,0.0,0.0,0.0,0.0,0.0,0.0,0.0,0.0,0.0,0.0,0.0,0.0,0.0,0.0,0.0,0.0,0.0,0.0,0.0,0.0,0.0,0.0,0.0,0.0,0.0,0.0,0.0,0.0,0.0,0.0,0.0,0.0,0.0,0.0,0.0,0.0,0.0,0.0,0.0,0.0,0.0,0.0,0.0,0.0,0.0,0.0,0.0,0.0,0.0,0.0,0.0,0.0,0.0,0.0,0.0,0.0,0.0,0.0,0.0,0.0,0.0,0.0,0.0,0.0,0.0,0.0,0.0,0.0,0.0,0.0,0.0,0.0,0.0,0.0,0.0,0.0,0.0,0.0,0.0,0.0,0.0,0.0,0.0,0.0,0.0,0.0,0.0,0.0,0.0,0.0,0.0,0.0,0.0,0.0,0.0,0.0,0.0,0.0,0.0,0.0,0.0,0.0,0.0,0.0,0.0,0.0,0.0,0.0,0.0,0.0,0.0,0.0,0.0,0.0,0.0,0.0,0.0,0.0,0.0,0.0,0.0,0.0,0.0,0.0,0.0,0.0,0.0,0.0,0.0,0.0,0.0,0.0,0.0,0.0,0.0,0.0,0.0,0.0,0.0,0.0,0.0,0.0,0.0,0.0,0.0,0.0,0.0,0.0,0.0,0.0,0.0,0.0,0.0,0.0
41,SPG_EAB,0.0,0.0,0.0,0.0,0.0,0.0,0.0,0.0,0.0,0.0,0.0,0.0,0.0,0.0,0.0,0.0,0.0,0.0,0.0,0.0,0.0,0.0,0.0,0.0,0.0,0.0,0.0,0.0,0.0,0.0,0.0,0.0,0.0,0.0,0.0,0.0,0.0,0.0,0.0,0.0,0.0,0.0,0.0,0.0,0.0,0.0,0.0,0.0,0.0,0.0,0.0,0.0,0.0,0.0,0.0,0.0,0.0,0.0,0.0,0.0,0.0,0.0,0.0,0.0,0.0,0.0,0.0,0.0,0.0,0.0,0.0,0.0,0.0,0.0,0.0,0.0,0.0,0.0,0.0,0.0,0.0,0.0,0.0,0.0,0.0,0.0,0.0,0.0,0.0,0.0,0.0,0.0,0.0,0.0,0.0,0.0,0.0,0.0,0.0,0.0,0.0,0.0,0.0,0.0,0.0,0.0,0.0,0.0,0.0,0.0,0.0,0.0,0.0,0.0,0.0,0.0,0.0,0.0,0.0,0.0,0.0,0.0,0.0,0.0,0.0,0.0,0.0,0.0,0.0,0.0,0.0,0.0,0.0,0.0,0.0,0.0,0.0,0.0,0.0,0.0,0.0,0.0,0.0,0.0,0.0,0.0,0.0,0.0,0.0,0.0,0.0,0.0,0.0,0.0,0.0,0.0,0.0,0.0,0.0,0.0,0.0,0.0,0.0,0.0,0.0,0.0,0.0,0.0,0.0,0.0,0.0,0.0,0.0,0.0,0.0,0.0,0.0,0.0,0.0,0.0,0.0,0.0,0.0,0.0,0.0,0.0,0.0,0.0,0.0,0.0,0.0,0.0,0.0,0.0,0.0,0.0,0.0,0.0,0.0,0.0,0.0,0.0,0.0,0.0,0.0,0.0,0.0,0.0,0.0,0.0,0.0,0.0,0.0,0.0,0.0,0.0,0.0,0.0,0.0,0.0,0.0,0.0,0.0,0.0,0.0,0.0,0.0,0.0,0.0,0.0,0.0,0.0,0.0,0.0,0.0,0.0,0.0,0.0,0.0,0.0,0.0,0.0,0.0,0.0,0.0,0.0,0.0,0.0,0.0,0.0,0.0,0.0,0.0,0.0,0.0,0.0,0.0,0.0,0.0,0.0,0.0,0.0,0.0,0.0,0.0,0.0,0.0,0.0,0.0,0.0,0.0,0.0,0.0,0.0,0.0,0.0,0.0,0.0,0.0,0.0,0.0,0.0,0.0,0.0,0.0,0.0,0.0,0.0,0.0,0.0,0.0,0.0,0.0,0.0,0.0,0.0,0.0,0.0,0.0,0.0
42,SPG_ESG,0.0,0.0,0.0,0.0,0.0,0.0,0.0,0.0,0.0,0.0,0.0,0.0,0.0,0.0,0.0,0.0,0.0,0.0,0.0,0.0,0.0,0.0,0.0,0.0,0.0,0.0,0.0,0.0,0.0,0.0,0.0,0.0,0.0,0.0,0.0,0.0,0.0,0.0,0.0,0.0,0.0,0.0,0.0,0.0,0.0,0.0,0.0,0.0,0.0,0.0,0.0,0.0,0.0,0.0,0.0,0.0,0.0,0.0,0.0,0.0,0.0,0.0,0.0,0.0,0.0,0.0,0.0,0.0,0.0,0.0,0.0,0.0,0.0,0.0,0.0,0.0,0.0,0.0,0.0,0.0,0.0,0.0,0.0,0.0,0.0,0.0,0.0,0.0,0.0,0.0,0.0,0.0,0.0,0.0,0.0,0.0,0.0,0.0,0.0,0.0,0.0,0.0,0.0,0.0,0.0,0.0,0.0,0.0,0.0,0.0,0.0,0.0,0.0,0.0,0.0,0.0,0.0,0.0,0.0,0.0,0.0,0.0,0.0,0.0,0.0,0.0,0.0,0.0,0.0,0.0,0.0,0.0,0.0,0.0,0.0,0.0,0.0,0.0,0.0,0.0,0.0,0.0,0.0,0.0,0.0,0.0,0.0,0.0,0.0,0.0,0.0,0.0,0.0,0.0,0.0,0.0,0.0,0.0,0.0,0.0,0.0,0.0,0.0,0.0,0.0,0.0,0.0,0.0,0.0,0.0,0.0,0.0,0.0,0.0,0.0,0.0,0.0,0.0,0.0,0.0,0.0,0.0,0.0,0.0,0.0,0.0,0.0,0.0,0.0,0.0,0.0,0.0,0.0,0.0,0.0,0.0,0.0,0.0,0.0,0.0,0.0,0.0,0.0,0.0,0.0,0.0,0.0,0.0,0.0,0.0,0.0,0.0,0.0,0.0,0.0,0.0,0.0,0.0,0.0,0.0,0.0,0.0,0.0,0.0,0.0,0.0,0.0,0.0,0.0,0.0,0.0,0.0,0.0,0.0,0.0,0.0,0.0,0.0,0.0,0.0,0.0,0.0,0.0,0.0,0.0,0.0,0.0,0.0,0.0,0.0,0.0,0.0,0.0,0.0,0.0,0.0,0.0,0.0,0.0,0.0,0.0,0.0,0.0,0.0,0.0,0.0,0.0,0.0,0.0,0.0,0.0,0.0,0.0,0.0,0.0,0.0,0.0,0.0,0.0,0.0,0.0,0.0,0.0,0.0,0.0,0.0,0.0,0.0,0.0,0.0,0.0,0.0,0.0,0.0,0.0,0.0,0.0,0.0,0.0,0.0
43,SPG_FOR,0.0,0.0,0.0,0.0,0.0,0.0,0.0,0.0,0.0,0.0,0.0,0.0,0.0,0.0,0.0,0.0,0.0,0.0,0.0,0.0,0.0,0.0,0.0,0.0,0.0,0.0,0.0,0.0,0.0,0.0,0.0,0.0,0.0,0.0,0.0,0.0,0.0,0.0,0.0,0.0,0.0,0.0,0.0,0.0,0.0,0.0,0.0,0.0,0.0,0.0,0.0,0.0,0.0,0.0,0.0,0.0,0.0,0.0,0.0,0.0,0.0,0.0,0.0,0.0,0.0,0.0,0.0,0.0,0.0,0.0,0.0,0.0,0.0,0.0,0.0,0.0,0.0,0.0,0.0,0.0,0.0,0.0,0.0,0.0,0.0,0.0,0.0,0.0,0.0,0.0,0.0,0.0,0.0,0.0,0.0,0.0,0.0,0.0,0.0,0.0,0.0,0.0,0.0,0.0,0.0,0.0,0.0,0.0,0.0,0.0,0.0,0.0,0.0,0.0,0.0,0.0,0.0,0.0,0.0,0.0,0.0,0.0,0.0,0.0,0.0,0.0,0.0,0.0,0.0,0.0,0.0,0.0,0.0,0.0,0.0,0.0,0.0,0.0,0.0,0.0,0.0,0.0,0.0,0.0,0.0,0.0,0.0,0.0,0.0,0.0,0.0,0.0,0.0,0.0,0.0,0.0,0.0,0.0,0.0,0.0,0.0,0.0,0.0,0.0,0.0,0.0,0.0,0.0,0.0,0.0,0.0,0.0,0.0,0.0,0.0,0.0,0.0,0.0,0.0,0.0,0.0,0.0,0.0,0.0,0.0,0.0,0.0,0.0,0.0,0.0,0.0,0.0,0.0,0.0,0.0,0.0,0.0,0.0,0.0,0.0,0.0,0.0,0.0,0.0,0.0,0.0,0.0,0.0,0.0,0.0,0.0,0.0,0.0,0.0,0.0,0.0,0.0,0.0,0.0,0.0,0.0,0.0,0.0,0.0,0.0,0.0,0.0,0.0,0.0,0.0,0.0,0.0,0.0,0.0,0.0,0.0,0.0,0.0,0.0,0.0,0.0,0.0,0.0,0.0,0.0,0.0,0.0,0.0,0.0,0.0,0.0,0.0,0.0,0.0,0.0,0.0,0.0,0.0,0.0,0.0,0.0,0.0,0.0,0.0,0.0,0.0,0.0,0.0,0.0,0.0,0.0,0.0,0.0,0.0,0.0,0.0,0.0,0.0,0.0,0.0,0.0,0.0,0.0,0.0,0.0,0.0,0.0,0.0,0.0,0.0,0.0,0.0,0.0,0.0,0.0,0.0,0.0,0.0,0.0,0.0
44,SPG_HSG,0.0,0.0,0.0,0.0,0.0,0.0,0.0,0.0,0.0,0.0,0.0,0.0,0.0,0.0,0.0,0.0,0.0,0.0,0.0,0.0,0.0,0.0,0.0,0.0,0.0,0.0,0.0,0.0,0.0,0.0,0.0,0.0,0.0,0.0,0.0,0.0,0.0,0.0,0.0,0.0,0.0,0.0,0.0,0.0,0.0,0.0,0.0,0.0,0.0,0.0,0.0,0.0,0.0,0.0,0.0,0.0,0.0,0.0,0.0,0.0,0.0,0.0,0.0,0.0,0.0,0.0,0.0,0.0,0.0,0.0,0.0,0.0,0.0,0.0,0.0,0.0,0.0,0.0,0.0,0.0,0.0,0.0,0.0,0.0,0.0,0.0,0.0,0.0,0.0,0.0,0.0,0.0,0.0,0.0,0.0,0.0,0.0,0.0,0.0,0.0,0.0,0.0,0.0,0.0,0.0,0.0,0.0,0.0,0.0,0.0,0.0,0.0,0.0,0.0,0.0,0.0,0.0,0.0,0.0,0.0,0.0,0.0,0.0,0.0,0.0,0.0,0.0,0.0,0.0,0.0,0.0,0.0,0.0,0.0,0.0,0.0,0.0,0.0,0.0,0.0,0.0,0.0,0.0,0.0,0.0,0.0,0.0,0.0,0.0,0.0,0.0,0.0,0.0,0.0,0.0,0.0,0.0,0.0,0.0,0.0,0.0,0.0,0.0,0.0,0.0,0.0,0.0,0.0,0.0,0.0,0.0,0.0,0.0,0.0,0.0,0.0,0.0,0.0,0.0,0.0,0.0,0.0,0.0,0.0,0.0,0.0,0.0,0.0,0.0,0.0,0.0,0.0,0.0,0.0,0.0,0.0,0.0,0.0,0.0,0.0,0.0,0.0,0.0,0.0,0.0,0.0,0.0,0.0,0.0,0.0,0.0,0.0,0.0,0.0,0.0,0.0,0.0,0.0,0.0,0.0,0.0,0.0,0.0,0.0,0.0,0.0,0.0,0.0,0.0,0.0,0.0,0.0,0.0,0.0,0.0,0.0,0.0,0.0,0.0,0.0,0.0,0.0,0.0,0.0,0.0,0.0,0.0,0.0,0.0,0.0,0.0,0.0,0.0,0.0,0.0,0.0,0.0,0.0,0.0,0.0,0.0,0.0,0.0,0.0,0.0,0.0,0.0,0.0,0.0,0.0,0.0,0.0,0.0,0.0,0.0,0.0,0.0,0.0,0.0,0.0,0.0,0.0,0.0,0.0,0.0,0.0,0.0,0.0,0.0,0.0,0.0,0.0,0.0,0.0,0.0,0.0,0.0,0.0,0.0,0.0
45,SPG_IRW,0.0,0.0,0.0,0.0,0.0,0.0,0.0,0.0,0.0,0.0,0.0,0.0,0.0,0.0,0.0,0.0,0.0,0.0,0.0,0.0,0.0,0.0,0.0,0.0,0.0,0.0,0.0,0.0,0.0,0.0,0.0,0.0,0.0,0.0,0.0,0.0,0.0,0.0,0.0,0.0,0.0,0.0,0.0,0.0,0.0,0.0,0.0,0.0,0.0,0.0,0.0,0.0,0.0,0.0,0.0,0.0,0.0,0.0,0.0,0.0,0.0,0.0,0.0,0.0,0.0,0.0,0.0,0.0,0.0,0.0,0.0,0.0,0.0,0.0,0.0,0.0,0.0,0.0,0.0,0.0,0.0,0.0,0.0,0.0,0.0,0.0,0.0,0.0,0.0,0.0,0.0,0.0,0.0,0.0,0.0,0.0,0.0,0.0,0.0,0.0,0.0,0.0,0.0,0.0,0.0,0.0,0.0,0.0,0.0,0.0,0.0,0.0,0.0,0.0,0.0,0.0,0.0,0.0,0.0,0.0,0.0,0.0,0.0,0.0,0.0,0.0,0.0,0.0,0.0,0.0,0.0,0.0,0.0,0.0,0.0,0.0,0.0,0.0,0.0,0.0,0.0,0.0,0.0,0.0,0.0,0.0,0.0,0.0,0.0,0.0,0.0,0.0,0.0,0.0,0.0,0.0,0.0,0.0,0.0,0.0,0.0,0.0,0.0,0.0,0.0,0.0,0.0,0.0,0.0,0.0,0.0,0.0,0.0,0.0,0.0,0.0,0.0,0.0,0.0,0.0,0.0,0.0,0.0,0.0,0.0,0.0,0.0,0.0,0.0,0.0,0.0,0.0,0.0,0.0,0.0,0.0,0.0,0.0,0.0,0.0,0.0,0.0,0.0,0.0,0.0,0.0,0.0,0.0,0.0,0.0,0.0,0.0,0.0,0.0,0.0,0.0,0.0,0.0,0.0,0.0,0.0,0.0,0.0,0.0,0.0,0.0,0.0,0.0,0.0,0.0,0.0,0.0,0.0,0.0,0.0,0.0,0.0,0.0,0.0,0.0,0.0,0.0,0.0,0.0,0.0,0.0,0.0,0.0,0.0,0.0,0.0,0.0,0.0,0.0,0.0,0.0,0.0,0.0,0.0,0.0,0.0,0.0,0.0,0.0,0.0,0.0,0.0,0.0,0.0,0.0,0.0,0.0,0.0,0.0,0.0,0.0,0.0,0.0,0.0,0.0,0.0,0.0,0.0,0.0,0.0,0.0,0.0,0.0,0.0,0.0,0.0,0.0,0.0,0.0,0.0,0.0,0.0,0.0,0.0,0.0
46,SPG_LIT,0.0,0.0,0.0,0.0,0.0,0.0,0.0,0.0,0.0,0.0,0.0,0.0,0.0,0.0,0.0,0.0,0.0,0.0,0.0,0.0,0.0,0.0,0.0,0.0,0.0,0.0,0.0,0.0,0.0,0.0,0.0,0.0,0.0,0.0,0.0,0.0,0.0,0.0,0.0,0.0,0.0,0.0,0.0,0.0,0.0,0.0,0.0,0.0,0.0,0.0,0.0,0.0,0.0,0.0,0.0,0.0,0.0,0.0,0.0,0.0,0.0,0.0,0.0,0.0,0.0,0.0,0.0,0.0,0.0,0.0,0.0,0.0,0.0,0.0,0.0,0.0,0.0,0.0,0.0,0.0,0.0,0.0,0.0,0.0,0.0,0.0,0.0,0.0,0.0,0.0,0.0,0.0,0.0,0.0,0.0,0.0,0.0,0.0,0.0,0.0,0.0,0.0,0.0,0.0,0.0,0.0,0.0,0.0,0.0,0.0,0.0,0.0,0.0,0.0,0.0,0.0,0.0,0.0,0.0,0.0,0.0,0.0,0.0,0.0,0.0,0.0,0.0,0.0,0.0,0.0,0.0,0.0,0.0,0.0,0.0,0.0,0.0,0.0,0.0,0.0,0.0,0.0,0.0,0.0,0.0,0.0,0.0,0.0,0.0,0.0,0.0,0.0,0.0,0.0,0.0,0.0,0.0,0.0,0.0,0.0,0.0,0.0,0.0,0.0,0.0,0.0,0.0,0.0,0.0,0.0,0.0,0.0,0.0,0.0,0.0,0.0,0.0,0.0,0.0,0.0,0.0,0.0,0.0,0.0,0.0,0.0,0.0,0.0,0.0,0.0,0.0,0.0,0.0,0.0,0.0,0.0,0.0,0.0,0.0,0.0,0.0,0.0,0.0,0.0,0.0,0.0,0.0,0.0,0.0,0.0,0.0,0.0,0.0,0.0,0.0,0.0,0.0,0.0,0.0,0.0,0.0,0.0,0.0,0.0,0.0,0.0,0.0,0.0,0.0,0.0,0.0,0.0,0.0,0.0,0.0,0.0,0.0,0.0,0.0,0.0,0.0,0.0,0.0,0.0,0.0,0.0,0.0,0.0,0.0,0.0,0.0,0.0,0.0,0.0,0.0,0.0,0.0,0.0,0.0,0.0,0.0,0.0,0.0,0.0,0.0,0.0,0.0,0.0,0.0,0.0,0.0,0.0,0.0,0.0,0.0,0.0,0.0,0.0,0.0,0.0,0.0,0.0,0.0,0.0,0.0,0.0,0.0,0.0,0.0,0.0,0.0,0.0,0.0,0.0,0.0,0.0,0.0,0.0,0.0,0.0
47,SPG_LOP,0.0,0.0,0.0,0.0,0.0,0.0,0.0,0.0,0.0,0.0,0.0,0.0,0.0,0.0,0.0,0.0,0.0,0.0,0.0,0.0,0.0,0.0,0.0,0.0,0.0,0.0,0.0,0.0,0.0,0.0,0.0,0.0,0.0,0.0,0.0,0.0,0.0,0.0,0.0,0.0,0.0,0.0,0.0,0.0,0.0,0.0,0.0,0.0,0.0,0.0,0.0,0.0,0.0,0.0,0.0,0.0,0.0,0.0,0.0,0.0,0.0,0.0,0.0,0.0,0.0,0.0,0.0,0.0,0.0,0.0,0.0,0.0,0.0,0.0,0.0,0.0,0.0,0.0,0.0,0.0,0.0,0.0,0.0,0.0,0.0,0.0,0.0,0.0,0.0,0.0,0.0,0.0,0.0,0.0,0.0,0.0,0.0,0.0,0.0,0.0,0.0,0.0,0.0,0.0,0.0,0.0,0.0,0.0,0.0,0.0,0.0,0.0,0.0,0.0,0.0,0.0,0.0,0.0,0.0,0.0,0.0,0.0,0.0,0.0,0.0,0.0,0.0,0.0,0.0,0.0,0.0,0.0,0.0,0.0,0.0,0.0,0.0,0.0,0.0,0.0,0.0,0.0,0.0,0.0,0.0,0.0,0.0,0.0,0.0,0.0,0.0,0.0,0.0,0.0,0.0,0.0,0.0,0.0,0.0,0.0,0.0,0.0,0.0,0.0,0.0,0.0,0.0,0.0,0.0,0.0,0.0,0.0,0.0,0.0,0.0,0.0,0.0,0.0,0.0,0.0,0.0,0.0,0.0,0.0,0.0,0.0,0.0,0.0,0.0,0.0,0.0,0.0,0.0,0.0,0.0,0.0,0.0,0.0,0.0,0.0,0.0,0.0,0.0,0.0,0.0,0.0,0.0,0.0,0.0,0.0,0.0,0.0,0.0,0.0,0.0,0.0,0.0,0.0,0.0,0.0,0.0,0.0,0.0,0.0,0.0,0.0,0.0,0.0,0.0,0.0,0.0,0.0,0.0,0.0,0.0,0.0,0.0,0.0,0.0,0.0,0.0,0.0,0.0,0.0,0.0,0.0,0.0,0.0,0.0,0.0,0.0,0.0,0.0,0.0,0.0,0.0,0.0,0.0,0.0,0.0,0.0,0.0,0.0,0.0,0.0,0.0,0.0,0.0,0.0,0.0,0.0,0.0,0.0,0.0,0.0,0.0,0.0,0.0,0.0,0.0,0.0,0.0,0.0,0.0,0.0,0.0,0.0,0.0,0.0,0.0,0.0,0.0,0.0,0.0,0.0,0.0,0.0,0.0,0.0,0.0
48,SPG_LOS,0.0,0.0,0.0,0.0,0.0,0.0,0.0,0.0,0.0,0.0,0.0,0.0,0.0,0.0,0.0,0.0,0.0,0.0,0.0,0.0,0.0,0.0,0.0,0.0,0.0,0.0,0.0,0.0,0.0,0.0,0.0,0.0,0.0,0.0,0.0,0.0,0.0,0.0,0.0,0.0,0.0,0.0,0.0,0.0,0.0,0.0,0.0,0.0,0.0,0.0,0.0,0.0,0.0,0.0,0.0,0.0,0.0,0.0,0.0,0.0,0.0,0.0,0.0,0.0,0.0,0.0,0.0,0.0,0.0,0.0,0.0,0.0,0.0,0.0,0.0,0.0,0.0,0.0,0.0,0.0,0.0,0.0,0.0,0.0,0.0,0.0,0.0,0.0,0.0,0.0,0.0,0.0,0.0,0.0,0.0,0.0,0.0,0.0,0.0,0.0,0.0,0.0,0.0,0.0,0.0,0.0,0.0,0.0,0.0,0.0,0.0,0.0,0.0,0.0,0.0,0.0,0.0,0.0,0.0,0.0,0.0,0.0,0.0,0.0,0.0,0.0,0.0,0.0,0.0,0.0,0.0,0.0,0.0,0.0,0.0,0.0,0.0,0.0,0.0,0.0,0.0,0.0,0.0,0.0,0.0,0.0,0.0,0.0,0.0,0.0,0.0,0.0,0.0,0.0,0.0,0.0,0.0,0.0,0.0,0.0,0.0,0.0,0.0,0.0,0.0,0.0,0.0,0.0,0.0,0.0,0.0,0.0,0.0,0.0,0.0,0.0,0.0,0.0,0.0,0.0,0.0,0.0,0.0,0.0,0.0,0.0,0.0,0.0,0.0,0.0,0.0,0.0,0.0,0.0,0.0,0.0,0.0,0.0,0.0,0.0,0.0,0.0,0.0,0.0,0.0,0.0,0.0,0.0,0.0,0.0,0.0,0.0,0.0,0.0,0.0,0.0,0.0,0.0,0.0,0.0,0.0,0.0,0.0,0.0,0.0,0.0,0.0,0.0,0.0,0.0,0.0,0.0,0.0,0.0,0.0,0.0,0.0,0.0,0.0,0.0,0.0,0.0,0.0,0.0,0.0,0.0,0.0,0.0,0.0,0.0,0.0,0.0,0.0,0.0,0.0,0.0,0.0,0.0,0.0,0.0,0.0,0.0,0.0,0.0,0.0,0.0,0.0,0.0,0.0,0.0,0.0,0.0,0.0,0.0,0.0,0.0,0.0,0.0,0.0,0.0,0.0,0.0,0.0,0.0,0.0,0.0,0.0,0.0,0.0,0.0,0.0,0.0,0.0,0.0,0.0,0.0,0.0,0.0,0.0,0.0
49,SPG_PCS,0.0,0.0,0.0,0.0,0.0,0.0,0.0,0.0,0.0,0.0,0.0,0.0,0.0,0.0,0.0,0.0,0.0,0.0,0.0,0.0,0.0,0.0,0.0,0.0,0.0,0.0,0.0,0.0,0.0,0.0,0.0,0.0,0.0,0.0,0.0,0.0,0.0,0.0,0.0,0.0,0.0,0.0,0.0,0.0,0.0,0.0,0.0,0.0,0.0,0.0,0.0,0.0,0.0,0.0,0.0,0.0,0.0,0.0,0.0,0.0,0.0,0.0,0.0,0.0,0.0,0.0,0.0,0.0,0.0,0.0,0.0,0.0,0.0,0.0,0.0,0.0,0.0,0.0,0.0,0.0,0.0,0.0,0.0,0.0,0.0,0.0,0.0,0.0,0.0,0.0,0.0,0.0,0.0,0.0,0.0,0.0,0.0,0.0,0.0,0.0,0.0,0.0,0.0,0.0,0.0,0.0,0.0,0.0,0.0,0.0,0.0,0.0,0.0,0.0,0.0,0.0,0.0,0.0,0.0,0.0,0.0,0.0,0.0,0.0,0.0,0.0,0.0,0.0,0.0,0.0,0.0,0.0,0.0,0.0,0.0,0.0,0.0,0.0,0.0,0.0,0.0,0.0,0.0,0.0,0.0,0.0,0.0,0.0,0.0,0.0,0.0,0.0,0.0,0.0,0.0,0.0,0.0,0.0,0.0,0.0,0.0,0.0,0.0,0.0,0.0,0.0,0.0,0.0,0.0,0.0,0.0,0.0,0.0,0.0,0.0,0.0,0.0,0.0,0.0,0.0,0.0,0.0,0.0,0.0,0.0,0.0,0.0,0.0,0.0,0.0,0.0,0.0,0.0,0.0,0.0,0.0,0.0,0.0,0.0,0.0,0.0,0.0,0.0,0.0,0.0,0.0,0.0,0.0,0.0,0.0,0.0,0.0,0.0,0.0,0.0,0.0,0.0,0.0,0.0,0.0,0.0,0.0,0.0,0.0,0.0,0.0,0.0,0.0,0.0,0.0,0.0,0.0,0.0,0.0,0.0,0.0,0.0,0.0,0.0,0.0,0.0,0.0,0.0,0.0,0.0,0.0,0.0,0.0,0.0,0.0,0.0,0.0,0.0,0.0,0.0,0.0,0.0,0.0,0.0,0.0,0.0,0.0,0.0,0.0,0.0,0.0,0.0,0.0,0.0,0.0,0.0,0.0,0.0,0.0,0.0,0.0,0.0,0.0,0.0,0.0,0.0,0.0,0.0,0.0,0.0,0.0,0.0,0.0,0.0,0.0,0.0,0.0,0.0,0.0,0.0,0.0,0.0,0.0,0.0,0.0
50,SPG_PEC,0.0,0.0,0.0,0.0,0.0,0.0,0.0,0.0,0.0,0.0,0.0,0.0,0.0,0.0,0.0,0.0,0.0,0.0,0.0,0.0,0.0,0.0,0.0,0.0,0.0,0.0,0.0,0.0,0.0,0.0,0.0,0.0,0.0,0.0,0.0,0.0,0.0,0.0,0.0,0.0,0.0,0.0,0.0,0.0,0.0,0.0,0.0,0.0,0.0,0.0,0.0,0.0,0.0,0.0,0.0,0.0,0.0,0.0,0.0,0.0,0.0,0.0,0.0,0.0,0.0,0.0,0.0,0.0,0.0,0.0,0.0,0.0,0.0,0.0,0.0,0.0,0.0,0.0,0.0,0.0,0.0,0.0,0.0,0.0,0.0,0.0,0.0,0.0,0.0,0.0,0.0,0.0,0.0,0.0,0.0,0.0,0.0,0.0,0.0,0.0,0.0,0.0,0.0,0.0,0.0,0.0,0.0,0.0,0.0,0.0,0.0,0.0,0.0,0.0,0.0,0.0,0.0,0.0,0.0,0.0,0.0,0.0,0.0,0.0,0.0,0.0,0.0,0.0,0.0,0.0,0.0,0.0,0.0,0.0,0.0,0.0,0.0,0.0,0.0,0.0,0.0,0.0,0.0,0.0,0.0,0.0,0.0,0.0,0.0,0.0,0.0,0.0,0.0,0.0,0.0,0.0,0.0,0.0,0.0,0.0,0.0,0.0,0.0,0.0,0.0,0.0,0.0,0.0,0.0,0.0,0.0,0.0,0.0,0.0,0.0,0.0,0.0,0.0,0.0,0.0,0.0,0.0,0.0,0.0,0.0,0.0,0.0,0.0,0.0,0.0,0.0,0.0,0.0,0.0,0.0,0.0,0.0,0.0,0.0,0.0,0.0,0.0,0.0,0.0,0.0,0.0,0.0,0.0,0.0,0.0,0.0,0.0,0.0,0.0,0.0,0.0,0.0,0.0,0.0,0.0,0.0,0.0,0.0,0.0,0.0,0.0,0.0,0.0,0.0,0.0,0.0,0.0,0.0,0.0,0.0,0.0,0.0,0.0,0.0,0.0,0.0,0.0,0.0,0.0,0.0,0.0,0.0,0.0,0.0,0.0,0.0,0.0,0.0,0.0,0.0,0.0,0.0,0.0,0.0,0.0,0.0,0.0,0.0,0.0,0.0,0.0,0.0,0.0,0.0,0.0,0.0,0.0,0.0,0.0,0.0,0.0,0.0,0.0,0.0,0.0,0.0,0.0,0.0,0.0,0.0,0.0,0.0,0.0,0.0,0.0,0.0,0.0,0.0,0.0,0.0,0.0,0.0,0.0,0.0,0.0
51,SPG_RSF,0.0,0.0,0.0,0.0,0.0,0.0,0.0,0.0,0.0,0.0,0.0,0.0,0.0,0.0,0.0,0.0,0.0,0.0,0.0,0.0,0.0,0.0,0.0,0.0,0.0,0.0,0.0,0.0,0.0,0.0,0.0,0.0,0.0,0.0,0.0,0.0,0.0,0.0,0.0,0.0,0.0,0.0,0.0,0.0,0.0,0.0,0.0,0.0,0.0,0.0,0.0,0.0,0.0,0.0,0.0,0.0,0.0,0.0,0.0,0.0,0.0,0.0,0.0,0.0,0.0,0.0,0.0,0.0,0.0,0.0,0.0,0.0,0.0,0.0,0.0,0.0,0.0,0.0,0.0,0.0,0.0,0.0,0.0,0.0,0.0,0.0,0.0,0.0,0.0,0.0,0.0,0.0,0.0,0.0,0.0,0.0,0.0,0.0,0.0,0.0,0.0,0.0,0.0,0.0,0.0,0.0,0.0,0.0,0.0,0.0,0.0,0.0,0.0,0.0,0.0,0.0,0.0,0.0,0.0,0.0,0.0,0.0,0.0,0.0,0.0,0.0,0.0,0.0,0.0,0.0,0.0,0.0,0.0,0.0,0.0,0.0,0.0,0.0,0.0,0.0,0.0,0.0,0.0,0.0,0.0,0.0,0.0,0.0,0.0,0.0,0.0,0.0,0.0,0.0,0.0,0.0,0.0,0.0,0.0,0.0,0.0,0.0,0.0,0.0,0.0,0.0,0.0,0.0,0.0,0.0,0.0,0.0,0.0,0.0,0.0,0.0,0.0,0.0,0.0,0.0,0.0,0.0,0.0,0.0,0.0,0.0,0.0,0.0,0.0,0.0,0.0,0.0,0.0,0.0,0.0,0.0,0.0,0.0,0.0,0.0,0.0,0.0,0.0,0.0,0.0,0.0,0.0,0.0,0.0,0.0,0.0,0.0,0.0,0.0,0.0,0.0,0.0,0.0,0.0,0.0,0.0,0.0,0.0,0.0,0.0,0.0,0.0,0.0,0.0,0.0,0.0,0.0,0.0,0.0,0.0,0.0,0.0,0.0,0.0,0.0,0.0,0.0,0.0,0.0,0.0,0.0,0.0,0.0,0.0,0.0,0.0,0.0,0.0,0.0,0.0,0.0,0.0,0.0,0.0,0.0,0.0,0.0,0.0,0.0,0.0,0.0,0.0,0.0,0.0,0.0,0.0,0.0,0.0,0.0,0.0,0.0,0.0,0.0,0.0,0.0,0.0,0.0,0.0,0.0,0.0,0.0,0.0,0.0,0.0,0.0,0.0,0.0,0.0,0.0,0.0,0.0,0.0,0.0,0.0,0.0
52,SPG_SAW,0.0,0.0,0.0,0.0,0.0,0.0,0.0,0.0,0.0,0.0,0.0,0.0,0.0,0.0,0.0,0.0,0.0,0.0,0.0,0.0,0.0,0.0,0.0,0.0,0.0,0.0,0.0,0.0,0.0,0.0,0.0,0.0,0.0,0.0,0.0,0.0,0.0,0.0,0.0,0.0,0.0,0.0,0.0,0.0,0.0,0.0,0.0,0.0,0.0,0.0,0.0,0.0,0.0,0.0,0.0,0.0,0.0,0.0,0.0,0.0,0.0,0.0,0.0,0.0,0.0,0.0,0.0,0.0,0.0,0.0,0.0,0.0,0.0,0.0,0.0,0.0,0.0,0.0,0.0,0.0,0.0,0.0,0.0,0.0,0.0,0.0,0.0,0.0,0.0,0.0,0.0,0.0,0.0,0.0,0.0,0.0,0.0,0.0,0.0,0.0,0.0,0.0,0.0,0.0,0.0,0.0,0.0,0.0,0.0,0.0,0.0,0.0,0.0,0.0,0.0,0.0,0.0,0.0,0.0,0.0,0.0,0.0,0.0,0.0,0.0,0.0,0.0,0.0,0.0,0.0,0.0,0.0,0.0,0.0,0.0,0.0,0.0,0.0,0.0,0.0,0.0,0.0,0.0,0.0,0.0,0.0,0.0,0.0,0.0,0.0,0.0,0.0,0.0,0.0,0.0,0.0,0.0,0.0,0.0,0.0,0.0,0.0,0.0,0.0,0.0,0.0,0.0,0.0,0.0,0.0,0.0,0.0,0.0,0.0,0.0,0.0,0.0,0.0,0.0,0.0,0.0,0.0,0.0,0.0,0.0,0.0,0.0,0.0,0.0,0.0,0.0,0.0,0.0,0.0,0.0,0.0,0.0,0.0,0.0,0.0,0.0,0.0,0.0,0.0,0.0,0.0,0.0,0.0,0.0,0.0,0.0,0.0,0.0,0.0,0.0,0.0,0.0,0.0,0.0,0.0,0.0,0.0,0.0,0.0,0.0,0.0,0.0,0.0,0.0,0.0,0.0,0.0,0.0,0.0,0.0,0.0,0.0,0.0,0.0,0.0,0.0,0.0,0.0,0.0,0.0,0.0,0.0,0.0,0.0,0.0,0.0,0.0,0.0,0.0,0.0,0.0,0.0,0.0,0.0,0.0,0.0,0.0,0.0,0.0,0.0,0.0,0.0,0.0,0.0,0.0,0.0,0.0,0.0,0.0,0.0,0.0,0.0,0.0,0.0,0.0,0.0,0.0,0.0,0.0,0.0,0.0,0.0,0.0,0.0,0.0,0.0,0.0,0.0,0.0,0.0,0.0,0.0,0.0,0.0,0.0
53,SPG_SFG,0.0,0.0,0.0,0.0,0.0,0.0,0.0,0.0,0.0,0.0,0.0,0.0,0.0,0.0,0.0,0.0,0.0,0.0,0.0,0.0,0.0,0.0,0.0,0.0,0.0,0.0,0.0,0.0,0.0,0.0,0.0,0.0,0.0,0.0,0.0,0.0,0.0,0.0,0.0,0.0,0.0,0.0,0.0,0.0,0.0,0.0,0.0,0.0,0.0,0.0,0.0,0.0,0.0,0.0,0.0,0.0,0.0,0.0,0.0,0.0,0.0,0.0,0.0,0.0,0.0,0.0,0.0,0.0,0.0,0.0,0.0,0.0,0.0,0.0,0.0,0.0,0.0,0.0,0.0,0.0,0.0,0.0,0.0,0.0,0.0,0.0,0.0,0.0,0.0,0.0,0.0,0.0,0.0,0.0,0.0,0.0,0.0,0.0,0.0,0.0,0.0,0.0,0.0,0.0,0.0,0.0,0.0,0.0,0.0,0.0,0.0,0.0,0.0,0.0,0.0,0.0,0.0,0.0,0.0,0.0,0.0,0.0,0.0,0.0,0.0,0.0,0.0,0.0,0.0,0.0,0.0,0.0,0.0,0.0,0.0,0.0,0.0,0.0,0.0,0.0,0.0,0.0,0.0,0.0,0.0,0.0,0.0,0.0,0.0,0.0,0.0,0.0,0.0,0.0,0.0,0.0,0.0,0.0,0.0,0.0,0.0,0.0,0.0,0.0,0.0,0.0,0.0,0.0,0.0,0.0,0.0,0.0,0.0,0.0,0.0,0.0,0.0,0.0,0.0,0.0,0.0,0.0,0.0,0.0,0.0,0.0,0.0,0.0,0.0,0.0,0.0,0.0,0.0,0.0,0.0,0.0,0.0,0.0,0.0,0.0,0.0,0.0,0.0,0.0,0.0,0.0,0.0,0.0,0.0,0.0,0.0,0.0,0.0,0.0,0.0,0.0,0.0,0.0,0.0,0.0,0.0,0.0,0.0,0.0,0.0,0.0,0.0,0.0,0.0,0.0,0.0,0.0,0.0,0.0,0.0,0.0,0.0,0.0,0.0,0.0,0.0,0.0,0.0,0.0,0.0,0.0,0.0,0.0,0.0,0.0,0.0,0.0,0.0,0.0,0.0,0.0,0.0,0.0,0.0,0.0,0.0,0.0,0.0,0.0,0.0,0.0,0.0,0.0,0.0,0.0,0.0,0.0,0.0,0.0,0.0,0.0,0.0,0.0,0.0,0.0,0.0,0.0,0.0,0.0,0.0,0.0,0.0,0.0,0.0,0.0,0.0,0.0,0.0,0.0,0.0,0.0,0.0,0.0,0.0,0.0
54,SPG_SGC,0.0,0.0,0.0,0.0,0.0,0.0,0.0,0.0,0.0,0.0,0.0,0.0,0.0,0.0,0.0,0.0,0.0,0.0,0.0,0.0,0.0,0.0,0.0,0.0,0.0,0.0,0.0,0.0,0.0,0.0,0.0,0.0,0.0,0.0,0.0,0.0,0.0,0.0,0.0,0.0,0.0,0.0,0.0,0.0,0.0,0.0,0.0,0.0,0.0,0.0,0.0,0.0,0.0,0.0,0.0,0.0,0.0,0.0,0.0,0.0,0.0,0.0,0.0,0.0,0.0,0.0,0.0,0.0,0.0,0.0,0.0,0.0,0.0,0.0,0.0,0.0,0.0,0.0,0.0,0.0,0.0,0.0,0.0,0.0,0.0,0.0,0.0,0.0,0.0,0.0,0.0,0.0,0.0,0.0,0.0,0.0,0.0,0.0,0.0,0.0,0.0,0.0,0.0,0.0,0.0,0.0,0.0,0.0,0.0,0.0,0.0,0.0,0.0,0.0,0.0,0.0,0.0,0.0,0.0,0.0,0.0,0.0,0.0,0.0,0.0,0.0,0.0,0.0,0.0,0.0,0.0,0.0,0.0,0.0,0.0,0.0,0.0,0.0,0.0,0.0,0.0,0.0,0.0,0.0,0.0,0.0,0.0,0.0,0.0,0.0,0.0,0.0,0.0,0.0,0.0,0.0,0.0,0.0,0.0,0.0,0.0,0.0,0.0,0.0,0.0,0.0,0.0,0.0,0.0,0.0,0.0,0.0,0.0,0.0,0.0,0.0,0.0,0.0,0.0,0.0,0.0,0.0,0.0,0.0,0.0,0.0,0.0,0.0,0.0,0.0,0.0,0.0,0.0,0.0,0.0,0.0,0.0,0.0,0.0,0.0,0.0,0.0,0.0,0.0,0.0,0.0,0.0,0.0,0.0,0.0,0.0,0.0,0.0,0.0,0.0,0.0,0.0,0.0,0.0,0.0,0.0,0.0,0.0,0.0,0.0,0.0,0.0,0.0,0.0,0.0,0.0,0.0,0.0,0.0,0.0,0.0,0.0,0.0,0.0,0.0,0.0,0.0,0.0,0.0,0.0,0.0,0.0,0.0,0.0,0.0,0.0,0.0,0.0,0.0,0.0,0.0,0.0,0.0,0.0,0.0,0.0,0.0,0.0,0.0,0.0,0.0,0.0,0.0,0.0,0.0,0.0,0.0,0.0,0.0,0.0,0.0,0.0,0.0,0.0,0.0,0.0,0.0,0.0,0.0,0.0,0.0,0.0,0.0,0.0,0.0,0.0,0.0,0.0,0.0,0.0,0.0,0.0,0.0,0.0,0.0
55,SPG_SGY,0.0,0.0,0.0,0.0,0.0,0.0,0.0,0.0,0.0,0.0,0.0,0.0,0.0,0.0,0.0,0.0,0.0,0.0,0.0,0.0,0.0,0.0,0.0,0.0,0.0,0.0,0.0,0.0,0.0,0.0,0.0,0.0,0.0,0.0,0.0,0.0,0.0,0.0,0.0,0.0,0.0,0.0,0.0,0.0,0.0,0.0,0.0,0.0,0.0,0.0,0.0,0.0,0.0,0.0,0.0,0.0,0.0,0.0,0.0,0.0,0.0,0.0,0.0,0.0,0.0,0.0,0.0,0.0,0.0,0.0,0.0,0.0,0.0,0.0,0.0,0.0,0.0,0.0,0.0,0.0,0.0,0.0,0.0,0.0,0.0,0.0,0.0,0.0,0.0,0.0,0.0,0.0,0.0,0.0,0.0,0.0,0.0,0.0,0.0,0.0,0.0,0.0,0.0,0.0,0.0,0.0,0.0,0.0,0.0,0.0,0.0,0.0,0.0,0.0,0.0,0.0,0.0,0.0,0.0,0.0,0.0,0.0,0.0,0.0,0.0,0.0,0.0,0.0,0.0,0.0,0.0,0.0,0.0,0.0,0.0,0.0,0.0,0.0,0.0,0.0,0.0,0.0,0.0,0.0,0.0,0.0,0.0,0.0,0.0,0.0,0.0,0.0,0.0,0.0,0.0,0.0,0.0,0.0,0.0,0.0,0.0,0.0,0.0,0.0,0.0,0.0,0.0,0.0,0.0,0.0,0.0,0.0,0.0,0.0,0.0,0.0,0.0,0.0,0.0,0.0,0.0,0.0,0.0,0.0,0.0,0.0,0.0,0.0,0.0,0.0,0.0,0.0,0.0,0.0,0.0,0.0,0.0,0.0,0.0,0.0,0.0,0.0,0.0,0.0,0.0,0.0,0.0,0.0,0.0,0.0,0.0,0.0,0.0,0.0,0.0,0.0,0.0,0.0,0.0,0.0,0.0,0.0,0.0,0.0,0.0,0.0,0.0,0.0,0.0,0.0,0.0,0.0,0.0,0.0,0.0,0.0,0.0,0.0,0.0,0.0,0.0,0.0,0.0,0.0,0.0,0.0,0.0,0.0,0.0,0.0,0.0,0.0,0.0,0.0,0.0,0.0,0.0,0.0,0.0,0.0,0.0,0.0,0.0,0.0,0.0,0.0,0.0,0.0,0.0,0.0,0.0,0.0,0.0,0.0,0.0,0.0,0.0,0.0,0.0,0.0,0.0,0.0,0.0,0.0,0.0,0.0,0.0,0.0,0.0,0.0,0.0,0.0,0.0,0.0,0.0,0.0,0.0,0.0,0.0,0.0
56,SPG_SMD,0.0,0.0,0.0,0.0,0.0,0.0,0.0,0.0,0.0,0.0,0.0,0.0,0.0,0.0,0.0,0.0,0.0,0.0,0.0,0.0,0.0,0.0,0.0,0.0,0.0,0.0,0.0,0.0,0.0,0.0,0.0,0.0,0.0,0.0,0.0,0.0,0.0,0.0,0.0,0.0,0.0,0.0,0.0,0.0,0.0,0.0,0.0,0.0,0.0,0.0,0.0,0.0,0.0,0.0,0.0,0.0,0.0,0.0,0.0,0.0,0.0,0.0,0.0,0.0,0.0,0.0,0.0,0.0,0.0,0.0,0.0,0.0,0.0,0.0,0.0,0.0,0.0,0.0,0.0,0.0,0.0,0.0,0.0,0.0,0.0,0.0,0.0,0.0,0.0,0.0,0.0,0.0,0.0,0.0,0.0,0.0,0.0,0.0,0.0,0.0,0.0,0.0,0.0,0.0,0.0,0.0,0.0,0.0,0.0,0.0,0.0,0.0,0.0,0.0,0.0,0.0,0.0,0.0,0.0,0.0,0.0,0.0,0.0,0.0,0.0,0.0,0.0,0.0,0.0,0.0,0.0,0.0,0.0,0.0,0.0,0.0,0.0,0.0,0.0,0.0,0.0,0.0,0.0,0.0,0.0,0.0,0.0,0.0,0.0,0.0,0.0,0.0,0.0,0.0,0.0,0.0,0.0,0.0,0.0,0.0,0.0,0.0,0.0,0.0,0.0,0.0,0.0,0.0,0.0,0.0,0.0,0.0,0.0,0.0,0.0,0.0,0.0,0.0,0.0,0.0,0.0,0.0,0.0,0.0,0.0,0.0,0.0,0.0,0.0,0.0,0.0,0.0,0.0,0.0,0.0,0.0,0.0,0.0,0.0,0.0,0.0,0.0,0.0,0.0,0.0,0.0,0.0,0.0,0.0,0.0,0.0,0.0,0.0,0.0,0.0,0.0,0.0,0.0,0.0,0.0,0.0,0.0,0.0,0.0,0.0,0.0,0.0,0.0,0.0,0.0,0.0,0.0,0.0,0.0,0.0,0.0,0.0,0.0,0.0,0.0,0.0,0.0,0.0,0.0,0.0,0.0,0.0,0.0,0.0,0.0,0.0,0.0,0.0,0.0,0.0,0.0,0.0,0.0,0.0,0.0,0.0,0.0,0.0,0.0,0.0,0.0,0.0,0.0,0.0,0.0,0.0,0.0,0.0,0.0,0.0,0.0,0.0,0.0,0.0,0.0,0.0,0.0,0.0,0.0,0.0,0.0,0.0,0.0,0.0,0.0,0.0,0.0,0.0,0.0,0.0,0.0,0.0,0.0,0.0,0.0
57,SPG_SND,0.0,0.0,0.0,0.0,0.0,0.0,0.0,0.0,0.0,0.0,0.0,0.0,0.0,0.0,0.0,0.0,0.0,0.0,0.0,0.0,0.0,0.0,0.0,0.0,0.0,0.0,0.0,0.0,0.0,0.0,0.0,0.0,0.0,0.0,0.0,0.0,0.0,0.0,0.0,0.0,0.0,0.0,0.0,0.0,0.0,0.0,0.0,0.0,0.0,0.0,0.0,0.0,0.0,0.0,0.0,0.0,0.0,0.0,0.0,0.0,0.0,0.0,0.0,0.0,0.0,0.0,0.0,0.0,0.0,0.0,0.0,0.0,0.0,0.0,0.0,0.0,0.0,0.0,0.0,0.0,0.0,0.0,0.0,0.0,0.0,0.0,0.0,0.0,0.0,0.0,0.0,0.0,0.0,0.0,0.0,0.0,0.0,0.0,0.0,0.0,0.0,0.0,0.0,0.0,0.0,0.0,0.0,0.0,0.0,0.0,0.0,0.0,0.0,0.0,0.0,0.0,0.0,0.0,0.0,0.0,0.0,0.0,0.0,0.0,0.0,0.0,0.0,0.0,0.0,0.0,0.0,0.0,0.0,0.0,0.0,0.0,0.0,0.0,0.0,0.0,0.0,0.0,0.0,0.0,0.0,0.0,0.0,0.0,0.0,0.0,0.0,0.0,0.0,0.0,0.0,0.0,0.0,0.0,0.0,0.0,0.0,0.0,0.0,0.0,0.0,0.0,0.0,0.0,0.0,0.0,0.0,0.0,0.0,0.0,0.0,0.0,0.0,0.0,0.0,0.0,0.0,0.0,0.0,0.0,0.0,0.0,0.0,0.0,0.0,0.0,0.0,0.0,0.0,0.0,0.0,0.0,0.0,0.0,0.0,0.0,0.0,0.0,0.0,0.0,0.0,0.0,0.0,0.0,0.0,0.0,0.0,0.0,0.0,0.0,0.0,0.0,0.0,0.0,0.0,0.0,0.0,0.0,0.0,0.0,0.0,0.0,0.0,0.0,0.0,0.0,0.0,0.0,0.0,0.0,0.0,0.0,0.0,0.0,0.0,0.0,0.0,0.0,0.0,0.0,0.0,0.0,0.0,0.0,0.0,0.0,0.0,0.0,0.0,0.0,0.0,0.0,0.0,0.0,0.0,0.0,0.0,0.0,0.0,0.0,0.0,0.0,0.0,0.0,0.0,0.0,0.0,0.0,0.0,0.0,0.0,0.0,0.0,0.0,0.0,0.0,0.0,0.0,0.0,0.0,0.0,0.0,0.0,0.0,0.0,0.0,0.0,0.0,0.0,0.0,0.0,0.0,0.0,0.0,0.0,0.0
58,SPG_TUJ,0.0,0.0,0.0,0.0,0.0,0.0,0.0,0.0,0.0,0.0,0.0,0.0,0.0,0.0,0.0,0.0,0.0,0.0,0.0,0.0,0.0,0.0,0.0,0.0,0.0,0.0,0.0,0.0,0.0,0.0,0.0,0.0,0.0,0.0,0.0,0.0,0.0,0.0,0.0,0.0,0.0,0.0,0.0,0.0,0.0,0.0,0.0,0.0,0.0,0.0,0.0,0.0,0.0,0.0,0.0,0.0,0.0,0.0,0.0,0.0,0.0,0.0,0.0,0.0,0.0,0.0,0.0,0.0,0.0,0.0,0.0,0.0,0.0,0.0,0.0,0.0,0.0,0.0,0.0,0.0,0.0,0.0,0.0,0.0,0.0,0.0,0.0,0.0,0.0,0.0,0.0,0.0,0.0,0.0,0.0,0.0,0.0,0.0,0.0,0.0,0.0,0.0,0.0,0.0,0.0,0.0,0.0,0.0,0.0,0.0,0.0,0.0,0.0,0.0,0.0,0.0,0.0,0.0,0.0,0.0,0.0,0.0,0.0,0.0,0.0,0.0,0.0,0.0,0.0,0.0,0.0,0.0,0.0,0.0,0.0,0.0,0.0,0.0,0.0,0.0,0.0,0.0,0.0,0.0,0.0,0.0,0.0,0.0,0.0,0.0,0.0,0.0,0.0,0.0,0.0,0.0,0.0,0.0,0.0,0.0,0.0,0.0,0.0,0.0,0.0,0.0,0.0,0.0,0.0,0.0,0.0,0.0,0.0,0.0,0.0,0.0,0.0,0.0,0.0,0.0,0.0,0.0,0.0,0.0,0.0,0.0,0.0,0.0,0.0,0.0,0.0,0.0,0.0,0.0,0.0,0.0,0.0,0.0,0.0,0.0,0.0,0.0,0.0,0.0,0.0,0.0,0.0,0.0,0.0,0.0,0.0,0.0,0.0,0.0,0.0,0.0,0.0,0.0,0.0,0.0,0.0,0.0,0.0,0.0,0.0,0.0,0.0,0.0,0.0,0.0,0.0,0.0,0.0,0.0,0.0,0.0,0.0,0.0,0.0,0.0,0.0,0.0,0.0,0.0,0.0,0.0,0.0,0.0,0.0,0.0,0.0,0.0,0.0,0.0,0.0,0.0,0.0,0.0,0.0,0.0,0.0,0.0,0.0,0.0,0.0,0.0,0.0,0.0,0.0,0.0,0.0,0.0,0.0,0.0,0.0,0.0,0.0,0.0,0.0,0.0,0.0,0.0,0.0,0.0,0.0,0.0,0.0,0.0,0.0,0.0,0.0,0.0,0.0,0.0,0.0,0.0,0.0,0.0,0.0,0.0
59,SPG_WAL,0.0,0.0,0.0,0.0,0.0,0.0,0.0,0.0,0.0,0.0,0.0,0.0,0.0,0.0,0.0,0.0,0.0,0.0,0.0,0.0,0.0,0.0,0.0,0.0,0.0,0.0,0.0,0.0,0.0,0.0,0.0,0.0,0.0,0.0,0.0,0.0,0.0,0.0,0.0,0.0,0.0,0.0,0.0,0.0,0.0,0.0,0.0,0.0,0.0,0.0,0.0,0.0,0.0,0.0,0.0,0.0,0.0,0.0,0.0,0.0,0.0,0.0,0.0,0.0,0.0,0.0,0.0,0.0,0.0,0.0,0.0,0.0,0.0,0.0,0.0,0.0,0.0,0.0,0.0,0.0,0.0,0.0,0.0,0.0,0.0,0.0,0.0,0.0,0.0,0.0,0.0,0.0,0.0,0.0,0.0,0.0,0.0,0.0,0.0,0.0,0.0,0.0,0.0,0.0,0.0,0.0,0.0,0.0,0.0,0.0,0.0,0.0,0.0,0.0,0.0,0.0,0.0,0.0,0.0,0.0,0.0,0.0,0.0,0.0,0.0,0.0,0.0,0.0,0.0,0.0,0.0,0.0,0.0,0.0,0.0,0.0,0.0,0.0,0.0,0.0,0.0,0.0,0.0,0.0,0.0,0.0,0.0,0.0,0.0,0.0,0.0,0.0,0.0,0.0,0.0,0.0,0.0,0.0,0.0,0.0,0.0,0.0,0.0,0.0,0.0,0.0,0.0,0.0,0.0,0.0,0.0,0.0,0.0,0.0,0.0,0.0,0.0,0.0,0.0,0.0,0.0,0.0,0.0,0.0,0.0,0.0,0.0,0.0,0.0,0.0,0.0,0.0,0.0,0.0,0.0,0.0,0.0,0.0,0.0,0.0,0.0,0.0,0.0,0.0,0.0,0.0,0.0,0.0,0.0,0.0,0.0,0.0,0.0,0.0,0.0,0.0,0.0,0.0,0.0,0.0,0.0,0.0,0.0,0.0,0.0,0.0,0.0,0.0,0.0,0.0,0.0,0.0,0.0,0.0,0.0,0.0,0.0,0.0,0.0,0.0,0.0,0.0,0.0,0.0,0.0,0.0,0.0,0.0,0.0,0.0,0.0,0.0,0.0,0.0,0.0,0.0,0.0,0.0,0.0,0.0,0.0,0.0,0.0,0.0,0.0,0.0,0.0,0.0,0.0,0.0,0.0,0.0,0.0,0.0,0.0,0.0,0.0,0.0,0.0,0.0,0.0,0.0,0.0,0.0,0.0,0.0,0.0,0.0,0.0,0.0,0.0,0.0,0.0,0.0,0.0,0.0,0.0,0.0,0.0,0.0
60,SUR_ASE,1187.516951,4813.689562,2597.529603,1911.622138,660.9369201,364.4636754,282.2837627,182.9542718,1042.277079,278.2888527,650.256526,244.1559517,924.0787256,786.0694562,750.3260675,252.8912862,153.9423567,129.1125257,149.4310555,136.5330347,193.5894208,2074.732317,1905.39832,1818.144835,2391.921063,1998.513889,1580.914293,2896.654865,795.4382088,361.4630056,214.2513508,218.593807,168.2707923,100.6099357,758.4397613,3040.084652,932.2063107,2951.097091,1015.120648,375.0474968,250.371296,160.2907085,159.6031799,151.1955049,516.5069414,269.2910455,331.7856795,114.9545872,1187.516951,2154.673882,278.2861705,900.1488732,729.6703093,239.5428025,236.9163264,165.8540624,155.7935631,119.9897549,296.7514351,55.52427759,869.2289228,4813.689562,13330.31601,1932.11071,657.4215459,304.0291675,226.827825,147.1657581,163.1008812,436.6073509,101.5527882,1886.646038,2627.01251,24729.72521,14504.76005,2395.178758,880.2381221,422.255117,553.0924278,233.8170035,163.0030456,943.3772946,175.6364646,4407.500317,32442.61237,22479.53895,6807.29932,1943.420847,711.7491374,1151.338765,312.8710118,172.0895392,133.7021279,157.6923395,467.2350379,611.4500962,266.4759325,2292.440888,1683.117142,894.5536897,556.3013002,318.8496016,217.5877208,182.6996268,142.166897,474.7318282,328.5095847,492.4140409,24037.05991,7584.921705,17718.0323,2695.906972,853.997354,1177.980698,451.0812212,264.8789282,178.9026048,122.9220706,52.54952137,465.871274,1305.13849,9266.025999,5765.621627,1502.305976,606.728487,292.6717814,219.2782799,179.6103745,158.2520242,577.656245,1284.91891,4323.020492,6505.54312,1274.746115,530.4167798,328.9496968,223.8112081,153.8501155,155.844894,148.8617098,356.0062815,138.2015783,1239.764772,2121.183686,2142.005198,35157.68593,8794.18056,4119.561368,4960.957484,766.0364723,492.6097694,307.1542727,176.7069522,101.1317804,598.3693342,237.2831767,958.9447527,632.6122531,728.8642057,1758.238845,482.2525896,554.7513014,247.0559169,207.2155023,165.1300328,148.636228,142.3332283,149.8919881,432.3172468,7240.164754,4388.352657,2641.900676,763.203968,388.2408737,259.6466413,267.1246088,270.8525588,558.2755632,101.0650206,53.20762372,2498.684415,7403.081794,3300.562223,1949.89975,645.812561,361.8777672,283.0606634,188.8060345,146.4861084,117.1150406,915.4025059,614.5693921,721.2161011,275.7015114,357.6603703,140.4336966,180.7696597,134.4694743,143.1464311,145.697139,228.7477782,108.6443892,1401.391567,1965.872435,249.1076394,5440.306514,5079.212843,2088.275321,1709.739713,526.9434243,308.2461329,226.2275986,172.6604191,355.9346612,389.2727271,1063.359736,378.5837854,5083.335664,2311.14954,560.6088333,322.6299219,187.464292,176.9037758,164.6711866,163.7871611,5962.914525,1397.385732,10043.49098,30642.0754,23715.32382,6369.074786,1911.622138,1082.818669,526.0264809,364.092325,212.1004197,221.2228135,1092.490136,121.1140198,824.3100961,1694.776157,1764.233235,4168.857767,5112.018593,1308.963655,594.4094167,348.2366907,195.2924703,162.1185393,141.1742449,59.43263657,366.2616895,290.6995188,922.7616743,161.6467237,433.581566,188.1832084,182.0791378,256.2671957,255.1810313,779.0078766,319.2433036,297.5138006,1334.962323,15650.74522,4281.406412,1243.5452,532.7817086,498.9058071,282.5554864,280.4723214,236.9484807,177.0697923,144.3735081,1445.806704,1478.006837,605.8553535,4557.754621,828.2416995,429.5160245,330.2731206,174.2852637,261.6524132,246.0162761,201.4613998,871.0664197,108.5923747,1634.953212,6427.308003,6071.324028,2597.529603,2043.708568,654.5357474,362.6285848,267.1011383,223.5784001,147.0541334,906.1942411,653.2629366,13418.55846
61,SUR_BAL,5088.452932,13249.96147,6425.13485,3364.192014,1678.340932,1046.742898,1363.316451,1014.047969,7661.442332,1642.194718,4113.026059,1401.957752,5088.452932,3869.547148,3609.627551,864.9787852,581.2063658,855.6153149,854.3858746,1128.484565,1039.854081,9028.350856,4084.76539,6904.037888,8508.183814,6955.196246,1600.0784,8513.177969,1348.289229,1195.879573,1090.091054,1483.211212,1027.786082,605.9434492,3445.385792,9664.568002,1881.576327,8186.857075,3847.598246,895.1320567,863.3085464,765.2923579,1105.610027,1048.435357,1487.787597,1602.120009,1737.708124,547.8768688,4759.400855,13249.96147,1053.089387,2286.509818,3954.10097,1199.646623,1640.266973,1348.316129,1084.508435,880.7579536,1830.479271,651.282167,5471.365944,15267.99018,22710.61265,2147.465452,1408.787479,879.0634307,963.9939623,777.5840967,736.5286129,2008.53576,595.0178937,11671.63649,9492.815008,40260.00799,28457.4946,3013.03364,1516.177642,1057.305019,1576.615252,1046.916121,884.254005,4371.630843,715.8072086,17029.97384,65442.77931,44534.03628,12024.13262,2752.747475,1617.911484,4517.950288,1146.737011,847.8116479,754.5105393,831.1854201,2747.28097,2949.075093,1578.497223,14498.99691,5733.204215,2541.235029,1045.835792,942.412927,1128.388912,1195.304745,1022.808371,1714.738183,2785.605265,4007.02963,69609.47931,9713.973406,33473.01064,5286.490813,2420.166134,2560.336595,1175.098546,1129.214884,1116.610458,749.1338719,373.480509,4422.751463,9039.590085,23147.14004,10774.9307,3364.192014,1477.066604,1134.179634,1267.922482,1175.003735,1009.334214,4554.353032,7675.174688,20326.84925,24791.71077,2392.439707,1550.203625,1082.570341,1039.618565,1200.31584,1206.630815,1086.516962,1873.768592,827.8227642,8061.582929,12525.87199,15268.14725,74220.54233,19780.46727,7212.385393,11639.94897,1955.371762,1438.277261,1234.158048,954.8321936,622.2938356,4191.477914,1493.420207,4970.359813,2071.814852,5191.99683,8072.835054,1268.686608,2922.912818,1193.913702,1049.044608,897.2435778,817.1831029,1613.804602,926.14472,2900.513046,24565.48505,11262.34621,7910.887635,1419.076979,1179.219375,1153.233638,1256.45029,1347.91455,3867.341803,677.901654,434.0798519,17509.79288,33022.6875,8829.238516,5799.838687,1289.801747,1108.887215,1177.124091,971.2991864,766.8739377,661.5468659,5624.746628,4308.568353,3584.254131,1473.204996,1498.419495,428.5160507,752.9761302,700.0335068,868.802351,874.7601797,908.5421492,560.0102811,7739.029607,11595.73557,848.3165976,19320.98162,17981.80984,4782.972016,4350.644966,791.0308503,1065.049597,1175.806993,937.9659778,1567.551961,2623.930544,5675.711617,1743.55206,21773.72856,4669.400648,1363.435736,1094.313224,833.5766556,930.6855959,990.5827657,979.3980146,20310.15488,2588.850938,33671.74751,62223.23342,59898.94439,10837.80299,5616.528043,2169.729782,1151.442344,1185.757029,1053.007584,1476.486001,5184.927947,1401.785482,5728.322823,6251.971018,8679.332295,11024.46385,9849.030679,3441.339775,1282.532691,1502.639659,1166.184434,1069.176172,1297.358144,892.6040452,2218.200576,933.3720733,3862.624266,506.7126544,1861.659097,409.5704826,389.026937,524.1349431,561.7425642,2877.440527,2992.465919,1825.977471,5841.397734,30901.93917,7035.541657,1590.219052,973.5152062,1134.917883,624.5064337,698.6358635,576.0078922,459.9414744,395.2548748,5242.875355,8906.600025,1873.29709,13929.53709,1699.054597,843.933665,697.2683483,685.5107422,587.2904206,630.8791454,515.3744102,6295.298286,429.1336687,9449.770839,18488.65166,21026.41604,3497.800136,5695.963155,1190.594497,754.6186833,615.3202013,589.3815248,489.7401814,4054.116191,2440.849579,40968.38073
62,SUR_BAC,5121.391903,13376.31398,6430.063119,3393.070821,1689.955707,1051.676145,1369.17237,1018.493164,7680.741552,1651.658697,4142.265228,1412.089277,5121.391903,3889.939842,3632.345548,869.3209581,583.4639855,858.7208054,857.0707021,1133.039256,1044.109137,9047.960022,4122.710378,6928.913568,8524.396355,6999.981475,1616.651719,8518.915942,1352.98394,1201.090552,1095.259449,1487.223907,1032.23977,609.5681603,3460.254876,9734.112964,1899.6461,8211.353165,3875.512523,899.6905351,866.6853359,768.3317013,1110.583693,1052.942028,1495.437124,1606.256438,1753.028155,541.4263726,4774.143311,13376.31398,1060.935627,2295.544927,3982.080958,1205.38552,1648.592113,1354.099088,1090.327663,885.8066209,1846.621269,657.1218426,5505.244521,15286.00341,22886.58601,2163.544557,1417.788627,882.9765759,968.7414185,780.4208818,740.2947456,2014.374812,598.2119258,11739.06318,9546.032417,40431.43577,28615.82091,3034.448086,1526.053999,1062.440954,1585.979001,1051.934288,889.6483351,4393.104285,721.5284043,17118.99834,65983.45493,44891.90982,12122.81403,2776.657673,1629.629281,4536.336639,1153.442002,851.8415741,758.4624277,834.8256878,2766.006014,2977.594397,1587.876269,14684.63644,5761.0231,2552.96966,1050.284924,945.8041763,1133.440077,1200.447707,1028.805616,1719.562382,2809.511256,4032.196059,70010.16645,9791.034427,33709.20952,5352.153083,2452.869542,2575.10528,1179.988885,1134.407172,1122.682755,753.0377138,376.0789091,4470.032218,9071.507499,23284.36521,10826.99501,3393.070821,1485.542771,1139.175328,1272.855474,1179.769852,1015.444942,4591.681633,7743.203427,20461.8687,25030.75234,2416.730565,1561.552725,1088.481133,1043.738968,1204.011775,1211.37496,1091.157872,1879.364931,833.3599481,8118.354375,12645.53921,15360.83164,74723.88104,19883.30064,7314.929706,11740.32447,1967.61346,1445.460414,1239.164385,959.8856377,626.2199012,4194.417783,1514.642137,4993.031051,2088.391734,5238.237996,8113.849595,1248.162162,2952.701846,1197.562191,1053.70327,901.5347504,820.7763178,1626.031762,927.9788834,2922.797359,24705.23858,11303.36053,7961.099038,1428.074531,1184.769032,1158.848538,1262.199382,1355.155343,3900.200661,682.763005,436.9597137,17538.42101,33208.64744,8896.010801,5835.021108,1296.72251,1112.714293,1182.884094,974.9090638,769.7765857,665.5157954,5646.671459,4348.166446,3590.859721,1492.470475,1501.62513,430.2378658,755.3038938,702.4130786,871.6915567,878.3370553,912.1385865,563.0584048,7805.52921,11666.69467,853.4482375,19407.31698,18112.56546,4791.180561,4377.863354,794.352314,1068.90217,1180.068948,942.5787031,1546.834419,2672.670785,5689.552572,1755.721098,21866.00655,4731.243724,1370.925945,1100.550409,837.0619152,934.2960591,994.9496309,984.5149936,20408.98946,2602.415742,33762.06404,62538.44195,60270.89536,10881.84732,5632.70188,2178.056773,1155.979618,1189.968503,1056.440123,1482.185494,5215.285101,1412.644168,5730.791075,6335.971244,8692.721385,11075.47549,9896.854118,3455.990092,1288.184745,1509.964017,1171.980024,1074.764525,1301.428348,900.4572167,2237.333175,937.5496494,3877.874296,509.1586881,1868.559636,410.8321336,390.2345924,525.5716583,563.6811869,2889.734174,3013.231869,1821.27325,5894.076662,31051.10577,7088.757887,1600.641724,979.0112258,1139.706557,626.760876,701.2694631,578.496045,461.9783585,397.0052819,5274.992182,8962.875395,1882.225496,14005.93304,1707.045129,848.2481706,700.5622,688.95563,588.8664591,632.0000844,518.2669293,6341.01066,431.9763608,9499.321627,18600.68647,21137.77545,3520.009046,5733.483328,1198.082124,758.8309953,618.1691041,591.5237866,491.9191175,4078.553585,2450.66638,41223.80665
63,SUR_SDL,327.3516567,935.8230852,458.7746196,313.6507648,63.34395029,34.71256749,32.97483647,36.02056217,343.9424534,59.84071858,137.7442417,55.45158125,407.1246702,135.551935,116.4194457,39.67994683,21.48200331,22.2585638,17.26939111,26.75816046,33.52404652,433.0887021,230.8869589,285.783619,514.547848,348.7460546,440.064126,381.704629,92.54007119,32.36005502,30.06562552,27.05447696,46.69883851,26.11371559,158.2818041,598.6211584,154.6357485,700.3755856,146.6424203,40.78865152,27.08624686,23.54763079,33.28177649,34.2842831,75.55722259,56.12746636,81.08204224,33.48866464,233.34308,491.4394607,58.25598613,156.2396935,130.6997253,31.55769627,45.16962357,40.12009241,45.99318949,36.86034109,72.13621811,19.18354265,327.3516567,1049.887117,2528.67464,661.2492252,76.61024848,28.50759964,27.1227361,29.04982912,37.11010394,93.84090943,25.77618893,239.4450398,390.4880187,2971.135211,3481.205158,652.6124662,72.47976392,33.21485431,74.57327339,38.75891647,38.02288878,272.3837412,33.5185177,758.341887,8083.787542,5987.859584,1120.188763,520.756804,47.96900465,156.0825944,33.36219524,29.37808058,32.72472219,30.27014638,87.80299678,106.6621947,68.31100181,358.9053588,266.8081606,107.1985442,28.04107654,32.67386443,34.97363187,42.6910533,42.02030917,114.2103796,127.5299524,138.5536417,4183.056124,1078.805147,4566.288248,709.9503549,88.95677353,134.3949282,40.52653645,39.61670518,36.03962272,31.23448853,18.84224086,94.65670576,394.9580203,2861.094623,1224.389508,364.9578989,45.55737413,31.8995962,34.24617091,38.68968228,38.91898446,130.14547,368.8100536,579.4760999,2625.299887,444.6784208,43.5686742,29.96180731,28.56756953,33.24316928,30.40301472,32.93773905,100.8680404,31.78208482,270.0711739,307.6933683,469.524982,6747.232458,1444.792516,765.6789975,1609.757311,175.7408332,48.49396236,57.27832843,31.10349125,21.35021556,117.2973002,41.77695986,170.7579333,113.451785,70.3168596,165.4641171,53.60700189,39.60322188,35.14441381,34.57691459,31.41316347,39.24222673,25.61780918,27.83343569,59.69319083,1004.954758,483.2069648,277.5354777,76.36208117,37.02847372,33.25360595,38.74727772,46.22334092,125.8346416,19.6622399,13.95019415,351.1188526,1190.758828,839.0447439,313.6507648,51.62422156,33.47356829,34.86952448,32.02914374,29.64773732,29.90035647,235.88673,174.1688594,148.8833548,40.39394377,104.9586774,17.00220601,30.36275336,19.97765699,25.45186378,28.16621872,33.46633765,178.5020052,207.9319351,255.3031851,26.8577767,580.2523138,1135.662597,752.2255474,449.5592122,50.75482876,31.79278055,37.81521612,36.28448977,46.83725973,46.81664118,204.2487162,41.79289057,683.5348614,458.7746196,50.074142,34.44487711,23.52930499,27.3258163,31.20789116,36.34972684,1150.030596,195.19361,601.7296904,5751.529663,4446.985968,1384.677729,670.9146822,388.256465,41.83189238,35.85169921,37.38952962,45.70371851,203.7277382,26.76325922,205.2931824,33.03600881,285.5924864,455.311579,1465.457266,283.7696973,45.14544245,44.57719256,34.78458042,40.45580608,30.56119177,28.02965257,50.0418092,48.91533872,231.7523381,41.0029628,144.2307247,41.40437678,48.20343971,68.31148661,70.7752924,97.36704946,69.63804459,129.4866899,269.7913491,2469.660783,1209.82578,437.0770844,42.66457742,151.5882666,61.25442733,75.37288169,68.73658662,56.73524066,55.9851117,194.4724124,295.3705816,73.99096801,1287.190281,398.7524225,45.54525404,42.89035057,32.033273,66.33797846,70.78888,68.89807512,137.0294901,33.81006848,357.2350717,757.7920733,1638.101171,796.9254384,521.4750047,43.68900435,41.26813041,52.15660704,65.67296273,61.08387757,183.9437141,150.2440024,4762.001673
64,SUR_BDU,17.74392867,100.5908596,196.5919771,199.9199839,258.1199848,125.9486141,62.26162927,10.57175282,4.214131237,7.880999423,3.619639318,2.354710561,13.14785456,5.836403052,15.33206616,10.06083092,2.524007957,0.522177442,0.111766564,0.0,0.0,6.927334911,59.38248933,61.48768887,73.61116379,109.0823714,161.4679572,120.3414306,136.0990356,71.460017,47.25342658,1.369419974,0.415868804,0.072297806,1.903207467,32.14605709,67.40473748,185.5468767,196.5919771,119.7616033,64.70042315,30.4117342,1.012610427,0.189750804,0.147704627,0.160312256,0.27363976,0.133993411,7.81728762,28.90128873,61.48768966,48.02931346,12.12754944,9.405102725,2.279684275,0.487860377,0.039666815,0.010729072,0.323967679,0.097663576,7.556333704,7.804307964,393.8646532,372.2016448,269.2458921,136.142577,63.62504277,15.49730947,0.219625311,0.753000405,0.724140336,2.004332355,47.19730306,220.617572,1134.88594,362.3843613,269.8402907,138.8209183,64.21284595,20.80696988,0.433882287,2.311620896,8.475103809,50.55374913,1487.652481,1554.020081,523.170503,332.2689701,238.0626956,130.8208079,70.02470532,38.96189203,1.080110767,0.289382531,0.455034151,1.311046158,1.104927667,35.83384206,54.69818263,59.50421538,51.02203572,9.289539686,2.336693509,0.484748999,0.078704337,1.157886019,0.72059521,0.612695098,895.033949,704.6408007,1614.691911,355.5194356,280.6797307,158.2684915,81.5136587,51.62486363,1.393021147,0.342246612,0.062482771,0.414681892,2.64089947,259.9347906,711.2271876,318.2609073,225.23038,99.65430571,57.64168671,0.701470487,0.137522239,0.358208243,7.545016221,48.61168085,186.9416902,280.0881669,227.0493162,106.3843852,61.48768953,3.741658644,0.435309078,0.019515433,0.204424224,0.048465429,3.233929798,36.66775421,53.46358111,1342.757191,738.4599463,398.5018324,710.1230895,298.5299257,186.4008375,76.70634358,36.38156703,0.470624473,0.794438667,0.827165514,1.902032222,13.25871206,7.869024996,21.92609357,13.21142371,6.630438868,1.847844893,0.370624628,0.061124146,0.0,0.0,0.0,0.336636186,35.79445273,168.0827964,136.0326239,102.5003025,60.25981202,26.64011558,1.019054361,0.326835706,0.604762893,0.770172912,0.16417771,17.74392867,137.6410095,272.5585172,211.9046417,137.329664,63.56947503,28.22528858,0.645394287,0.108512736,0.0,0.980056006,2.947752956,3.799449031,6.168974798,5.531379526,2.343125509,0.791846279,0.202418484,0.005559106,0.0,0.0,0.0,30.43353866,40.27621025,25.98325707,53.03239088,393.3147443,312.1447172,258.9166205,151.3703535,70.51022705,33.50231732,0.656158786,0.200497379,0.179268252,4.318236583,8.772548435,23.68243896,146.2071953,93.63796123,61.54218805,15.54294214,0.68443498,0.094755823,0.0,26.75663707,87.69067195,91.18301918,2456.775029,2153.74852,699.6657736,331.7225893,275.3781041,167.0417368,74.89006875,36.81141173,0.721739521,1.601004932,0.758444628,0.459088025,8.49955751,6.781821214,74.71284752,519.4547657,328.0062403,215.1771357,101.0624796,55.47181707,0.676822011,0.1561692,0.067647456,0.292496158,0.253771718,2.545268425,5.513770378,2.957279511,1.632463301,0.283154701,0.03734552,0.0,0.191841068,0.140299592,0.183584043,15.43288118,424.5888485,426.2810706,319.9185594,199.9199839,89.01470485,59.50421562,5.719709235,0.642561461,0.119890554,0.020762705,0.935631781,19.65763758,24.54202547,100.5908596,174.5457025,97.39726963,61.48769017,9.562945598,0.457880407,0.104116163,0.011858076,2.463284553,1.249049312,39.84150811,111.0543818,310.2319671,405.7906113,280.092793,187.9623521,79.03085804,44.06470458,0.608187314,0.14191447,0.441170279,1.908776475,638.6910339
65,SUR_BDS,27.04357016,162.1440083,306.2935993,217.0683282,299.1552451,136.7102283,65.05509788,11.96154469,8.67201098,13.24301087,6.410701019,4.050639127,21.02345763,9.39835254,24.30568653,16.14795862,4.517477934,1.257441735,0.435073728,0.288869642,0.27931634,12.30590112,95.3715034,92.5619605,130.6662748,162.1440083,229.6560733,183.1515805,182.3040238,84.22189253,51.03953782,2.732813885,1.062426938,0.393904894,3.392693152,66.03819758,120.7350659,360.496682,271.9375343,152.1690469,75.16308062,33.805279,2.36478608,0.823111441,0.677837412,0.604513595,0.728823743,0.410804671,12.17224173,64.52435828,92.14643299,63.11938525,20.35998572,15.64110087,4.544601084,1.374998348,0.6593037,0.383988683,0.791921382,0.321734449,12.8615209,33.48040034,701.9877598,512.7676555,309.1373693,146.565999,66.3075371,16.75742166,0.768932932,1.761397362,1.39884624,3.644411317,74.94110956,448.3603175,1663.094257,514.4727415,314.1877706,150.3702405,69.15694994,22.78096895,1.206517316,5.962473704,14.66452635,100.7865953,2634.081729,2277.85166,842.0887535,457.2135717,274.2769829,174.6353379,84.45642893,43.07412885,2.485141203,0.831776671,0.997328915,2.263166072,1.968695111,59.90756154,95.32321105,92.53292994,71.53003815,15.20439021,4.379648088,1.414248232,0.5929861,2.167232822,1.398922932,1.171325751,1526.724653,1016.97767,2273.514808,534.9114499,341.4996266,191.9255231,98.38640368,56.22960898,3.046888108,0.97265579,0.287700338,0.800481033,7.613004769,593.8647224,1074.787482,415.887985,258.130828,108.1058132,60.01449401,1.801521611,0.640846726,0.925972937,15.10498558,115.5022228,476.2161157,439.9264423,279.9630732,120.9297941,65.5152964,5.873651106,1.278759341,0.501767764,0.708810876,0.360071802,6.023967577,62.98586907,109.1766065,2287.272378,1146.485166,583.357485,1120.818131,365.1521971,205.4188604,81.88482818,38.21859455,1.162932273,1.516531734,1.517969114,3.387580872,22.35713602,13.62402372,38.34277223,23.32536215,12.09294244,3.867439166,1.21189843,0.470406429,0.334347552,0.190239817,0.190034959,0.694710384,111.9443043,306.2935993,211.0111142,145.0607348,73.93073401,31.05199296,2.519446908,0.974116146,1.225787968,1.491892645,0.430724525,27.04357016,224.2632885,402.7378563,290.5205315,170.7436776,72.51532805,31.27668883,1.704881069,0.521079542,0.248783702,1.942431341,5.091268041,7.021635228,10.80641897,9.710458419,4.237404275,1.698763164,0.719820915,0.35371281,0.263628218,0.256158782,0.160247145,55.07401961,66.81702394,40.7754225,128.3964817,791.7844765,397.5546945,333.5371162,174.2829626,78.56769353,35.89019603,1.679091788,0.712991779,0.441146614,8.921744153,14.28783947,66.49453212,220.7011743,117.6038667,69.23835966,18.08832548,1.625410664,0.580153821,0.416033859,67.74884867,139.9260961,148.711078,3804.407001,3142.639531,1069.608829,453.0501698,368.5181313,193.6485062,82.47597607,39.10017061,1.740800769,2.787799384,1.298665036,0.978213156,13.40541356,13.48331677,195.3801994,1018.884194,430.1423338,248.0982992,110.0580572,57.94986367,1.789331836,0.610077334,0.326124528,0.627304498,0.565711761,4.080275061,7.737609233,4.534125169,2.714353988,0.909637088,0.723368695,0.700079706,0.971606689,0.644221747,0.62808168,20.96449885,645.0086968,574.6244379,382.7679029,217.0683282,98.2436483,64.055664,8.09917176,1.704905716,0.746834219,0.485133854,1.705046231,23.20986838,28.2735033,163.7710322,211.3130534,107.1414623,63.90206215,10.85283579,1.260227571,0.810557729,0.65581449,4.098055041,1.976621249,53.92095544,167.8606119,467.3915449,531.4345808,328.3397827,204.5798344,83.2445207,45.3643279,1.561595538,0.758208382,0.963734418,2.683593824,929.2877247
66,SUR_BTD,198.5674907,1806.020288,2443.458613,1293.492495,719.5078446,192.3666427,93.40210965,78.53280747,92.64370954,88.16093129,92.00265899,81.1526885,175.7902102,86.20412913,181.7919755,99.17600522,54.66928227,37.52802067,36.08444048,38.63584856,68.34571152,163.4156067,1040.136123,742.4167248,1284.723474,791.853865,1870.730702,1013.374345,964.0879136,248.9410382,99.45255385,73.88743731,81.32346032,68.03264145,62.04903797,588.391843,849.8938006,1806.020288,673.0881541,242.8422573,86.78636037,49.08380998,56.09896307,75.75057157,85.07933309,80.64621803,59.12546986,52.36806654,198.5674907,297.9112833,278.341513,91.06857553,56.6031135,52.68926696,69.28415686,78.49784291,88.36072724,82.22173004,69.70058905,47.26291371,83.02760112,349.2467826,10142.04034,6600.289809,1085.731231,253.2025278,99.34420828,69.06707847,70.38528533,92.6940607,71.60788842,97.22930787,1612.67831,24627.30633,15097.16242,7601.432803,1682.044115,404.811372,133.6444879,69.40657259,58.46733855,71.5425843,102.3590415,884.1150494,41525.37138,34323.719,10939.88902,4953.948475,1089.894779,353.8203905,137.8778253,61.52535525,53.96657201,56.76975396,57.46325363,62.48698775,44.37051891,429.9173818,555.8481403,403.4158064,213.049555,92.81468297,66.03351403,55.99682783,59.73972835,98.98687802,104.00819,89.93925346,16917.93059,9934.806988,20740.90884,6397.194932,1420.769686,380.6083798,174.3834627,101.0678617,83.64620015,75.03186518,49.62617554,54.10398599,55.20529896,3914.776565,7177.383691,1769.408777,523.4348739,148.4260487,81.67203154,72.53296959,73.97340138,71.87710405,143.9313515,1492.041679,2473.708367,2254.628581,613.2151033,170.4000605,74.35868355,48.06002758,49.71090245,59.71047567,69.75234026,67.82422485,88.32321977,691.2402359,581.5881702,35716.69911,10376.46277,5505.394836,5981.914042,2076.068554,507.986643,204.0733618,140.746463,70.04523965,69.83948582,67.90425604,58.06663446,163.1891558,101.2950862,274.3469265,136.8974633,82.7508093,67.74353489,86.89826501,95.78512897,121.4204933,98.49182442,63.16572999,53.9656755,2652.467509,4799.427992,1574.742079,905.6134646,248.0643936,115.5144437,111.5872653,86.36576069,62.60935157,47.53439666,33.36142868,191.0443288,2751.835992,3835.890855,1293.492495,561.2768896,164.4964068,86.88583946,71.75296075,77.38981319,76.95714504,65.8996448,64.57343688,56.19520598,65.14071819,89.51062055,70.61945122,49.38236582,55.92519085,69.85987679,94.19537778,92.33949717,79.69238648,165.1793953,265.5874112,214.6406206,2055.837683,4028.200075,2015.92363,1413.793216,400.3318627,142.6164978,87.39789124,67.17979501,81.10285241,72.59799399,91.23386355,136.1109111,654.8253421,2088.767193,440.5826074,147.3994965,66.15905494,56.39562545,81.15909266,76.9299277,1470.369641,2239.568729,2664.83128,33910.86756,28942.57504,12312.59388,4515.426588,1694.230885,492.8261467,168.4964841,110.8734522,88.88038453,77.72749808,50.1633167,40.86655391,480.9273893,164.416254,1922.17089,5652.378503,1704.394205,468.3707027,153.207012,73.55390172,71.88386443,83.45832093,63.21254037,51.85309918,42.94054538,38.33692792,67.20643037,60.81161378,70.2615558,90.86313403,169.4050581,162.7518908,180.2197368,96.84845506,61.81960837,98.21542388,6614.599115,8735.912679,2443.458613,526.9966184,220.266554,195.3657426,180.6880563,146.2357729,118.0906643,77.5248433,67.86260538,171.6077193,150.4584869,1215.583863,1040.120813,293.982892,129.2031027,78.94296214,107.058242,122.0282195,104.5728221,90.44965098,59.38331239,379.0323574,2565.753868,6309.649257,3633.96386,1516.921281,674.0311224,218.9790687,143.5778247,128.9058095,124.4042673,85.58693714,60.15475809,4642.695085
67,SUR_BRF,226.1858871,548.0565091,296.0721428,181.4489834,69.25861717,53.8765199,83.53730101,65.21337438,167.4606244,62.45178071,167.2792832,58.41543111,226.1858871,143.3676332,179.1361405,34.00221159,44.79659651,64.40301837,54.99772063,73.66747514,57.63903953,1213.063029,383.7590918,337.577432,328.2271926,525.6897562,222.7680359,475.9293892,76.71092109,71.81560036,69.89467233,63.40678176,54.56390222,35.43277249,139.5621631,577.7792909,102.8637065,403.4606058,150.8573707,41.18355338,40.76249238,46.28889308,73.66688366,70.10783619,106.9798891,71.33155611,93.44946254,28.15502561,368.2881794,377.1040578,58.32222815,173.5215362,127.6033577,65.49597264,102.8042632,86.47579773,68.0439216,52.61824916,107.4279484,33.84054316,295.0024636,569.0823938,1003.093088,181.4489834,68.59067549,48.96991775,52.20842656,51.3845747,42.88910615,113.6976277,30.67767407,553.7705552,550.1426858,2871.612119,1163.542416,202.5088453,76.98456443,53.50969577,82.47120287,65.97911796,54.34768509,209.6789653,132.4068542,694.6991841,2558.758126,1714.885299,621.1126709,201.5809298,70.3417396,198.7938361,66.66692931,52.64398408,47.36060332,95.70100588,111.6461389,211.7911812,79.15104848,484.8832375,290.7056737,72.93199876,32.0888997,51.10966656,72.57783515,79.33057038,63.8466211,191.1357487,112.9041111,191.6132126,2062.238341,402.4985923,1226.909223,285.1404872,116.7278419,111.4520856,65.50540513,72.58525945,79.11005138,43.78358444,20.11173233,135.6062832,94.3348749,663.1611929,224.3286316,55.30611865,61.52365166,64.13596904,83.16947877,79.29254654,63.5062193,96.69678712,303.484725,688.3841637,608.179254,142.0867474,54.63021644,45.86676178,57.09855542,63.5046709,80.82367021,72.91496046,102.5951896,46.35573273,270.1431104,545.9267554,331.226795,2023.382044,672.4075565,260.9741136,518.1209192,68.33855201,67.31774539,71.87082561,95.10445766,37.11211709,136.6252168,38.63891611,171.5250128,116.4348036,189.8307768,243.7681248,37.0527988,130.7186948,66.74087625,63.80702319,51.69017609,49.94455571,38.68963529,25.71328822,82.03343653,728.1005939,345.8736826,368.4633355,62.88382239,62.9323333,68.19713195,89.82276694,58.03903569,136.8484125,123.9498206,19.7794916,661.9566065,918.229195,506.0552525,245.5392589,58.51867124,58.13263259,68.09047439,62.2965558,48.78083225,43.38344455,173.3164329,69.06644139,120.0990258,47.82225379,38.88451865,19.12495666,34.96437045,43.15809247,57.85016098,58.14970311,74.62305832,35.21931659,305.3752474,353.4225618,32.65301406,836.9163686,327.6935613,306.6129658,238.458326,40.14145379,65.66992457,72.97313476,60.66443418,60.90837017,86.85021543,149.7004986,61.64749224,674.7388448,227.9783678,48.06163339,53.61043217,49.54050484,62.05954123,67.81197966,64.1742695,1087.187683,156.3439296,1127.04504,2684.69539,2403.008341,544.2556237,171.9440062,184.5496001,56.81004175,71.27011471,73.33633556,61.64870858,252.6687136,36.96209141,273.574698,198.9959206,296.3890481,605.8122789,685.8853046,137.972679,68.40307522,92.15114506,69.56352795,66.392061,43.27198155,31.10355324,88.82853608,48.88008189,251.0972933,55.54921253,86.53716891,21.00025114,22.08082408,31.51084907,32.60864338,173.8670388,95.71187191,28.48739914,262.4954402,1420.622617,330.9741455,47.45751849,35.90437327,52.81753294,29.56612518,35.538703,31.46688643,25.44818341,19.11633505,250.6562923,376.6443324,63.86947916,871.2123674,71.0338381,44.73947123,33.17350914,17.91085052,30.03960925,30.43587341,27.12487633,192.0539756,15.59095662,374.3371163,982.0154067,634.581798,331.4840771,285.9788412,48.23235048,32.21098536,29.34340564,30.49063542,25.69809277,217.2870387,254.449905,1427.497358
68,SUR_BVS,213.1015742,1061.914795,477.5466345,269.4180114,105.137053,35.6701541,33.7434871,22.01435041,284.753379,36.31644095,137.1206366,50.50290355,185.644962,141.8126078,109.8777423,17.82798143,12.73532477,29.09710577,8.033039194,12.52844669,15.85154509,389.3795966,165.4762402,306.6621614,518.4453307,258.3607833,169.6476976,269.4180114,776.8459829,21.20325634,16.97835592,14.96706874,30.20878861,17.89108943,124.134544,459.8491123,82.21196756,283.4210608,101.4199182,28.65717412,17.07044982,14.20866405,16.22106264,16.06317817,41.70325618,25.7715193,37.96091537,19.56791789,213.1015742,370.3934752,42.08206134,30.83099067,156.1656489,22.29834127,23.14791721,18.01726521,21.49237618,22.76383475,35.72396096,14.32612423,255.0549383,600.6414864,9780.976131,17714.14862,1258.823175,29.20467441,21.36550039,17.84661518,17.79345088,72.26955361,24.30525542,264.5619891,357.9299386,71502.52712,63510.53265,16743.62611,1272.058338,36.18668921,56.97004514,22.84242683,22.02406443,172.7249356,26.66959757,1209.38657,161971.087,155421.7539,26689.21518,9370.901382,81.59246467,204.9136629,31.90932877,21.33427334,18.58219306,18.53652395,73.44330846,132.5103357,57.33456033,305.0124002,194.5362993,139.086766,22.57108735,24.90766286,19.95494871,21.52158405,22.06900109,72.29013614,84.81215201,121.5240606,50387.37324,39561.80056,80313.07696,12624.81692,547.2853404,127.1749272,37.99200656,28.3574534,21.76474538,20.41899063,15.14873238,108.6571762,383.1751087,2542.105545,25579.06564,4912.085903,47.34111508,28.31428682,22.90589865,19.00254224,18.57031863,142.504747,322.6022392,535.1764465,1803.532709,7471.973431,295.3163935,24.89660445,19.09108565,12.24811037,13.93357833,14.6070635,94.64882498,22.99202989,232.2927233,296.8123509,400.422003,73473.6515,30637.55745,20632.05925,33924.47353,5147.096716,58.5481803,40.41962923,24.24281152,19.57818234,115.2556277,26.30654875,133.3951834,77.13365787,82.22082024,207.0389419,42.91550307,78.30809821,21.03435276,19.89276938,16.29017156,29.52936541,23.87065417,52.1800112,84.1721857,1061.914795,477.5466345,373.7598461,65.11544828,38.15460726,25.60130289,23.41668032,29.0205114,112.230373,16.08318985,13.99191313,477.3742247,1318.252805,256.9147793,258.8815731,49.56307915,36.74050639,26.87721038,19.58177615,17.3624519,19.37003745,250.4865334,165.650568,130.8008354,49.63625683,57.74272812,10.39971388,19.46991031,10.69283544,11.79898337,12.7193639,16.12736153,12.28634592,313.2119,299.5612902,28.52255835,1423.174448,15246.08417,8638.010048,1602.960396,40.24916478,31.80456703,28.05040974,21.37817019,43.11176174,59.30268221,219.2284296,34.32653255,1303.131695,246.0479433,55.04342461,32.26028419,16.72691767,16.32735238,15.43734161,17.58643993,2216.292525,197.7228015,1069.635302,187100.0522,148845.2694,33154.80278,8313.51879,248.1769622,48.12251346,43.91734681,27.46756533,38.83429729,186.6962441,23.27124606,165.4683699,179.4238638,367.1992239,689.4925499,4213.808455,1261.433869,47.61253561,37.89483883,21.86336715,23.02108253,21.62307584,20.76842694,71.08994776,51.23817236,255.6753134,46.31784768,139.8320545,31.41914649,24.63400427,27.02514111,33.39399478,160.3825297,80.99327604,117.8245021,242.4863804,9806.858772,24541.04567,5356.37692,45.80178418,257.147829,37.28191662,49.62282411,32.01312857,28.57772899,39.10953874,191.4108432,308.7090139,110.1892509,767.0313644,76.35077604,46.0885184,31.47848971,22.24435741,30.30990461,39.00913008,30.25746822,135.8554607,30.56457982,376.3319525,1148.063978,31469.82733,19100.98205,2073.095231,51.01863468,29.2973836,25.12324531,32.4722813,31.69951623,155.6426411,144.4703235,22158.69041
69,SUR_BDM,671.3836011,2566.191756,2206.799547,1902.86008,1381.933191,121.6578982,66.5135515,69.29292838,650.0055605,100.331777,214.0626113,92.92987475,1004.839312,221.0505578,189.7476519,73.78670416,43.49774162,44.4759974,32.44713993,50.85719111,62.96548987,1502.827962,894.7641927,598.2008472,892.3198135,665.2242941,747.9828733,1645.141102,311.1016523,70.70808484,58.84267831,52.006372,81.17505012,49.21587719,298.3961073,1984.045467,530.1571176,3248.42669,1813.527221,231.8893613,57.6949828,48.17449944,66.26029442,66.20655925,127.7199471,96.40561947,129.4137623,53.66674988,540.4324941,1190.130717,106.5747529,215.8587472,213.1705979,65.89966758,89.91440835,77.34060846,88.53326198,69.77316327,116.465904,32.9625077,992.2655048,1533.592894,6602.789937,3475.40492,1319.881312,116.721704,54.64530624,55.87810676,69.44232439,159.1152684,47.17807317,632.3516588,1331.606288,5654.277792,10222.868,3747.504715,1516.713625,131.816213,122.3571692,74.89074279,71.72419378,406.9955302,62.5845123,1988.013799,16190.12152,13059.90068,6561.844429,3140.48121,1141.07141,616.0488778,74.65538152,58.20178155,61.84777728,55.33292211,141.3270445,158.9241724,111.3133613,908.4853014,619.8263967,191.9692215,56.15221103,65.43757723,67.38873256,81.93751207,79.50230697,180.9332165,210.4110792,225.9647031,10852.51159,6405.711233,12862.00238,4100.946972,1738.281922,488.3147522,98.87888136,77.78200758,68.43439731,58.22908911,34.75500037,143.3739043,671.3836011,5440.921405,7054.335334,2732.162225,905.2503856,87.67599731,67.63055887,73.38998736,72.63337215,238.8233251,846.0444059,2097.670906,6031.66978,3394.582456,1260.701967,97.7412064,59.25907814,62.59956602,55.93853628,62.73213038,164.3585087,59.34719513,558.4412548,954.648212,965.7479643,13460.72544,8093.0747,4307.84797,7285.319934,2124.497891,533.1781623,113.5027122,57.82567322,40.39969679,180.8755361,68.66939635,313.0140385,307.3625501,112.309412,257.2295823,90.55558076,69.09652192,66.3469513,65.62822691,59.1092041,72.67928488,46.50092617,45.20221304,98.05537037,2566.191756,3038.773806,1902.86008,397.2686799,76.45878216,65.25977292,73.61490799,82.50495281,195.8554665,35.51783663,25.15613623,929.7330364,3000.851259,2785.700178,2328.755326,388.4753533,70.66689653,67.7606023,60.64066091,54.49157213,56.52592724,508.0874226,258.6044342,330.0138744,71.48550689,171.6407204,32.61677296,49.85954587,39.0217967,48.3123405,52.82196154,62.13813514,358.6929869,485.4760658,599.2785271,49.76958497,1058.449466,3766.664486,2635.946658,2180.402428,178.1833767,62.23536527,71.92969316,68.82225407,84.06635308,72.59676179,388.3816707,71.46856181,1522.376321,454.2061709,116.6891787,63.98429157,44.33785607,51.74335392,59.13384074,69.23547153,3026.625304,724.9066739,1710.774625,16437.24153,13438.75856,7887.700409,3445.958713,2645.689407,405.8379347,76.68069311,72.45569011,85.97026178,475.1724087,51.45254066,364.7776953,160.8284491,614.2037555,1231.823218,7240.121109,2635.524983,732.7994398,107.2088792,65.83687089,75.83115547,55.42414995,51.02238941,86.24308874,80.6187857,353.5404612,70.45946689,211.901241,80.84579363,91.69591481,129.0275372,133.8372659,181.3976444,120.2850019,308.8121104,685.4348451,6189.407446,4411.992141,2206.799547,412.020651,269.2491943,113.4980629,143.4655625,130.4067592,107.2580704,103.2233938,283.720649,781.4272547,140.5965388,2773.861321,238.0517669,109.8227598,81.35044152,60.5718272,123.5117409,132.5151991,128.3616565,309.08884,60.78244897,1174.717226,1461.158584,4698.666549,3775.436989,1996.191367,389.3474267,85.53033605,99.14031122,123.7432054,113.9553608,268.5332739,340.8419532,7566.700669
70,SUR_COY,311.8641991,524.2155565,277.9406692,166.4372527,89.09233538,72.38091426,102.5037017,89.98654093,422.7046277,70.93684484,232.5015592,26.64739186,80.36649586,207.9954273,154.3596577,37.51514636,37.57201787,54.70358456,67.39001594,85.30705487,75.94124199,398.0305365,113.0299798,336.5847256,523.5716233,43.76274773,41.80291985,358.4880723,74.09550006,77.58127991,78.17914733,78.73456442,76.57660071,48.04206575,152.0655432,460.7720229,86.78384962,194.8448552,121.3451073,40.02592025,44.24717116,52.14194696,76.01458696,82.99718158,119.1636499,143.0289099,48.43442072,129.2281443,199.3755909,465.1566106,37.64246165,166.4372527,246.9863984,80.81567276,106.4932731,85.09613977,83.57937881,64.47165317,61.44200201,41.69036378,325.9342378,1032.266811,1086.517388,117.3302973,88.9778453,67.00273386,71.00847837,67.32164284,58.56169443,79.73537449,48.13354768,529.489086,380.8323441,1564.765768,868.5753607,101.8234965,65.89888509,69.84143057,74.17943343,92.25963484,82.96804999,146.1579069,43.83014492,1476.236769,2443.69462,1196.336591,628.3128423,128.6700357,90.09957232,274.7638845,81.59422366,71.94072151,69.92797086,51.94248411,182.0351813,161.0671512,101.1174812,1467.872374,488.577195,132.7887535,76.00403897,69.29134393,80.11310893,89.33891576,81.64520282,70.39146016,140.2274973,226.2611141,4741.845176,189.1047981,1780.665881,134.8391995,67.34304261,177.8694024,81.24904564,92.12859581,90.02972634,54.77712095,26.34944037,614.34445,383.7063139,925.3093883,447.139335,196.8345777,86.25981226,78.01941574,88.876915,88.25532146,76.06966771,293.9011876,581.9056819,1063.917664,1579.846489,89.20925655,78.46319288,59.06458792,51.5890681,53.68272237,62.82081529,66.7493414,166.4995353,65.39233482,752.2692572,1098.511876,357.5207707,3701.269133,1263.987296,177.7704162,101.3411302,77.78400715,85.70539317,91.25950897,72.45579943,53.62694813,340.5860064,97.38708811,318.0442899,94.98601763,277.9406692,572.9560026,117.522623,54.46103489,71.36759974,73.86735054,58.88614789,59.66833987,32.88405897,27.46114486,110.9294858,774.1625501,513.7432656,243.4789578,62.90350601,70.69859073,83.19191598,81.49589173,85.27555107,599.2804455,50.25538819,24.39372809,933.6688431,1837.330635,345.8170249,190.7181326,65.79500318,65.16177644,72.44740493,66.15542548,53.26088619,41.57988119,303.077244,217.433545,99.62917433,61.12064841,40.1575632,20.42042218,45.10577022,42.13670763,52.74813628,54.43184979,58.28421642,180.9838223,305.0388186,583.2491963,39.02331705,1157.988862,1054.49191,369.2564947,160.5542438,38.63461178,108.2764374,67.95591523,61.54345844,41.99238808,29.06066481,357.2072297,162.2767193,825.4024214,62.42274872,51.03504907,67.49677644,55.49724168,68.5144961,73.8853992,77.12380881,1207.619508,234.3860838,1330.623037,1906.237093,553.2942611,255.1743093,275.5773394,81.14400515,62.72529724,74.25478518,78.36299346,96.27829695,155.2601245,55.85828854,296.8544842,66.12575139,523.0590023,371.714752,407.8409393,171.091242,66.51730667,100.2661343,85.73910523,77.37242697,82.93668838,44.82746,93.44482442,13.21685653,99.95052724,11.65361208,109.2480993,19.00800501,21.90198491,32.76263847,36.00296629,388.1529003,170.5424941,232.9378339,225.9946051,1161.549811,524.2155565,66.63851243,51.53100667,41.77093835,37.93181742,41.57032763,36.64888072,28.60889848,22.04130464,519.0180095,636.3804496,51.85592411,986.2712743,102.1154962,49.33446601,44.38949304,23.29098191,37.90941312,34.92732157,31.08951999,173.6984547,16.08190122,548.5134419,1726.229648,1130.672054,127.5283543,173.6050768,58.22336482,40.29154829,36.36796292,36.14767062,29.29314164,270.9448202,119.3764675,2840.886561
71,SUR_DOM,2773.775145,6437.799141,3442.237245,1718.012166,780.6302783,557.0941173,927.9161915,624.7710096,4113.554394,675.8600569,2791.898716,702.3371987,3087.09803,1053.266968,1786.612714,345.5485787,301.951759,443.8251661,516.576481,626.9027385,551.4094084,4905.524809,1283.276277,3945.457747,2856.455028,3433.686802,584.2161547,4425.561347,682.6171807,633.9438615,602.8832858,576.6544529,666.0852439,368.7387792,1811.971606,11090.07384,993.1131965,2857.142588,1937.284216,426.9192708,583.636018,418.5024448,596.3332549,600.4939683,837.9391731,1123.277024,849.6194642,486.7532254,2390.457956,5405.725406,389.7648371,803.2369255,2178.405606,636.1099103,844.3413933,642.1178029,647.591697,524.2379445,632.1564172,376.9681997,3483.521867,8939.550245,9204.886496,891.3675918,699.0585321,492.3792604,580.2443157,465.5684152,468.1797933,486.033967,378.2234732,5470.864886,3523.283138,11306.38267,12230.62282,977.4247013,594.1893372,553.2430775,745.5620276,665.3166922,605.5302965,1280.68009,357.3970279,9944.720604,20023.37872,14126.23437,5475.362807,1029.368073,733.0610635,2226.308455,624.8067228,536.7249985,511.2204863,421.9110048,2147.343724,2515.811997,835.4816371,9676.335801,3351.981263,1183.149071,380.7459707,502.5687703,580.3876002,676.145012,621.4290197,686.9470916,1236.080166,2368.89401,40271.03693,1980.235909,16937.6507,2209.819963,1022.505362,1723.827322,614.473421,660.3952628,672.8783431,458.6015606,231.6481804,4368.723545,4475.975859,9387.544513,3778.497882,1718.012166,692.41288,604.2426123,662.7908328,651.4489362,600.9949454,2836.278998,4871.842114,11248.54854,12005.60895,789.5503546,646.3991942,488.5329377,427.0138164,441.8603943,576.5927302,547.5289913,1229.129676,539.1758051,4983.553571,8973.524947,7520.841225,36026.09527,9755.527689,4270.282628,5096.545323,793.5630234,711.7631844,674.1300125,550.1982818,413.9293515,3068.481056,1120.796479,2583.247382,823.9058243,3194.363898,4660.608775,463.3929711,1872.875264,551.3707755,595.7627354,463.4818845,463.6891519,574.5714817,357.8871077,1403.505879,9313.065589,6028.353014,4003.306463,636.801584,597.9118186,650.8993875,639.2719447,588.7224701,3090.981342,372.7688861,206.2510592,8886.106588,15185.26096,3442.237245,2316.250508,505.6916408,501.4731647,579.3464001,499.2583917,401.4858943,327.0705901,2365.887523,1826.201245,1264.237473,618.3933682,358.6896315,182.0912891,410.8887893,343.7998063,417.4540393,437.9468836,461.1765104,288.7890154,3666.400486,4662.537389,297.0454152,11273.58869,6526.822207,2618.719127,3350.847962,353.0920706,653.9130973,567.9217116,489.5014363,563.2935307,2766.469223,2630.378753,1277.031266,9455.317994,2647.647501,614.5904189,579.8456505,441.0548318,521.5767414,558.1841139,596.5558792,11014.21425,1194.702355,13583.09209,19538.60005,22398.57025,3743.554304,3200.551668,1046.872911,554.5009422,569.688201,560.0868473,913.8660442,1892.544023,752.8117449,2001.997404,2773.775145,4206.629909,5538.5219,3342.695114,1740.813209,575.8325591,808.6458381,659.9423815,602.2528473,784.317479,479.4255326,1332.339252,564.7374471,1147.656482,136.6675311,1065.331671,172.6880387,185.5351764,266.2381391,286.8706423,864.1896568,1365.131461,2126.462734,3532.80328,15017.9792,6437.799141,648.6573405,471.4868023,447.391811,323.6154889,344.2820212,299.5649139,236.1328118,185.3858444,3861.386321,5675.147384,769.6712468,9700.583911,417.206579,375.4110258,344.2290984,205.767284,291.7248785,283.0822091,247.9582776,2820.381633,160.276432,4263.716758,11861.29988,10704.70809,896.0944423,2548.254231,486.1861954,339.0577923,296.6051039,289.8045226,239.1070323,3229.608065,999.1862705,25848.77441
72,SUR_EAB,234.5842303,828.5796644,531.1416596,323.7757716,67.86626034,44.55265632,32.33058117,26.64103688,189.1053249,101.8986617,155.5085347,59.64617852,236.7630979,211.4115371,136.959612,31.99531572,25.23200243,31.99555792,16.61087297,17.49841465,21.87095579,416.7736739,268.1652411,299.796625,378.3831377,307.7081131,154.2238398,370.9720205,68.65402298,34.80743229,24.04969926,19.82177284,21.64264289,21.09162471,147.9829661,485.1337,103.8290197,348.9540349,107.6544849,35.84053598,30.54235808,20.45767323,20.24408454,20.12091214,93.38279308,55.65707431,71.42230909,28.97349028,337.8617406,498.9010539,64.91977149,145.3143897,165.9998504,38.52164662,34.75964021,28.91733296,27.29545514,28.84874355,76.17684237,20.72706094,215.1502864,1129.939426,9497.34523,1440.119818,66.79959107,37.85927082,26.93474045,22.01235112,24.07216898,73.2080107,31.18711226,366.6435381,319.2007318,9662.773206,9255.189871,1106.379929,76.09939061,50.14404246,97.84946972,34.60609859,29.47019728,258.5533181,50.05576906,1738.466129,17413.20497,13127.78605,4930.720725,983.8833365,78.45111726,182.5651745,43.97324839,28.15092644,23.69077018,26.65603231,96.20866656,132.2528865,68.11814482,347.7680661,278.780284,138.4834426,70.86304311,38.91413132,28.64077288,28.54411213,27.99787206,80.58470675,85.66615795,102.7731466,11558.4003,3916.704827,12022.75944,811.3451197,81.68478165,193.3808428,64.48134966,41.74004096,29.31035276,26.02333203,18.89799072,100.3586145,341.1484442,4158.692621,4086.171045,240.5982461,61.71299604,35.28874979,28.21973933,23.13987687,22.82026386,127.7062946,263.0415306,708.3028609,1133.835634,389.0754853,65.52894073,33.1228447,24.98323904,17.53594254,17.77474305,18.39042904,45.38471408,24.52071229,295.2287004,375.4062736,226.2754482,13194.73036,4952.443577,1907.309351,4199.738157,181.7518406,83.01105827,56.72306816,32.27976783,24.98347624,165.0677106,121.1374511,153.744274,114.6841816,134.5133566,323.7757716,90.91550887,64.40948962,32.44841211,27.59185062,21.47256068,37.02158453,35.95117806,79.04923022,101.1428074,2632.529215,3436.594916,534.1380681,72.75779532,50.84794932,32.91700928,29.39546741,48.07747521,112.9508358,21.58298956,17.65553594,547.8441988,1346.646565,2617.745096,323.9075435,60.10105124,47.89013314,34.88705802,24.84261283,21.74094797,24.03239204,238.0409058,107.3181725,190.5687009,54.07265663,68.21103863,12.56861144,28.1198914,14.98406877,14.69364167,15.41420991,37.75891025,16.0689417,281.3737197,313.7175418,34.38998756,828.5796644,2170.22671,530.7642903,198.3347624,61.03635838,40.91326054,33.8381729,26.4444356,71.71554247,81.62147189,219.1031355,44.76156937,859.1634253,187.6544463,58.75038286,39.52994054,19.9856308,19.42203182,18.56528202,21.17338781,1159.989456,181.8844837,1618.329095,18013.58043,12170.91771,4017.991808,296.7768866,87.25559247,57.20629348,50.20806606,32.8182273,45.86673091,193.826504,29.83223902,127.6681759,234.5842303,353.8414829,531.1416596,772.6535754,155.1598541,66.06144073,49.95933272,27.89879621,28.29424411,25.22630286,21.44882879,88.68177376,70.72529718,236.2742834,35.39569106,99.91490343,33.11170298,27.54590577,32.33699576,40.55930566,127.6123278,81.20522281,95.47825842,282.2038004,5251.140205,2143.911602,134.2282585,60.44355371,110.7879736,37.36613362,39.97165825,37.79566907,34.86555507,46.28149201,222.3835997,369.3658981,142.447383,817.4462853,129.0162689,61.51782318,40.47375821,21.96727406,37.09424831,41.3809154,37.028994,147.0726691,38.31633795,506.4283619,2535.938799,4769.584209,1809.441237,344.3431207,78.17114151,41.38967485,33.13667124,41.19724228,40.03454325,225.6557437,146.5428026,6805.453693
73,SUR_EAT,160.7204082,634.8507806,894.4301537,587.3918659,187.1459286,70.11893195,36.65169774,24.43644017,76.56884995,37.90424073,85.12282305,35.27740473,160.7204082,114.4167859,129.9037409,47.94398481,21.73734054,27.1726914,13.12528336,21.44080922,19.85598902,263.1243157,790.7512673,735.4041665,545.1759676,382.9577398,894.4301537,587.3918659,380.2158048,87.73391901,37.42970955,21.74247142,18.68039672,18.14497646,98.09391967,531.2610146,347.6317167,876.8554092,265.6157965,97.60437526,44.80695847,24.88698056,19.63615664,17.48491737,47.21937059,39.69124051,48.41640905,25.42442299,250.9687386,483.5512013,161.1250573,136.0084187,128.448363,53.36022545,35.4827204,22.54619637,23.04461436,23.54466505,62.28141774,18.36932718,152.6688785,502.8533478,7695.511377,3103.92711,220.8718266,70.60203939,34.07106054,21.36722853,19.41480737,51.36308305,28.55266008,195.7327529,549.2139964,7080.472561,7284.831119,2485.612383,196.4319817,75.7680694,92.56823384,40.79123545,27.59640343,140.8470018,112.9228016,940.578839,11883.45818,9319.583587,5333.185297,2581.468164,194.787432,231.2318077,69.78560305,32.66578449,22.21871929,23.82334322,58.29016208,77.50658266,48.63466652,306.1724502,283.5078647,195.2911944,144.0168354,62.2583202,34.25957227,27.51112311,24.21653472,43.45075192,59.47470832,66.10957448,8295.750414,4750.047758,9094.5768,2761.126249,259.0580221,251.8555698,112.3945378,51.9847445,29.05115245,23.6443105,15.75846165,56.60572997,114.1255191,3037.063366,4723.867173,1344.222425,172.0746594,61.57124505,33.13352237,21.84109745,19.46305837,73.7117808,172.7896124,773.0442099,1932.243218,2144.19823,183.888494,60.45975909,30.85426916,18.17751549,16.33499738,15.64233749,42.10855932,22.68444397,172.0638455,329.5740542,137.1885898,8788.384527,4803.61005,2684.141643,4751.281864,839.509883,139.0945101,67.95253707,32.43555743,22.34165954,104.8116342,41.76232218,91.07650257,115.8655757,106.7481629,323.0983139,76.46109873,92.14554802,34.18775047,25.01251095,18.25172534,30.5042773,26.4883644,46.65036426,64.56557446,2231.601091,4188.276201,678.3299514,269.0912064,83.83187939,39.12375346,27.52668746,42.59673017,66.66279226,19.85260239,15.27564208,314.6029698,1863.866043,4178.99426,905.4822542,163.5135576,69.0767986,38.33872843,23.20772447,18.63682039,19.8537432,120.9502031,63.82949477,123.1244141,48.84064723,69.10717226,15.03367551,25.46501418,15.67280617,13.04784286,13.01473148,42.97750886,14.31173987,191.7087998,250.0690939,67.78789367,1062.291333,3046.278183,2165.511881,482.4514548,127.7653617,63.04281905,37.38645948,24.64608453,38.40974331,70.12145262,123.5377731,39.27812661,407.7608307,369.2599764,85.24011131,46.05187812,20.36773786,17.76028264,15.97796014,17.49318604,845.7007736,365.2442078,779.7460053,12664.50172,8454.082686,4566.132493,1102.617748,234.8946123,89.37166654,58.42983874,32.35945804,34.53813119,115.4222461,29.63391016,50.8904183,262.9021869,136.3130763,443.4552965,861.5164235,197.1361997,93.97430034,55.15803471,26.80517986,24.51891579,21.29758392,19.44952733,46.6711023,49.78644484,115.3183005,36.3421379,62.50735627,28.98803276,23.52822134,26.59705686,33.08890429,79.42836661,53.72575547,41.53235227,205.2754055,3433.637397,3434.021289,488.5356014,108.9733524,107.3091267,44.87793375,37.8192277,32.67332741,28.60504906,38.05730446,121.6824635,205.0352255,114.9786092,634.8507806,135.7906806,66.10505728,38.29390691,19.73289063,31.53054326,34.12423096,30.34268165,101.1054535,36.3790213,388.7083767,1836.014151,4709.716301,3078.541993,499.0894432,166.7547429,61.29554739,35.28882617,36.06360041,33.52267337,160.1553224,104.6960696,3384.763402
74,SUR_SDM,96.77799046,1202.547866,1769.13353,468.2566399,169.6056028,25.449095,18.5678825,16.13342569,90.1924437,24.03275801,39.34651679,17.76526099,127.8998233,43.01279963,38.97147936,20.04718166,12.68163639,11.11490642,7.888266959,11.09653948,12.27829643,93.95850794,77.74150903,84.7922453,1134.348263,872.0617631,1776.114885,468.2566399,377.7452126,20.68297451,15.07430409,12.12928337,15.33731034,9.428304681,44.70524416,329.2855724,212.048658,1663.287107,158.7234479,26.40998247,18.81526468,14.57720716,17.47554694,15.50192889,26.35758737,18.34036303,24.8869944,12.8601242,72.78658281,133.9776474,25.48512815,75.67478309,51.75896964,22.93229018,23.94816773,17.07998557,18.1880318,12.40239389,17.31048937,4.45698646,91.37325947,338.3394409,3452.728994,2668.832068,272.2106992,19.67912945,15.136337,13.32242313,12.30468203,26.03858919,7.942819441,45.19743926,123.2890136,2442.080095,3827.295329,2626.924853,231.0521649,24.57401004,25.75451062,17.01690239,13.76777272,62.36172964,13.12296799,466.3174332,4956.482901,4258.800294,3186.600921,2180.548639,54.79830294,61.44572306,20.99357908,14.35424059,12.02531381,8.402969832,17.13233151,24.1664841,18.35435632,103.5231599,87.78501235,47.04994459,16.13551718,19.24591583,16.25359421,17.88538037,15.60446596,26.86619714,27.78236415,26.67381094,3318.029977,2818.795734,4106.846603,2659.576894,360.8581359,55.10190177,25.97097832,19.4484273,14.41528029,9.755977543,4.72104849,24.95091503,96.77799046,1600.433322,3186.520038,1571.993399,31.01219887,19.13720229,16.08627923,15.0787269,13.51181931,33.23721753,82.13058544,221.5093239,2836.52122,1720.366801,28.98979922,20.93028511,18.6304383,13.23103903,14.11168972,13.86495764,31.03330519,10.89026409,77.60870721,91.07487109,159.6136585,3971.373366,3259.657078,2763.798668,3413.434318,787.0742964,34.57980402,27.83623766,12.94975843,8.280302876,29.4822222,15.65792678,46.05544535,34.55305042,21.92341792,56.80864421,19.45621257,18.28519915,15.0271034,15.41487599,12.23714968,11.79347696,7.385460752,8.407420747,17.687149,940.6639338,894.3767078,182.8019092,37.28464819,22.20158932,17.3858987,16.71356331,16.42596297,27.58053388,5.627091696,3.867913878,99.24831802,1712.041698,2930.350156,752.2278838,29.75409479,22.00224302,17.89128377,13.95040479,10.48951342,8.92457628,59.30527683,49.85425016,43.34224002,12.76867704,29.93396076,8.536189655,14.05418992,11.09490594,11.73897537,11.51552155,11.70979527,67.25080119,97.60161308,76.68555116,12.62679488,1202.547866,2916.011111,2568.88766,1550.879681,30.09504917,21.13757164,19.2721731,15.89225434,13.32230922,14.26864132,47.7887003,11.12143078,365.1382958,1769.13353,23.93502943,19.44832827,11.87978664,12.7086912,13.76018158,14.72283651,839.7083314,152.8465345,500.9509174,4415.11792,3820.653668,3225.260492,2493.438648,1533.366914,33.37062579,22.84589127,17.81332838,21.42433359,59.30769049,10.0238437,34.15927116,19.63848145,60.01234016,330.4445881,3035.471617,1329.275988,27.50339172,22.22531244,15.3792008,15.55155667,10.37585415,8.464506134,12.78726875,14.06875552,53.70788317,16.26127548,43.19876039,19.67310411,20.96404388,29.30455659,30.37256319,30.35005245,21.01067457,37.80438501,69.24280921,2907.706964,2999.818604,1579.951022,26.4424544,36.72637125,22.86246507,30.00131985,29.2164646,23.0916484,19.96249985,46.30605099,82.49798281,19.18319382,1995.581356,1438.974434,25.1596043,21.18275126,13.64913504,26.71843948,29.53740386,28.35199105,33.96266448,9.51456467,88.94315474,1397.530821,2972.088196,2858.421528,2116.38444,29.58362723,21.61603648,23.8035766,29.26691765,23.07871287,39.51257601,41.05528981,2232.524814
75,SUR_HAN,801.8707482,4376.050506,4122.018312,3178.080815,1595.12032,546.1389415,412.2358531,316.3422349,549.9000314,303.7458671,429.3078482,235.134829,636.317353,368.8585337,622.6530212,250.8835307,215.1723661,209.9709765,222.7807397,287.570511,267.3739887,2262.23246,2266.229215,1632.814347,2401.324053,2040.872219,2761.334409,2262.724489,1502.474815,560.0806033,354.3305269,293.4332793,274.1969163,196.8830518,333.6082714,1821.278447,1405.980171,3197.076706,1186.409016,481.3808795,253.3345233,213.8626426,306.4523071,315.3057997,360.6836509,291.1578613,259.6376212,169.8111406,801.8707482,1319.400598,693.19672,499.3680371,372.5047978,287.0738009,411.6177375,334.7298734,321.4378013,265.6465912,306.0625807,165.0937386,568.0635619,2097.850792,20435.9148,9743.174001,1942.38573,585.7244014,331.0142289,261.5862195,227.9996102,354.3339959,189.4840107,999.8849825,3387.701098,54903.71365,34797.42532,11842.32401,2893.852377,839.4116761,445.2250403,317.7646926,253.0566343,593.6656933,269.492456,2569.420987,86200.77844,77380.71436,24493.04022,7902.390232,2013.387824,1028.23021,439.4995897,265.1442516,226.3537515,260.5514701,325.7173967,392.0111632,219.950861,1292.639702,1425.893089,816.9986776,459.6578994,309.0862497,318.7337997,321.2518331,274.9407456,479.5997343,367.0550739,444.8755277,44754.53086,18144.52827,50260.38883,10670.65403,2713.927491,1008.415599,523.2638314,378.7945358,335.1732329,234.5242925,125.0758306,347.1132757,435.5358182,8783.211844,11430.93913,3259.593516,1125.293136,464.0191731,385.3549089,344.501212,293.4969868,373.6408917,730.5945662,3538.237167,6073.251578,3809.070291,1225.896214,438.3051692,299.3993329,268.0978275,322.6729651,303.5853161,344.2369792,229.7172865,680.5623588,1784.624434,1583.559297,71567.02842,24444.632,11171.78498,11456.40492,3292.540093,1033.230786,535.676957,447.1366092,215.0350012,422.9822328,191.2439479,546.0978988,773.1707195,722.7499561,1232.886978,418.0585338,342.6166955,303.985581,309.7455022,280.7831287,303.090012,233.9144794,160.9251112,250.4169336,6393.015364,8663.855087,3524.84588,1600.736833,587.5097642,384.4309434,387.343744,307.4165392,428.0086416,169.7165473,107.0478686,1274.985127,7589.432887,8067.945897,3178.080815,1275.745488,498.446461,356.9166791,297.5910637,252.9611713,236.5788073,462.5556682,300.8824889,411.5519521,207.4391951,268.0367501,159.8056517,167.7905435,208.379501,271.2621762,298.3623678,342.6843414,207.6968022,913.1433626,1058.597315,445.3306593,4576.946071,6471.547211,3694.976163,2645.007257,738.1153326,421.5155059,347.2522183,280.3228028,328.090555,217.3049966,397.8833114,287.1491604,2527.573829,3330.714465,827.4951838,394.6306574,253.7983417,271.8541461,313.9991422,297.1511459,5274.185888,3852.587649,8774.208655,89149.98076,67774.18726,31750.39859,7244.01501,3009.755777,967.6636874,494.7049818,385.676635,305.0745389,621.543986,196.7858778,603.1110909,1158.901218,1041.090407,3836.898608,8622.05829,2581.82968,871.0541581,505.9057256,319.252201,300.1207406,241.3480505,172.4681238,246.9981329,196.5527631,534.1677325,212.0230488,261.1661989,175.9339802,191.8716895,308.5759186,303.4582399,623.4857625,286.6116571,240.5129163,563.7258781,18895.03143,18191.80519,4122.018312,1062.111019,531.757178,371.2799156,343.3473375,283.4934105,226.7623556,161.3780216,701.2640334,973.9737396,486.9183741,4376.050506,2070.861163,650.2802719,319.8593882,171.9354892,237.966066,250.680329,215.8271149,458.5070778,136.7160656,1256.058868,6019.798984,12534.83824,6835.556076,3246.256865,1232.001278,448.7870332,296.4043437,265.2969214,235.8143214,452.258366,412.6499142,10547.1184
76,SUR_BDL,632.2857252,1116.351351,575.3656059,351.7047925,204.0105649,128.5256668,134.7835289,157.5540529,842.9419793,198.9674499,387.2621155,167.0771147,843.1375859,388.2632758,313.0234473,122.3109029,86.09334783,95.92832753,75.01521394,122.3896569,155.7041754,1278.731547,586.1424797,652.5046547,731.8921647,548.1355148,233.9339942,895.5952857,170.1889284,125.5124512,127.160242,119.6416377,157.0202855,120.1768505,393.7885516,1329.061964,362.6164693,943.560074,376.6067095,145.838853,96.79561455,88.03685225,132.1878814,145.7082891,231.3624979,196.8112415,232.2910542,117.1625186,632.2857252,1108.778144,186.7570182,225.5158884,331.3535038,117.9766106,178.5091966,164.4259283,192.7498049,164.0123393,204.5241544,83.7269011,790.238167,1596.592259,2464.076368,307.4199061,178.892168,110.9288682,112.5672743,128.3776868,156.9559664,326.9340517,123.0476208,679.7477177,839.8460578,2561.128464,2353.021501,351.7047925,194.8644511,118.2082996,208.6717661,166.6237336,171.2174757,659.3516682,156.2691444,1535.375992,6661.332418,3871.939512,886.4047695,309.7592176,186.6383206,427.0364688,130.7842673,125.8998986,150.0816672,146.212411,277.3611479,340.5041401,213.0279242,864.0541727,678.0981511,384.2485309,123.7821534,137.7233863,153.2961518,181.9963249,186.6313307,378.1358471,446.7007638,511.6423218,5265.204752,1036.891111,3642.260548,491.4232769,197.3456953,362.2562036,156.0810536,165.972451,159.0073073,147.3513909,91.59268897,237.0463932,590.8665664,2985.934186,1235.070018,320.2177363,170.1044104,123.8338955,143.9468075,173.4975619,180.8611486,404.2114464,951.1171451,1452.845508,2425.45568,297.0889609,203.9691457,117.4729942,105.7661717,114.5732955,116.2032623,145.6622371,329.2170369,153.003276,671.6723917,814.1326229,1082.947989,6104.503586,1634.751575,483.2701825,2041.899237,260.5002103,191.665707,201.6950968,138.5565059,98.13019012,308.3377466,124.8395291,400.0819497,278.0403984,198.5836038,422.6574519,137.0765775,178.750154,141.3286348,154.1537498,144.3723529,183.6819323,115.8786231,111.6345718,215.8450238,1845.30177,989.7504296,728.3818634,233.5378065,144.0277585,138.3098602,174.1746092,199.7540602,362.9826431,96.82396462,69.32884662,1065.482879,2072.919273,575.3656059,563.3963513,193.1764669,131.4069947,149.4356725,145.6626393,141.3071001,156.6055333,560.6468608,383.8789595,367.9318718,134.2786331,257.0642138,66.70948385,81.30732218,84.66279894,113.0352013,130.6554003,159.573424,104.375225,878.4823031,597.5446354,113.3848713,1248.278314,1384.608144,505.0776291,423.7800357,171.8259611,131.3353487,161.0367973,159.0317826,176.2123646,126.0435999,463.500343,154.2249012,1855.0205,410.1371035,202.8177238,143.6637148,102.908697,121.6598281,140.4952468,156.6416685,2419.324473,603.6392428,1394.670411,5776.786663,4970.027546,1007.743194,499.2802208,454.6876307,160.5535413,144.1833573,160.6292302,216.6565779,607.1392188,122.0469578,403.3336716,264.4225779,811.6298449,1232.400024,2043.62094,313.7369864,192.8074631,192.0645127,152.9226368,183.9875933,131.7135643,124.9361229,186.8097453,152.946526,592.667048,185.7466927,311.6964358,178.9957619,209.2136728,294.1037074,302.1384708,414.2313833,254.6387788,322.550109,679.7071532,3839.91655,709.0789211,303.6524422,170.8912268,513.2399914,271.273722,338.3710451,288.0906233,244.9050981,244.9823781,449.3052218,756.6488871,313.456401,2074.268564,275.629645,203.0067156,184.2510091,133.5723628,295.2940586,307.7376047,304.8508336,518.8853345,147.2182047,945.3307385,1155.797381,1642.971514,518.9831921,465.2681747,183.6379517,176.9740014,227.8051343,284.7226982,267.813656,447.3020876,403.2275038,5177.641078
77,SUR_LIT,29.86120519,1478.802898,2788.171524,2685.733266,2782.718073,2678.748319,2766.945881,1907.74274,14.02009385,14.93462389,8.645888952,4.909351077,26.64484343,11.9346958,28.56763804,18.30542815,5.003925594,1.429666744,0.575423425,0.360410594,0.336465455,20.33057436,2227.491374,2754.51295,2232.073899,2592.534106,2774.868044,2684.608484,2770.385626,2677.706774,2766.94588,935.9929024,1.675546839,0.464573453,6.482207718,941.410247,2766.94588,2535.709937,2780.674111,2679.85542,2766.945881,2677.689561,324.2754646,0.965220066,1.407520363,1.30605205,1.653602408,0.470209873,17.55164546,1052.544791,2766.945879,2438.624806,24.2505484,17.18601552,5.094081289,1.579954216,0.792718635,0.46223442,2.179276535,0.370351485,17.90336521,125.1006309,2969.307321,2746.079857,2784.676319,2679.289221,2766.945881,2108.929399,1.085895822,3.906290245,1.551255501,7.563969301,85.65998293,1871.058105,3785.638514,2742.421576,2786.911618,2679.451712,2766.945881,2447.029387,1.386955499,11.6139648,16.15079448,485.1989579,4772.436247,4049.728924,2975.404012,2731.027462,2778.81793,2681.655377,2766.978797,2766.94588,671.2411346,1.039843478,2.462751073,3.953349252,3.446539267,72.3162045,653.2238383,2677.68956,2490.538525,16.69813298,4.882270812,1.627590092,0.704386871,4.180606591,2.575220846,2.429901828,3077.162705,2933.646472,4204.071702,2749.962997,2789.522761,2682.224565,2767.114016,2766.945881,1189.587741,1.122221133,0.35059402,2.079843961,28.17660366,1469.422638,3182.48197,2717.894493,2777.513167,2678.212366,2766.945881,1321.388053,0.754501809,2.567230013,21.37672491,1976.59589,2859.092985,2558.626259,2781.012907,2678.41635,2766.945881,1745.904861,1.476831557,0.607130218,1.823633172,0.516522149,11.48590293,73.34274711,2008.82847,4375.601579,3154.627779,2781.219693,3347.536066,2707.63092,2772.330517,2766.968386,2677.689561,447.038395,3.698972105,2.138199909,6.537454189,26.93495603,16.28237723,45.95571249,26.44744765,13.70975897,4.710357278,1.405471454,0.56002774,0.404295347,0.380278466,0.588865634,2.148066065,878.1673096,2788.171524,2685.733266,2768.495487,2677.689562,2766.94588,196.3202686,1.564431127,3.129569074,1.984636169,0.491566225,34.35389466,1536.93064,2806.558343,2695.790994,2769.868423,2677.702567,2766.94588,84.72804132,0.615830036,0.30269494,4.816491771,7.623640578,10.32746446,12.44754207,12.06078898,4.831995817,2.324105659,0.834762241,0.4273429,0.317845301,0.365086469,0.192906113,894.8070942,76.38152641,44.42383515,1478.802898,3160.212967,2715.798178,2794.192501,2680.977894,2766.952892,2766.94588,265.7102742,1.26525777,0.655466248,14.48420836,16.31089045,460.42369,2770.500269,2678.292189,2766.945881,2282.14018,1.85098105,0.688137768,0.503379635,1185.980513,2677.689562,2773.135598,6097.93258,5113.238734,3054.338138,2722.879907,2798.144028,2682.57913,2766.991832,2766.94588,392.4426738,4.895373247,1.421954969,2.644881631,16.7384924,20.13071809,2068.042848,3138.100912,2811.139991,2688.028175,2767.421707,2766.945881,1199.26848,0.714727222,0.655610874,1.668236076,1.496862926,7.709484564,8.825766176,6.193651454,2.96133807,1.044950717,0.866505608,0.844540499,1.910277965,1.148994591,2.221531495,25.9158782,2545.791542,2704.299337,2797.378638,2684.101248,2767.122654,2677.689562,1741.525388,1.944779453,0.881224596,0.61591767,4.138521211,27.45266241,29.86120519,1913.52738,2772.467164,2678.019808,2766.945881,1724.793691,1.436871393,0.959007622,0.789162769,6.691389924,2.750483543,62.86470891,1043.072972,2572.506167,2840.734467,2698.734982,2771.659761,2677.755543,2766.94588,591.4080371,0.890137558,2.291855016,4.568213796,1636.18464
78,SUR_LOS,461.0985442,704.1247976,939.8881728,892.9731791,922.4322266,388.3596685,17.16359763,14.12953893,228.8664544,307.0488442,25.43629889,12.22108029,606.5664403,23.76108136,27.71075105,18.16267683,11.07928478,8.951536546,6.347718297,8.602636652,10.35407981,339.2118352,614.0736679,774.0026325,787.2195735,754.1318403,818.4937792,579.2295123,543.5467855,19.22810659,12.84798226,10.23768554,9.3292747,7.294381434,24.13530819,543.1786627,618.2037241,803.4071849,761.9305806,467.5597714,16.06422613,11.81246816,12.89478978,12.35176444,24.48209526,13.39159484,16.2203012,7.318536588,461.0985442,616.352009,605.4222544,38.15953762,146.9126997,204.5530297,18.55935434,12.57156704,12.17739771,8.283597038,11.95011178,3.354953601,436.1758834,210.4823841,1132.267159,897.5326019,922.3455544,86.57624133,13.64968031,11.19739717,10.56273035,18.45162412,6.3127388,126.2647499,728.3896832,990.1400158,1270.711442,899.8276746,922.5906602,311.2888388,17.26858963,13.63537107,10.92486144,82.70924914,112.4907465,874.390743,2095.360778,1633.675867,1033.51563,898.6497555,922.4773635,899.9925197,304.4456559,12.87787207,10.37254037,6.796670896,13.33980548,21.13112467,16.13538152,711.6186642,716.8853464,658.5031581,568.8609026,22.92297028,16.8117264,14.04433181,12.74018752,18.15110793,20.13916537,15.91852864,1188.805263,898.1335701,1471.352878,901.2052057,922.4190571,641.6381319,363.5054324,17.45621323,12.32251501,7.850312128,3.414116165,14.02841693,99.38040742,983.9297769,998.4360473,892.9731791,739.5489828,17.23190812,12.9392958,12.53325221,11.81121505,21.60281532,355.9913683,953.5137678,1069.451803,837.9994478,906.6064902,43.70037232,18.0649888,10.41956927,10.61635326,10.93152683,21.1978675,8.422756537,85.06919863,638.2943477,766.6144773,1593.144517,1016.982515,911.4474715,1035.920106,892.9658564,921.7827935,82.65366546,14.08980349,7.344632389,18.66942959,12.4805557,184.7541952,496.7921563,14.13888987,539.1039433,16.70875971,16.90474888,14.73950604,13.49224758,10.98049728,9.046147786,4.862780256,5.583740301,15.55543153,587.3389361,946.9674048,904.7828798,922.3202956,181.9375583,16.34589702,15.7413525,15.13094035,27.19511841,7.223626732,4.010244279,688.9175552,704.1247976,939.8881728,903.6467346,922.3292498,69.54573827,17.5164778,13.46199825,10.54061465,8.013818373,216.1878887,31.34338321,112.9142054,28.35924786,21.04519603,8.645668337,11.27579056,9.414955412,10.08742785,10.25507894,10.10986079,5.986065861,663.9690854,880.6204639,173.1805854,581.0446362,1186.359858,913.4120301,935.4767955,770.4358133,23.31157581,18.06319698,14.14491652,9.447938589,10.4510813,223.1075192,248.3106659,337.0271416,939.289267,720.7822935,69.18577353,12.80439059,11.84109047,12.49901156,10.44948119,567.7156705,898.8475634,673.434976,1786.498388,1924.894506,974.8966035,903.911675,933.9752067,892.6157166,447.4262121,17.15288738,15.23767037,148.7947128,7.170612053,27.98235194,257.4292861,89.25251179,959.2945799,972.7749905,925.0881114,807.0520207,40.96907191,14.12393397,14.16127323,7.578359491,6.714411336,11.8211701,10.81389287,32.21506001,11.56059801,20.52476543,15.03466683,18.4311569,27.93526296,28.82689882,32.22399674,18.78217066,32.64855626,743.5506695,999.0685736,884.8891643,923.0924108,453.620229,127.5606729,22.27036711,27.88509574,27.24858964,20.95989826,16.96480022,31.32313728,522.3371394,187.5264108,769.1818592,700.874655,63.14295108,21.42094904,12.65900328,25.54732763,29.38202423,29.98882982,33.21686422,12.14267451,564.6641039,538.2867775,936.5777859,941.154833,900.7430238,639.2100395,24.70315047,22.94614128,28.80898974,22.92961532,21.20466968,60.08807998,824.6393328
79,SUR_PCU,1537.766711,1617.746899,1761.552906,1595.317168,1704.749446,1504.431318,1537.193272,1537.193272,1487.606392,1537.193271,1331.79262,1068.764875,1290.6871,41.1240371,51.93799635,16.90518585,15.4713051,15.47228116,19.09334802,26.25173264,20.9692261,583.606074,1556.608874,1583.879063,1581.622706,1503.775689,1567.405223,1546.730312,1549.225627,1487.606393,1537.193272,1537.193271,1335.838384,15.50986624,38.75060342,902.5874659,1562.226121,1488.738395,1585.398275,1487.968657,1537.193272,1487.606392,1343.80798,24.64010971,37.90228314,30.78824624,24.46671251,14.48759909,963.8137009,1427.194739,1545.278388,1494.015525,1537.193272,1487.606392,1537.193271,1537.193271,348.560821,21.78096761,27.12078131,12.35788871,1417.288853,265.724565,3755.649791,2557.309709,1685.795785,1499.107277,1537.193272,1537.193271,1061.639922,39.15926045,16.17432469,241.8765927,1617.211922,9046.185892,6646.824265,3674.509638,1839.530762,1526.43535,1544.189528,1537.193272,1487.606392,1501.824481,1487.606392,1588.421481,18452.63378,13010.71429,6318.683928,2605.915054,1705.268987,1523.814532,1537.193272,1537.193272,1487.606391,768.1347049,33.07087372,49.86586169,24.02564908,1097.613244,1589.842401,1493.639285,1544.285578,1487.606392,1537.193272,1537.193271,562.0965056,47.90303791,38.85284879,426.413616,9686.981762,5194.188551,8949.770904,2754.37273,1892.863777,1546.16048,1537.253814,1537.193272,1487.606392,1537.193271,272.2872384,283.0027435,67.54698708,3153.243798,3609.34583,1999.366152,1649.048733,1493.265869,1537.193272,1537.193272,1487.606391,425.0491293,525.17421,1784.313861,3557.053815,2332.072095,1728.732209,1509.19019,1537.193272,1487.606392,1537.193271,482.2335685,27.24822181,18.55080798,879.2843129,1608.562043,1601.182969,13347.02836,6041.394156,2975.790739,3891.691252,1853.129017,1587.130857,1537.197573,1487.606392,1537.193271,1486.431718,602.5403833,304.8548123,1388.432632,1527.500065,1487.606392,1537.193272,1487.606392,1537.193271,1537.193271,132.6410352,25.47682964,22.28143936,11.76029795,33.43887857,2743.448117,2854.096156,1799.764055,1639.208157,1493.348478,1537.193272,1537.193272,1487.606392,1321.859631,955.2435957,8.508625415,1110.013542,1617.746899,2133.604066,1737.394051,1602.649902,1487.830316,1537.193272,1537.193272,1487.032377,59.35905226,54.41227555,45.77955652,274.3826047,1388.432632,1414.656075,10.14511339,26.556396,16.79731329,20.85884329,24.73900766,37.18666934,17.79219228,1176.898602,1581.462561,1537.766711,1750.686282,1975.871268,1936.904842,1766.535561,1522.014113,1537.193272,1537.193272,1487.606392,1115.211575,70.29912855,369.0991245,1537.193271,1514.210039,1711.972084,1521.974543,1537.193272,1487.606392,1537.193271,663.5909261,24.82789612,1179.965429,2766.680381,2646.424342,24821.88096,12923.92918,5723.55833,2175.367374,1715.147351,1516.851335,1537.193272,1537.193272,1487.606392,1537.193271,1487.606392,1302.710547,1547.748058,1433.82182,1691.442703,2189.363624,1804.821562,1524.812196,1537.193272,1537.193272,1487.606392,1459.528618,12.91726452,22.54769884,47.29017003,887.2833014,1537.193271,1119.067144,19.73421374,16.29449008,25.02222017,23.87576433,21.83843383,28.32884647,20.42683697,700.9968767,3068.464872,3072.994986,1959.119552,1545.961913,1537.92621,1487.606392,1537.193272,1537.193271,518.0497414,20.63738127,260.8758473,1547.483918,1548.569464,1649.172821,1648.001071,1495.969635,1537.193272,1487.606392,1537.193271,199.8383539,16.48043309,910.5224249,407.5591108,1045.156513,1629.890621,1640.971043,1761.552906,1595.317168,1542.768055,1487.606392,1537.193272,1537.193271,224.7448473,59.94073751,52.83874101,920.1899234
80,SUR_LAL,19123.86982,47649.70061,29507.6262,16593.17357,6924.440946,4676.836074,6295.979125,4924.614659,18049.88752,6661.61393,14699.98441,4746.386565,16118.92602,12128.46917,11224.93657,3036.932058,2463.649212,3291.178414,3990.003885,5264.419739,4557.221113,50094.97402,16810.54476,27278.05834,30203.44722,27731.28659,7887.691876,34928.54365,6489.271233,5529.647911,5153.221805,5046.665806,4369.021797,2758.113978,10453.55584,43966.542,8106.939746,25179.21875,11450.04323,3627.327404,3324.20808,3372.635114,5162.539939,5065.828,7250.532894,6990.937769,5877.268637,3382.108235,18812.68758,44161.55218,4610.622052,7626.793114,12323.59743,5017.906427,7407.069876,5938.151792,5017.807143,3975.047055,7644.380678,2804.57741,19985.55088,71158.78845,98509.19595,12423.48745,6371.210755,4053.364328,4445.879243,3798.884387,3388.300011,6803.710228,2540.687053,45616.78273,34336.69171,311966.3656,177870.8115,16593.17357,7201.204064,4789.446759,5922.365015,5037.428037,4175.142435,12049.83381,2638.658017,76224.92493,461916.2837,350147.0097,68731.42453,13842.78674,6869.632758,14218.01202,5276.390145,3971.059356,3587.927435,4458.556138,9881.225281,11113.49418,5282.208005,44603.41247,23925.16435,9307.800329,4025.445044,4271.345496,5340.344908,5665.214509,4734.482561,9087.499779,7542.164477,12851.80115,365980.5495,47649.70061,230122.5408,22555.22576,7913.594652,12154.55209,5592.279453,5449.044382,5325.422442,3446.066956,1633.416632,16140.49951,24058.34717,91254.97406,37139.00393,11940.77315,6100.267713,5046.878358,5956.860204,5672.543995,4734.003464,14197.67776,23265.72276,72855.48449,80509.34789,10291.47919,5915.60169,4158.229998,4270.482192,4382.248195,5525.367534,5068.80993,7659.099088,3671.419622,25439.609,47227.19193,40155.14061,484089.4767,91220.82874,30966.2981,59403.81551,7496.980847,6494.341199,5960.121046,4732.604244,3067.015092,14851.52746,5164.339159,18291.89656,7226.505465,15594.37006,28244.94349,6460.143079,7989.290384,5126.56939,5037.674468,4090.643335,3869.974271,4522.257671,4144.264064,9911.471025,90561.96597,46236.3335,31947.0134,6604.780929,5290.573698,5290.601012,5921.269283,5384.923731,16252.03304,2990.132822,1733.05212,62440.3439,119339.8746,40317.78352,20724.87396,5830.810083,4767.63065,5179.729424,4686.143915,3779.571229,3320.585369,17762.99972,12306.03072,10683.82324,3869.426587,4364.779416,1809.821692,3271.577627,3292.405388,4323.939417,4319.212462,4769.442404,2646.837439,27273.57205,38289.17063,3724.554036,89909.17091,70401.92813,23689.68507,20707.4133,4001.767907,5153.313656,5169.857602,4533.607603,6144.853666,7123.838064,16777.08026,6221.204794,73531.33491,15658.56932,4849.01915,4665.185046,3899.405909,4553.580881,4875.85825,4666.615849,81940.8828,11266.30787,126124.3867,501872.8998,431052.0938,59704.37896,22081.17607,9048.361558,5144.415413,5445.000018,5209.469757,5577.492402,18733.07642,4752.445703,21948.80586,19123.86982,30295.76353,42215.79115,40794.92019,12646.38574,5988.301654,6727.06615,5068.183304,4881.03131,3822.607299,2875.373927,8324.172701,3447.326417,12534.85484,1692.993317,6447.196548,1917.100187,1899.557217,2741.888977,2905.811267,11867.66574,7180.147884,7327.784832,18821.85363,155674.0482,38398.70626,7352.536312,4199.907916,4713.887322,2836.233031,3162.945524,2800.480026,2198.71402,1922.175574,22040.094,29288.55205,6355.446173,63408.55382,7833.622616,3859.876466,3241.444521,1945.708261,2751.015995,2754.128879,2378.295241,18272.25373,1634.786268,32596.69172,87005.66081,75832.0269,17541.04339,20420.62233,4942.81571,3164.435451,2701.125131,2672.903163,2183.696834,14148.7406,11088.95655,197451.692
81,SUR_SGL,6543.03411,16424.20615,6155.356779,4214.068962,2230.270623,1624.47967,1977.372932,1711.343033,7817.66935,1841.115899,4997.695594,1511.112543,9702.854425,5621.443368,3664.690947,1057.453632,864.6793322,1244.624811,1194.55012,1556.548249,1432.774804,7580.292823,2511.760816,7339.663734,10953.11395,4131.983041,1450.898983,11139.64002,1756.592789,1606.205716,1504.129237,1447.408579,1442.382482,947.4969949,2658.041407,11275.85633,2319.078659,6059.76179,4494.26401,1137.478125,1025.894145,1073.792165,1562.795493,1625.343826,2391.673889,2813.191742,1581.897647,1211.03884,6543.03411,16424.20615,1277.836703,2141.803802,6032.869516,1691.382394,2186.377291,1728.734758,1788.144112,1338.249355,1551.933527,769.8622118,8345.330266,26703.97585,27906.12675,2882.255757,2017.981347,1404.610933,1451.382168,1281.941635,1344.756355,1750.502836,911.1475878,11118.56804,9927.724957,53820.13906,35084.02342,2953.544891,1868.484646,1607.885202,1758.022995,1737.107602,1558.683115,4289.420372,948.2557032,31056.9456,130722.1051,79275.02222,12042.83758,3053.529443,2229.386707,5906.947104,1702.196389,1425.225663,1333.036914,983.2285977,5736.959976,3540.579789,1709.717357,19051.89293,9861.627742,2936.840256,1335.390468,1415.891024,1570.912519,1788.209429,1626.013059,1831.470826,3626.81883,3197.38864,90130.11118,6290.83165,60505.60091,5821.626462,1914.771051,5251.845361,1886.703469,1853.984367,1718.124754,1079.400419,529.934147,6909.572663,7708.279376,28866.74713,11729.78127,3244.021875,1850.002504,1543.244246,1687.067772,1664.581296,1480.341543,6413.849326,13335.21742,23809.27242,29139.40118,2554.039786,1765.407737,1320.290737,1188.245984,1070.646025,1247.722898,1324.371753,2852.904826,1265.463349,14084.59298,26532.75483,19361.34049,139685.556,26308.81239,6834.83527,8569.541453,2078.860032,2225.334773,1964.429608,1594.62918,1004.306828,6625.050013,2344.101374,6416.434389,2177.772093,4247.973094,10034.11834,1483.537703,2075.569541,1381.634378,1450.012703,1435.6415,1204.348013,708.0780857,1363.375513,3172.158219,20676.45042,10403.24288,7088.708041,1689.461773,1515.540952,1605.301493,1583.217126,1577.104848,8179.830316,874.3103546,448.3131027,19735.10512,39260.59747,5395.391557,5421.750986,1598.265423,1453.907419,1478.490539,1307.38756,989.3443545,827.550798,5053.243944,3089.017543,2194.963947,848.2313314,1291.488288,515.8447158,906.5123465,785.3858029,996.7447581,1038.352277,1114.281341,1314.803192,10620.65092,13300.04842,945.4604698,24931.20699,24215.33566,8258.638265,6719.424861,1117.739894,1479.3512,1522.092117,1316.690631,1105.594008,1726.174803,6520.124183,2003.286419,29564.50002,6155.356779,3229.495638,1686.201437,1169.118608,1348.469584,1447.926867,1532.970163,34787.21527,4453.445334,23168.34538,109273.6407,107199.0081,12866.48791,6784.070442,3010.154576,1679.521372,1629.814194,1586.967765,2120.770354,4230.581951,974.2614684,4879.04434,4079.228286,9374.639684,13320.40303,10715.06041,3915.055288,1613.176747,2049.890182,1631.653586,1531.94814,1155.351845,828.1046674,2996.982486,387.1338413,3506.128914,503.0935822,4214.068962,766.4493732,805.0339537,1144.875796,1237.889668,6313.851538,2926.954214,4978.495355,5857.484531,29368.42948,8542.697636,1722.779021,1351.159498,1547.215244,1041.651776,1297.920336,1251.158232,990.1756731,775.8517587,8203.181256,14004.74026,1941.220743,22621.75101,2048.422224,1389.340364,1168.750398,682.7123586,1116.904454,1171.828234,1071.562532,5808.912275,749.8430403,10517.18121,35210.41716,24752.4009,4326.97012,5677.298288,1603.982133,1123.344958,1075.281071,1173.003058,982.622812,4201.876882,3629.61553,68088.37622
82,SUR_MAL,1187.991482,4218.029956,2358.084219,1832.244159,1200.785301,650.0737117,822.8889035,669.1783857,810.7957551,559.5553669,1231.701361,457.1970785,948.2059166,491.7619779,710.4539218,366.8228116,317.3136168,434.0968477,560.8475201,757.4540723,598.963036,2822.380642,1083.113634,2986.225689,2249.037531,2077.785399,954.4487673,2076.057228,825.1817274,738.8472941,713.7940559,635.4898803,587.0093553,402.1856589,420.8750838,1959.192917,568.1903704,1538.059669,538.4606884,397.4813884,396.8551867,471.6065626,746.148266,719.7808745,606.6509387,571.5754498,450.8105866,354.3085535,1187.991482,2256.582504,550.5323556,519.5265074,694.2444207,662.0852214,1022.812552,711.0443949,696.4252935,574.6493098,653.6675379,470.4925668,898.5050242,2952.611095,8682.106032,2306.593642,963.3071764,548.1569527,560.9857342,536.0559663,453.0744211,590.9269276,365.8535772,4034.025434,3802.776713,42500.68795,20209.85161,3602.100392,1221.229788,663.7794211,628.167485,681.7884864,563.3879884,770.9117048,367.9003215,3482.277818,23817.02046,20715.88985,11585.78961,3245.226945,1119.652611,948.7516382,690.9638119,545.6676015,498.8883129,617.5970645,455.0750217,502.7254996,321.5884731,2660.238931,1163.582772,610.3727314,470.8480555,576.8497951,752.6409682,802.1266317,656.2730195,774.2124934,707.9879751,505.986316,49452.98189,7249.997092,19615.8706,3309.559918,1482.324493,814.3504445,680.8883753,712.6889673,729.454498,478.5776393,248.5079392,1205.900496,1141.73778,5920.919811,2687.691176,1057.298628,748.1043935,675.8044122,830.4581144,797.9715996,657.5723003,1314.40225,1281.467616,5798.930894,5712.513278,1723.985757,831.3746798,521.8004134,574.0348653,641.5957167,818.1398977,737.3788445,664.7307989,508.8109325,1157.925956,3959.721592,4574.645548,65814.72585,9071.702167,3809.15162,2939.029498,924.9973803,773.6494523,785.1176909,594.1223478,437.1515707,851.7575827,537.8572588,900.1028339,668.7582064,1352.527046,1414.158128,539.9737495,517.4110437,735.6093662,713.3108806,573.7929035,561.0300117,600.870824,561.0062197,813.8517011,5767.00813,5053.0511,3251.493823,1101.341084,727.4342698,720.1459915,775.909579,536.6309354,506.1946579,338.3707396,251.9516794,2573.604089,7991.575028,18598.27787,2820.045338,1014.03845,649.5704106,694.664351,668.802848,556.9490108,467.3375604,1126.007741,747.5072548,586.0986196,438.7126819,390.4550089,266.4706126,405.5875422,526.0865824,671.4438045,668.5386983,642.2084736,389.1221944,1625.301497,2274.897948,639.4275885,9994.233975,4536.792577,1977.413607,1974.00771,551.914715,697.4842298,693.0861461,646.0474054,498.2897943,361.5948607,1114.500787,657.793956,3359.216655,1419.197186,524.1725566,582.9940791,555.0961461,651.8023048,687.722234,649.0844177,3891.706039,1158.012736,7137.070474,44163.96951,33313.65445,8443.808448,2945.909212,1276.291027,674.0636715,713.6864942,711.0245724,571.2157594,990.6150706,660.3066526,607.3598234,2455.205096,1728.405501,2181.64794,3127.984694,1382.653264,828.9140089,866.8186137,666.9913441,672.2379782,450.4551071,423.3226473,767.8592672,1282.924607,1416.095623,493.7588391,602.6897669,347.6919382,305.7474616,389.4407528,392.6977835,684.3252292,574.6171857,260.7062535,1599.679291,14401.24276,7247.462864,2147.98809,771.5003827,462.5963929,367.6976818,406.7587728,368.9857611,298.5039257,235.821212,915.905472,1492.429254,420.1080653,5166.136504,1228.243859,522.7291126,398.9283031,237.8033158,354.1217661,360.5766584,317.7977088,1554.244653,277.295792,1959.254855,5764.928246,7026.520779,3481.793969,1832.244159,719.4588866,391.4057256,338.4773977,354.4929391,301.8878288,1314.171226,682.6475423,9799.571195
83,SUR_MAC,39.56530837,355.3674623,173.3111939,93.99637724,80.70435612,35.99272513,42.1950951,34.30152435,41.57211947,34.32343216,38.62571418,24.75035362,33.35542813,23.28712923,29.5155383,20.70662683,16.39879212,21.55735419,28.09513157,38.27077148,30.35625223,67.81382371,74.74643913,84.86945974,87.56875102,56.83583462,53.85640618,93.99637724,62.04039022,41.12854183,36.84254922,32.34627869,28.85995172,19.70096593,17.53843121,58.003423,39.56530837,20.30409118,18.27985003,17.91045694,18.71396208,22.9180928,37.059389,36.62268407,30.09507773,22.48860602,21.55450404,17.06743539,23.76845966,203.8886538,44.47301351,21.12674067,29.02403621,36.02143013,52.84035085,36.36067159,35.47623586,28.79990548,25.9225433,23.53537106,25.00700484,125.7914858,688.9138403,173.3488253,57.08565086,28.89764622,27.73134235,26.37452504,22.18103141,24.45948791,18.17907197,233.205966,299.2989439,3607.781676,1983.103059,277.78011,75.104747,35.04222781,30.92548861,34.63137163,28.56320833,28.95243462,21.24277339,406.255866,3421.910818,2079.050091,1375.390546,334.5844771,85.01507287,45.8627985,35.31863487,27.25755851,24.87894053,21.12362253,18.64254726,24.00611698,16.14562822,191.4930246,90.43751753,44.39592473,25.66820028,35.21527797,39.20457497,41.18293835,33.44676153,31.81865472,24.968575,25.15385009,6321.874567,708.6729644,2283.795592,232.1619623,72.03973288,34.99473957,34.27027353,36.31621732,36.7775384,24.19796841,11.91925861,23.10099483,28.45596807,694.6124206,239.356341,78.48068242,45.13942418,35.55964337,42.72364271,40.75685958,33.32475426,40.6523963,50.31941654,234.0169471,527.353983,180.7549885,62.53117245,30.32344218,29.77526156,32.15630746,41.73688871,37.35804196,33.19586528,25.56087138,32.04427404,290.5600281,187.5258458,5893.322629,845.4493456,373.3504714,347.2311237,86.01276933,48.17639681,41.2283793,29.36684918,21.76809825,23.73535991,25.25897799,22.0330243,28.54132071,32.03394006,66.72780963,32.20925321,28.23678192,40.93208092,38.82007329,29.51743717,28.1132425,21.26490867,21.73289954,17.00007229,382.8820211,377.0495732,252.4166832,82.27918387,41.76210457,37.38444665,39.61913362,26.94656304,31.24985866,28.23588518,15.40336173,269.6589544,1194.440387,1623.836726,222.7065552,81.43220597,38.81713857,36.41107312,33.8288579,28.39588112,22.8061428,30.20899781,32.72065668,28.62942887,26.29012143,20.16695676,14.13600577,17.76600429,26.21302573,33.86794084,32.73656862,31.90636836,18.98453403,55.95846464,121.8692352,51.68342771,430.7558915,520.0295358,137.5200843,128.4277548,36.26296628,36.5208672,34.61482855,32.50540277,22.67586989,15.64228606,26.92138191,31.8255956,168.2050106,138.5423003,37.10542664,31.92734782,28.52268189,33.09552723,35.15888639,32.91984204,191.4159385,124.3690364,808.8378053,4573.052636,3646.713548,883.4181434,227.1088642,98.53219654,40.37987956,37.89438221,36.29871799,28.22432078,37.19598647,29.46927766,23.37189757,106.5112927,53.37382093,135.4727988,395.0674517,97.29497525,58.28878775,47.34414071,34.65216146,34.3565185,21.88120296,19.98577951,25.53801923,19.72809948,19.40319959,15.50357209,15.80041302,15.49079495,14.19024478,18.61116921,18.77413255,22.02721062,16.69728213,9.144950557,32.42402611,1115.624514,450.1293829,173.3111939,47.08286053,23.57254736,18.36115331,20.16741207,17.7172379,14.26827187,11.04272537,13.94491324,54.96222228,22.99090225,355.3674623,116.5952895,37.99039942,23.33819013,11.27985346,17.67819667,17.33214303,15.27680958,57.43319732,19.09841183,86.73434764,351.5856437,949.0136088,264.5574605,115.817297,47.41062928,22.20704687,17.23220659,17.32396458,14.51585377,20.84439052,16.69525718,765.746591
84,SUR_MOR,1404.517633,1649.710951,7252.996786,10621.63331,11345.74261,8963.892885,7009.54099,5315.978866,3360.456871,2616.242173,1864.385343,1455.19766,1404.517633,1261.897622,1389.620369,1344.793905,1381.259845,1311.833014,523.2056742,50.84588183,0.0,71.04213065,1274.569605,1618.660472,3516.388641,6980.249101,12425.53139,11706.02505,13011.30339,10223.89025,8273.517988,6283.351337,4440.266992,2920.399027,2181.416041,1784.55474,2432.970184,3703.340207,5946.143477,5675.968934,4884.425901,3271.572792,2555.591035,1902.30477,1430.799627,1404.689168,1344.767891,1370.8735,1317.952699,1235.096997,1558.103838,2365.106848,2714.979803,2341.527564,1783.519108,1412.408216,1344.579953,1368.61833,789.1287178,120.8741277,180.1951685,151.4199752,15909.37575,30333.19103,11618.33559,9066.838727,7079.826082,5373.041209,3387.611738,2523.80521,1785.340724,1426.879452,2127.921833,79304.07456,74140.02383,29417.61297,11771.96653,9405.5776,7445.791775,5708.674623,3759.735864,2678.02126,1997.768097,1944.026441,162237.8116,158545.1167,40439.29663,20027.64581,11220.24168,9041.826672,7342.871926,5744.955351,3853.28621,2729.880459,1979.878203,1489.614162,1401.576224,1256.40016,1511.564763,2399.178804,3341.550848,3313.596563,2772.019734,1996.427253,1391.230853,1394.822961,1330.744101,1160.110065,55710.43243,51631.72498,88322.35761,23603.33287,11551.51266,9257.199727,7391.721099,5729.297184,3822.579945,2713.08648,1979.593334,1490.205473,1402.447598,4792.961431,40427.21913,14605.51962,10805.80866,8321.191438,6521.894697,4827.360555,2934.430632,2307.498198,1651.138578,2146.555572,9694.118635,18847.45674,11490.50643,9074.733854,7079.044964,5235.668033,3536.385132,2515.322595,1731.709649,1418.210677,1349.695051,1384.24081,1387.939026,71281.21158,42526.98856,33925.29979,44619.01504,14933.15878,10320.41265,7878.479561,5847.881287,4312.143184,2738.025126,2201.772463,1565.819618,1272.480102,1398.831672,1344.821057,1384.807112,1328.009031,1257.912522,365.7126512,34.07313651,0.0,0.0,0.0,0.0,432.3453824,2713.738451,7607.837031,9585.350733,7909.664944,6376.687962,4700.106923,2877.763225,2288.387857,1652.276569,1414.482341,1397.921211,1460.440309,7252.996786,10621.63331,9830.468859,7356.905721,5829.836888,3963.858241,2597.713019,2008.833886,1461.342896,1405.630378,1391.895407,1245.556107,1366.04885,915.1990957,221.0690188,160.8539869,48.52334212,0.809157831,0.0,0.0,213.8471308,772.0108923,1368.141174,1431.175954,29082.09679,18954.08567,13611.93373,10664.53867,8869.724567,6670.338659,4851.547131,3192.80609,2327.649047,1740.904352,1472.060256,1352.008622,4691.836754,8103.344296,7781.941368,6055.657586,4626.671927,2927.050472,2161.104465,1972.47072,6386.851537,10124.96558,186670.1473,148286.5186,46831.39245,18584.48922,11562.64786,9634.347073,7724.969575,5955.037637,4102.638445,2825.271298,2120.013423,1546.947269,1588.158237,1664.045911,2963.928936,14807.3175,12542.22064,9982.090122,7972.514665,6084.047322,4170.6461,2809.424882,2044.387614,1505.839222,1401.69577,1249.967388,1367.691755,876.2737475,196.0440324,19.13738307,0.0,0.0,0.0,0.0,0.0,347.8547706,13105.0223,42496.33481,15698.12048,10467.41027,8582.887605,6376.253594,4980.1932,3159.090915,2291.937879,1668.660517,1361.951121,1393.453385,1394.139313,1649.710951,6068.927201,7863.504409,6989.012082,5349.752164,3689.66312,2576.270193,1817.028,1435.086352,1355.3205,1398.449607,4030.540157,45133.83587,32577.22159,11932.72712,11173.47941,8994.890059,7061.906971,5347.527527,3355.356822,2535.652184,1797.309139,25704.38667
85,SUR_PCD,53.64618281,279.1319561,627.2527243,372.3643157,596.4370914,132.3341581,6.912031949,3.488367698,11.69497686,12.0281155,12.507296,12.94089115,27.85569395,10.16102409,15.37214354,3.627041852,0.817991463,0.000202433,0.0,0.0,0.0,52.21668543,234.3888112,111.7422899,109.2038735,79.99031625,223.9441753,148.4081384,137.5559504,19.32194668,3.095654947,1.191238192,2.510898582,3.228716602,11.11785281,126.0811402,162.9023551,294.2442975,241.4540325,44.32672287,6.844375596,0.59549016,0.0,0.03036512,6.320824406,6.597517806,4.851856468,3.332751896,74.95491807,140.6013259,113.7347718,29.08646109,10.92804609,2.858876494,0.168265453,2.632788542,3.56869521,3.478263225,4.015395374,0.555823155,19.11418671,49.06682398,2559.506204,1613.035373,572.8521412,112.9775781,6.512605704,1.95813334,3.347592589,8.66568499,4.493692692,23.03204592,314.6023616,6470.226238,4908.833921,2577.498268,791.0058738,275.452504,21.39365215,3.871472091,1.276143881,11.07567141,20.50060889,141.6732147,15545.88697,10770.02945,4836.991136,1600.464505,595.4415607,160.1254887,13.88019884,1.370751684,0.621396823,3.13714257,5.853460813,15.46855266,6.727266619,103.2596707,137.9098465,89.2390517,47.8180163,8.241909358,1.248797258,0.0,0.0,9.634284609,12.48135495,13.60060284,7198.694862,3911.094708,7079.644642,1681.34924,894.0525864,318.581223,29.77637801,7.593313945,3.398044477,3.87026054,1.894363579,9.074279206,9.420823822,1738.574755,2429.602604,1126.644153,458.5421064,64.43957178,3.647398339,1.264507688,2.165961868,6.013041936,49.37726518,496.3588674,2226.099963,1397.703634,639.2691438,149.2997662,6.059520056,0.0,0.0,0.0,0.604594853,1.783210464,21.73974179,279.3098848,199.7371425,10697.01255,4413.687888,1921.29947,2684.452723,903.8271883,322.2407016,19.69028665,10.02351798,2.985154499,7.2130488,4.361814849,9.326514749,29.73757508,19.29768713,63.45560817,17.22525636,9.773192964,1.557030454,3.533198163,5.295733657,7.986414645,7.747867776,3.14314719,6.120365887,1754.384617,1741.280606,794.6003004,445.2202998,69.186691,8.073269125,6.43687155,4.713804558,7.09487382,2.607318621,1.217979168,53.64618281,268.2862331,1062.161678,558.1848967,377.7740035,29.29196795,5.214449002,3.146410142,2.929609678,4.543855334,10.99880742,16.32956608,19.89117102,29.83911249,11.46642725,1.28763507,0.18376224,0.0,0.0,4.181003804,5.787545971,4.321775946,89.10888166,94.29746611,51.07520759,540.9480013,872.7169877,918.2751946,656.897363,266.2432773,16.71188074,3.845231224,2.590026079,5.956273947,5.533442231,25.28028573,39.46258965,129.1245467,540.085635,235.5070455,15.69971465,2.666481212,0.262354818,2.596561154,2.535123413,615.8908932,1847.836268,1413.120962,22116.65891,10703.76323,4231.847816,1232.843691,573.3493052,217.9621424,13.38219557,5.162982379,3.585067198,21.66859956,8.872782179,5.5494654,162.283895,58.98765657,396.3666957,1208.087737,773.6251938,283.9795128,16.45055962,2.632236416,2.299571395,4.883543067,2.523716555,4.369072771,7.978338291,20.86725948,18.26075772,11.25078505,7.0133788,7.147704592,13.57112689,12.39322417,11.23027009,8.030110014,4.641972867,39.50309748,1469.379661,1907.925208,950.446861,339.4402279,27.82006862,16.79961517,13.3965954,10.50283149,8.156142801,6.210892041,27.6572114,85.62175597,45.65445879,279.1319561,406.0067655,102.7011719,16.21994379,6.04137259,8.259478199,7.419642199,7.21914191,16.80048791,6.096909476,46.49157638,133.1371205,442.4354706,627.2527243,372.3643157,72.42232716,14.23944819,9.53979163,8.813909348,8.595430755,11.97539258,12.32157528,212.6311633
86,SUR_PCL,0.0,0.0,0.0,0.0,0.0,0.0,0.0,0.0,0.0,0.0,0.0,0.0,0.0,0.0,0.0,0.0,0.0,0.0,0.0,0.0,0.0,0.0,0.0,0.0,0.0,0.0,0.0,0.0,0.0,0.0,0.0,0.0,0.0,0.0,0.0,0.0,0.0,0.0,0.0,0.0,0.0,0.0,0.0,0.0,0.0,0.0,0.0,0.0,0.0,0.0,0.0,0.0,0.0,0.0,0.0,0.0,0.0,0.0,0.0,0.0,0.0,0.0,0.0,0.0,0.0,0.0,0.0,0.0,0.0,0.0,0.0,0.0,0.0,0.0,0.0,0.0,0.0,0.0,0.0,0.0,0.0,0.0,0.0,0.0,0.0,0.0,0.0,0.0,0.0,0.0,0.0,0.0,0.0,0.0,0.0,0.0,0.0,0.0,0.0,0.0,0.0,0.0,0.0,0.0,0.0,0.0,0.0,0.0,0.0,0.0,0.0,0.0,0.0,0.0,0.0,0.0,0.0,0.0,0.0,0.0,0.0,0.0,0.0,0.0,0.0,0.0,0.0,0.0,0.0,0.0,0.0,0.0,0.0,0.0,0.0,0.0,0.0,0.0,0.0,0.0,0.0,0.0,0.0,0.0,0.0,0.0,0.0,0.0,0.0,0.0,0.0,0.0,0.0,0.0,0.0,0.0,0.0,0.0,0.0,0.0,0.0,0.0,0.0,0.0,0.0,0.0,0.0,0.0,0.0,0.0,0.0,0.0,0.0,0.0,0.0,0.0,0.0,0.0,0.0,0.0,0.0,0.0,0.0,0.0,0.0,0.0,0.0,0.0,0.0,0.0,0.0,0.0,0.0,0.0,0.0,0.0,0.0,0.0,0.0,0.0,0.0,0.0,0.0,0.0,0.0,0.0,0.0,0.0,0.0,0.0,0.0,0.0,0.0,0.0,0.0,0.0,0.0,0.0,0.0,0.0,0.0,0.0,0.0,0.0,0.0,0.0,0.0,0.0,0.0,0.0,0.0,0.0,0.0,0.0,0.0,0.0,0.0,0.0,0.0,0.0,0.0,0.0,0.0,0.0,0.0,0.0,0.0,0.0,0.0,0.0,0.0,0.0,0.0,0.0,0.0,0.0,0.0,0.0,0.0,0.0,0.0,0.0,0.0,0.0,0.0,0.0,0.0,0.0,0.0,0.0,0.0,0.0,0.0,0.0,0.0,0.0,0.0,0.0,0.0,0.0,0.0,0.0,0.0,0.0,0.0,0.0,0.0,0.0,0.0,0.0,0.0,0.0,0.0,0.0,0.0,0.0,0.0,0.0,0.0,0.0
87,SUR_SAL,928.0568816,2332.647648,2241.038632,1359.841342,590.9907334,157.1514913,89.29672851,67.56316243,963.9523349,160.998236,508.617465,179.2326802,932.3904062,667.2646837,411.416508,71.33656167,47.50001022,140.5584908,27.65348267,44.70652288,52.79509583,1340.751262,950.2210791,1157.879152,1557.232465,911.524437,832.6983745,1341.498434,314.7215248,112.6097453,65.1032819,47.74100975,121.625825,55.83914988,483.4122683,1817.010637,505.4469278,1777.809003,659.9875487,177.1776078,99.73786907,48.88159182,52.22244735,49.61271626,150.934368,90.75270137,172.0424103,66.71047145,996.3752438,1580.928211,239.1343444,329.5861563,590.2545319,127.1453284,91.05719793,58.77044397,67.19991606,71.14683592,143.2432657,45.16456607,928.0568816,671.9210177,6271.746321,3468.233326,592.430233,137.5501475,76.72399766,55.60052926,59.68355307,197.549677,73.26933224,948.6500294,987.3706727,6206.691814,6271.746322,3427.644716,605.3771985,162.7281172,236.401028,84.81523448,71.49760879,698.2565189,94.46874582,2799.518101,14051.38816,11063.72402,6271.746321,1587.916683,566.5582297,845.4951675,156.0253604,79.48574592,58.87453555,62.99849733,280.4811622,456.335428,232.9525325,1235.762143,984.1108547,693.9209762,296.2141319,143.7190085,86.9138795,75.42540843,72.26565022,278.3510544,311.9844507,466.9004975,12424.96127,5664.80313,9617.70879,4346.801517,706.1188501,718.7429165,229.2261685,116.8832177,72.55838866,64.06083454,47.19696894,375.4398404,871.4318641,3963.146788,6271.746323,1810.498828,565.3519092,133.1385556,82.21794645,59.13138405,57.42962144,454.719195,1189.253267,2796.916639,4531.916742,1783.370762,644.3569601,139.9895106,80.04672776,66.07655776,47.32406457,46.55445307,273.3477842,68.59756473,867.6559317,1079.214637,1207.9143,12364.61324,6271.746323,4463.36627,5352.938513,905.0468722,402.5818809,169.5343265,84.49223674,62.24143866,381.5548842,159.2391696,556.8235933,300.1671218,348.9207989,909.7363195,120.7376636,316.0308253,72.36576817,63.71653461,51.56588477,90.1279357,232.8864996,94.80695537,311.1623769,3264.794755,3264.216992,1819.626836,451.8453349,169.8789144,90.41951294,72.1939948,99.05490235,404.8296534,55.28997322,44.41863672,2034.73103,3823.934844,2890.255567,1505.878644,350.7285936,157.4983006,97.62312623,62.67198255,53.874225,65.11710011,683.916837,495.7846376,441.2460834,154.5893127,144.5724435,28.33900099,45.59961722,29.46741533,32.95545132,36.09036449,47.07390105,36.4844494,1098.147498,1265.499928,94.8229228,3040.495168,3947.928599,1435.590086,1062.135615,236.6663155,128.9110571,96.73148294,66.60397108,142.1957735,271.135151,837.859832,180.2033077,2286.933839,2046.391603,408.4693575,148.7813729,61.5424074,53.50738908,48.86251753,53.47440654,3078.870058,1372.354382,1335.652486,19971.44474,14797.5757,6274.481086,2486.521752,873.2565277,224.6324149,178.777195,87.16130414,134.8094561,785.3001521,83.97802877,292.4487992,857.7166215,723.4789575,2889.253509,3745.481162,885.0553886,289.5612286,160.69298,73.20785943,72.27495061,80.28904003,65.89651342,244.0688677,264.3901698,1172.798234,182.6188297,482.4602709,95.31897444,74.60162651,83.76757265,103.5722871,637.251706,245.3846142,261.1705396,1137.141291,4502.569873,4067.649946,972.2178931,256.1855998,683.4274477,131.673908,143.002333,99.84608848,88.10710724,119.4194567,703.21792,973.1945147,435.3202646,2787.607021,456.2860655,214.475272,107.2072716,92.98629155,93.95354533,135.7157047,99.38971904,487.6393175,94.8426958,1470.530209,2793.682905,3712.843769,2241.038632,1448.717765,317.6487467,121.1526876,83.68096106,101.4184734,104.9042086,740.7493696,559.6165409,5249.377895
88,SUR_PUD,347.7955596,595.6714442,947.5037253,621.2159321,554.0388169,354.3632638,230.9114944,139.6475557,138.1060667,276.0395982,210.1782574,196.2864859,509.2517771,367.944376,373.1519298,263.3197877,170.8872928,99.82881066,65.47457823,61.48766324,59.50419022,105.5246688,386.2738261,436.2442721,595.739397,595.6714442,627.2722598,528.8282264,508.2121418,322.584893,203.4471427,120.5820614,70.20527932,61.48766325,92.28755672,351.2923459,582.989426,618.0656305,552.1057476,411.1590833,279.1975718,169.0891878,107.9991941,68.79912217,64.09853729,67.24469322,69.21900114,77.90213179,194.6555957,412.2027693,545.132729,390.683817,320.208864,277.7636625,179.7188392,114.1513433,68.31204837,61.48766325,59.50419023,61.48766324,244.3379613,305.7242808,5558.023295,1946.728691,562.4895587,348.2682822,219.4181832,129.7864817,74.32983026,67.44257815,70.96127908,82.69773166,463.3914996,4695.895963,6810.808834,1609.040048,559.5960779,351.5127921,243.95477,152.2184532,90.84581683,86.98020919,205.394857,529.1833847,13667.42314,11930.89113,3010.913989,935.0665627,530.7447902,427.5306169,299.4978163,180.5967382,105.1267368,69.66426761,61.26347679,135.7210798,131.2188314,326.9669169,442.3390674,448.9679792,398.9400608,246.3071302,162.8266861,98.06233858,63.69972621,101.0335632,95.72223187,104.3913677,7079.02539,3865.791022,11402.35204,1090.903348,575.8233569,416.6749011,328.863121,204.5470982,122.4507401,77.80882315,59.50419024,75.51406948,111.7528811,3163.145246,3642.37719,668.6543594,452.0289594,275.78552,171.8479554,102.097704,63.48332528,66.36846772,197.8015366,627.7315833,2325.788376,906.3381635,529.4551414,332.9311491,223.6177627,138.7414375,87.20268044,61.81636309,61.35785494,62.85199367,128.182117,442.7224557,665.9662936,9169.948557,4054.500813,2008.315632,2679.921277,661.450139,454.0003504,296.4749933,230.7969639,145.4665597,123.4171103,124.9494931,110.4757172,209.9644916,184.136402,258.6193585,210.6377151,149.4494226,97.58556775,64.33434622,59.50419023,61.48766323,59.50419021,61.4876632,61.4876632,352.407531,1146.134814,650.7252775,560.9326748,358.7059888,229.3801113,138.4007664,88.4907823,85.32733406,121.7723074,75.70700816,284.1073784,2456.778497,1425.391754,625.0947331,467.4434794,296.8555766,197.351367,121.3411404,72.90656775,61.48766325,92.63174798,205.6458189,178.5457224,158.7623462,153.5473123,136.9148985,97.48647839,65.90720856,61.48766324,61.48766323,59.5041902,61.48766319,271.1596605,379.3831863,347.7955596,469.9286504,4128.451137,858.0452203,746.9195479,472.8335269,317.1835007,193.3323474,117.4812159,76.21771867,87.81482371,121.2598887,223.2752875,337.7131889,947.5037253,506.7138471,341.4438417,203.1504491,124.3140676,73.30751843,59.50419024,434.1279653,734.5101503,798.5386904,17047.34691,14097.84419,4458.069222,876.1597237,662.9169748,439.5965848,295.7552486,180.5743072,123.734337,165.9955523,150.25981,101.8919099,216.0156218,158.6736863,578.1874174,3006.893147,672.1782789,444.1036047,294.8859835,180.1451612,106.4973162,72.49156222,59.50419024,64.1224881,65.1462416,133.945301,188.4637596,148.2298001,132.7459874,84.71506332,67.96030791,63.22117792,71.30445938,89.72783989,66.33797065,234.5885942,3240.931275,2858.969771,744.9082596,475.5268413,330.2045364,226.3596376,159.0519739,117.0069426,87.25376631,74.43134565,92.88012386,311.0617342,357.0293815,1294.417992,743.8190455,447.4556026,296.1957729,179.2432557,116.1057073,90.49071758,76.07446141,113.5084035,101.6455851,260.2440923,1215.18544,4250.691067,2191.818088,621.2159321,445.018232,272.6344483,176.6233659,120.5942012,90.66991657,97.88875637,137.8779293,8099.51535
89,SUR_RHU,4780.523826,13914.52259,3902.205985,3085.240002,1235.235411,875.3324884,668.3743297,577.7964024,3119.74876,794.6432923,2227.997544,744.5477475,5371.623197,2344.767132,2023.196585,564.4366333,372.9869367,377.1120669,249.206085,381.91789,414.0109993,5014.359344,2073.885499,4754.146471,6278.68,2824.666663,963.1933823,5471.964876,842.6971973,668.3796919,513.605966,444.2790409,418.4087202,338.9081466,2120.440681,9048.694329,1739.442881,4232.733381,2669.846301,774.44381,565.1682087,464.8521122,610.1248924,539.2669594,1250.295838,1148.96209,920.8790289,568.2463156,4069.417385,10002.95374,809.3025164,1241.214589,2876.226654,634.5452809,824.4068903,614.1900893,781.9370396,522.7258598,755.4666903,222.2832991,4780.523826,16896.84167,26289.2146,9533.285873,985.8735957,643.5117088,529.0182527,467.6381786,460.4923685,1224.412143,328.7502612,5125.767292,5491.452408,95933.133,82452.55029,8284.446856,1146.175869,833.4492503,956.2277812,585.1834596,510.0701306,2519.737091,412.2106466,15567.85691,235122.3977,198064.881,22325.35992,2017.498836,1197.075055,3028.436396,730.7344913,511.3133563,447.19426,431.6662591,1656.723917,2298.981733,870.0698018,7130.401977,5235.875677,2150.912775,675.5991019,686.039123,594.8683714,673.744593,582.4192502,1111.444441,1496.161226,1617.383383,95647.84312,36614.13973,118204.9133,5940.972662,1038.140649,3190.981285,966.8535168,727.9863251,548.7220986,406.2144929,210.5729549,2151.986145,5568.340664,22154.43371,23993.79546,1752.817526,930.2835608,623.0828165,572.2495168,528.8420767,481.1458459,2647.739418,5796.841205,10446.85104,18724.11356,1424.125329,867.7889451,680.3548624,644.8405661,444.3214634,454.6571232,469.9964488,1581.002173,427.0864684,4434.759876,6479.520975,11424.1894,146229.5836,36651.62318,13057.40635,29591.47631,1098.822546,1064.477417,902.7205874,969.4629737,357.7913357,1874.529658,717.998427,2482.499856,1580.638657,1316.829965,3282.171732,700.7416198,653.368769,432.0434509,471.5418726,407.1096304,461.5085748,328.2278084,636.7022001,1706.568894,13914.52259,6382.178453,4747.098542,1012.019068,729.0603112,584.36346,563.7729567,613.8741076,2618.165488,281.6577079,181.5657721,9138.355002,22074.55842,3114.685718,2907.134279,1086.124753,788.0887749,681.7836042,477.4061425,345.8434699,324.3933224,2828.00967,2469.667293,1648.683912,726.576112,944.0386417,328.7760764,509.7948102,284.9162019,328.1907113,337.5038814,370.1454318,604.1855219,5624.291484,6059.936182,506.9602203,13321.91229,28854.52022,4498.347236,3189.933517,836.8893104,723.8962874,681.3758752,593.685574,686.9402379,1793.137179,3435.271942,976.2503398,17023.65885,3201.221912,1543.85861,830.7173317,478.2627186,477.8805201,487.0583683,546.0804943,18771.84663,3082.454259,12776.94114,247612.5857,201093.6334,31216.00345,3494.629235,1750.641058,995.3018474,748.1383334,625.5804434,1105.30723,2709.963842,501.2264883,3251.410806,1095.598952,4874.135035,7485.869429,8267.80463,1621.627818,913.390296,805.7342177,555.1092297,564.8484004,421.0366348,382.9021784,1193.737177,559.6035964,2421.43407,439.2743348,1708.546663,574.6592319,627.0665731,915.1027848,1005.045156,2196.601026,1274.579717,2329.682355,3276.339767,28667.59653,19718.07897,1298.498992,983.62373,2119.855036,834.300781,1058.810964,1045.829921,816.3538582,698.1770632,3189.54756,6941.583844,1186.378115,15059.49271,1442.734518,1048.186463,808.1192976,521.1389916,863.8950166,960.7255511,897.1426047,2055.475286,611.98697,5430.999538,17962.3682,41525.06032,11714.44017,3037.027405,1021.368676,747.2427093,790.706898,954.7934236,816.8189483,2228.625016,2312.976537,71968.53887
90,SUR_SND,73.24352706,456.6623047,795.8117881,526.0004594,516.2291751,153.2431569,7.467340431,0.032355203,12.41062186,20.43518064,10.78709892,7.511529038,62.78990867,22.66353725,48.63635395,30.96936409,5.379443106,0.01888482,0.0,0.0,0.0,17.86485997,266.9888766,181.8637222,396.7269701,559.4318081,833.9267435,526.0004594,563.5104324,324.340452,16.1124305,1.251562816,0.0,0.0,4.543122871,161.1903981,333.3815836,456.6623047,509.2412469,293.3068454,52.16282233,8.943032645,0.185594583,0.0,0.0,0.0,0.0,0.0,25.81546699,136.8402563,123.8491129,66.80306433,30.05649194,20.16657426,1.601997486,0.0,0.0,0.0,0.0,0.0,14.38074948,78.90085228,3274.348101,1249.417774,539.924685,219.3175845,9.772149298,0.312605185,0.0,0.0,0.0,6.955575631,148.5762871,2843.705882,3914.085371,1062.794551,538.5613018,237.2660852,17.02708165,1.951756417,0.0,4.376043434,11.04884995,203.7476941,3334.766708,6031.710541,1670.290995,690.2765959,473.506755,161.1347086,37.68338188,5.551661841,0.057254329,0.0,0.666936799,6.317386096,3.911361159,107.9947697,190.6420074,154.6192894,137.6798008,30.92272583,4.878296657,0.001324641,0.0,0.0,0.543863798,2.403438499,4398.566217,2841.914642,6805.571452,856.0973394,531.1048971,259.1555439,54.49640633,9.081607404,0.240746869,0.0,0.0,0.0,7.200761258,1652.953378,2395.362174,629.3212374,472.1597701,46.11971729,3.703227135,0.0,0.0,0.0,16.18632231,134.0841154,386.6048963,493.3683775,380.5479684,26.38989487,4.793215653,0.894138853,0.0,0.0,0.0,0.0,0.139107806,65.75132784,130.2259887,3985.347345,2095.623316,1277.463241,1875.28047,558.3892369,335.8532277,14.92305178,3.422156056,0.08097762,1.31858697,1.544449209,5.752244233,21.98870574,10.23873713,25.79495068,10.45552759,3.758229363,0.0,0.0,0.0,0.0,0.0,0.0,0.0,122.2231398,380.0723635,167.3071548,88.72270681,17.0127828,1.484900547,0.0,0.0,0.0,0.0,0.0,73.24352706,2186.567059,1008.507217,528.0631932,285.363146,15.68235431,1.773447828,0.0,0.0,0.0,0.0,5.729724326,9.23614112,10.20513611,13.01133995,4.931787746,0.953072401,0.0,0.0,0.0,0.0,0.0,38.10373051,119.6462502,88.0721482,306.7208147,2182.761369,705.4709704,601.9256875,443.9443953,32.35674369,2.01979267,0.0,0.0,0.0,10.90645169,21.06009075,123.4141599,650.2295585,481.4714492,123.9663144,6.439809879,0.139269586,0.0,0.0,150.1402778,467.675073,588.1968626,9107.844888,8004.378263,2703.518004,799.051107,575.6742418,413.6227738,27.65938685,4.240619164,0.313252237,7.254297625,2.773860022,1.528198903,31.53328021,20.15160859,337.9316025,1393.454859,592.9208226,401.889131,24.39202523,2.642063684,0.0,0.0,0.0,0.0,0.0,9.614618739,29.58359518,13.70534722,4.766163616,0.0,0.0,0.0,0.0,0.0,0.0,72.04363705,4458.396429,2027.664118,795.8117881,476.7577873,122.9636971,41.83660567,6.549804522,0.021938408,0.0,0.0,0.0,138.7740389,211.2155083,1395.023051,779.7156187,498.7591644,171.9354676,8.958465691,0.005669866,0.0,0.0,3.669648296,6.179577933,356.3689649,1994.464163,3256.932883,1673.604794,745.1642059,543.988691,227.1368963,8.777117803,0.054385339,0.0,0.0,9.825769227,5932.569156
91,SUR_SDU,124.4093208,650.1960666,920.5064681,636.3533066,572.2486255,174.8699549,19.38219834,9.189945373,57.25928493,44.14367328,30.83944152,18.45052988,131.0502662,43.88176147,77.42662908,52.15850958,14.70521727,6.798498438,4.307791683,6.043905193,6.146733523,66.88602042,341.2838249,259.9108831,618.47746,650.1960666,1000.694752,636.3533066,618.7787968,344.8047262,26.55495525,8.258628851,9.200326167,5.09651423,23.18814819,267.4322602,406.4815688,742.7075382,598.6678961,334.4865064,68.5726161,18.41257541,8.965445211,7.781658488,10.40351946,8.257006885,10.48033033,3.883798115,64.76854223,220.5784076,158.635727,91.64340983,56.45931389,36.64545588,13.40237682,7.712797064,7.298669595,5.140330864,8.659367481,2.321465483,53.82522084,253.4880564,4021.128676,1496.664087,592.0392206,237.550209,19.82877991,7.671634388,6.592774217,15.80141449,5.217975172,30.85610572,222.3915936,3456.524552,4906.097643,1297.910169,589.2831091,257.3254847,29.65046412,12.28436144,6.970135007,38.37708911,25.58099638,373.6896729,6324.044416,7970.540223,2167.354561,910.582784,524.4468801,219.7479311,57.39016147,15.15626434,6.973441106,9.632836239,12.69811519,21.05903553,16.2882168,169.9697399,261.1570423,201.469681,162.5004709,46.27835356,14.95319757,8.492798193,7.458478423,13.88391269,12.96975181,13.29777534,5534.564693,3357.228745,8338.300595,1109.661845,591.6656369,309.3065455,79.58933221,22.02970863,8.312015719,4.8522912,2.19525214,9.847099421,46.09866656,2358.219329,2984.522116,740.712419,508.7004857,60.73266845,12.87789525,8.162427985,7.156167139,13.47478751,77.48407186,312.9979572,1085.367793,718.7511191,441.1132993,48.18123065,17.84581299,9.961057935,7.236848882,7.218039087,14.21967174,6.692566666,36.88535979,144.0568477,276.312071,5740.928261,2697.678028,1616.70241,2460.574298,629.4998627,367.3374816,34.65796801,12.36844827,4.745013755,10.27891518,7.440691602,22.59545176,47.06110848,22.81711818,67.08823467,26.72212573,16.45974465,10.0800544,8.833944514,6.713504429,5.608921837,3.138910672,3.55209661,9.486382136,397.4778231,612.299,298.3063097,146.8006656,38.63893389,13.66344458,10.23487641,9.668043626,13.95116975,3.911066708,2.497507418,124.4093208,2419.301928,1301.38379,646.4214818,332.9086158,35.66554123,13.68110798,8.641477054,6.575191055,4.880751492,19.60758072,28.90949327,33.08515023,26.87393421,36.0557809,15.26110832,12.35746856,8.12514602,7.419198478,6.904546697,6.490624673,3.633646691,143.3986841,193.4542569,112.3181009,544.6528063,3050.669446,935.1837894,736.1378158,476.6014134,49.60172555,13.8485953,8.576129875,6.830735958,4.487350047,40.10063161,33.50078601,293.7368842,836.5342381,522.4080217,144.2094037,15.57635568,7.791852254,7.61079695,6.600923838,315.6704063,564.401822,753.0065908,11863.59479,10194.26733,3168.142992,998.2538403,725.7754652,457.6355215,48.00517696,15.64931568,11.70181686,24.88790554,7.437812687,13.69458959,54.01235471,61.11867821,661.4269811,2146.784263,708.0371849,446.001765,44.36629449,12.82297168,8.844764979,4.654344836,4.515531156,7.57968198,6.586212225,35.76495827,42.94480595,27.6012965,16.17308781,11.95995385,16.13723907,17.06843293,16.35991994,9.451485082,8.087833377,101.6214818,4572.216416,2157.265725,920.5064681,500.5243974,148.9881828,57.81663193,24.06655598,15.64045509,12.249662,10.45657682,19.04318808,173.6422883,225.7932768,1412.127963,868.3812182,514.4168104,184.0954367,16.31750653,15.39327211,16.84453628,16.99086306,26.87442029,14.44188062,420.2926951,2181.374195,3707.28829,1947.772894,833.0325843,580.0069889,244.0082735,23.55795104,17.54416725,12.77105985,7.728198106,23.49610974,6756.679889
92,SUR_SGD,1792.554731,5580.160899,12980.38442,10481.204,10401.05869,7673.913566,5656.645674,3834.831417,2178.273571,1166.812903,522.9771373,444.8911876,879.0767719,486.1655555,1345.77475,1159.124999,371.988518,83.66364262,37.0574549,14.89819399,11.65455809,288.8792255,4184.761744,4859.310372,7351.736651,8942.857992,14150.2669,12393.47984,12022.41952,9165.104719,6954.524241,4823.794806,3046.044268,1582.383535,781.3599614,1709.548372,4073.997907,5580.160899,6495.05785,5063.957919,3824.685489,2293.930801,1125.602357,805.543985,667.8510436,376.3534096,250.7022439,56.63054466,1115.110781,3047.824123,4981.703548,3768.195621,2600.607507,1293.818456,466.5047822,101.7011897,35.71024251,21.78695061,18.34850129,10.85438218,232.0955615,389.8063002,35494.55454,23833.56864,10518.10431,7757.029381,5714.313128,3873.423393,2170.484769,1020.384665,493.8921233,376.4182703,6285.868408,89617.18696,72560.55521,23008.52162,10791.44661,8177.759127,6127.669436,4235.461836,2540.453306,1223.6156,684.2898975,3273.030796,170258.995,154431.5951,36795.76767,15694.49725,10236.73235,7914.153212,6162.63019,4321.147681,2648.811257,1316.747636,572.5262632,379.2556467,166.9352838,1520.2317,3900.089869,4425.452991,4115.572585,3020.581637,1406.137169,377.1991363,82.43816192,136.1693134,96.78615061,84.18440171,73284.80894,49649.97561,85688.63674,17139.0822,10571.44696,7975.685763,6144.101521,4295.298989,2615.536492,1293.403599,639.7863121,384.3112987,285.1246128,19359.32393,37079.52017,11533.96628,9712.697616,7020.221593,5111.35217,3371.856245,1700.246219,844.592957,740.4855897,5545.774293,17300.84121,15298.43089,10481.90858,7728.774262,5686.496246,3756.775244,2252.558109,982.5717314,426.062037,282.8116062,155.7015733,1240.447592,1895.392164,85284.11662,40668.53131,27754.93198,45048.04155,11151.85188,9052.093065,6545.126958,4413.380779,2933.737305,1407.714973,776.6496697,394.0837261,585.579261,500.0173679,989.2395551,759.5310538,468.7680454,294.4326705,70.8708864,15.91692384,9.522933251,17.32728046,8.590754589,17.78388947,2199.340984,10709.06833,10093.41462,9356.822123,6831.914647,4997.392216,3282.478664,1621.190082,889.4895615,596.5553031,326.1355228,686.6946528,5184.103343,13274.06454,10481.204,8651.879114,6061.900294,4334.563005,2642.71221,1156.101273,771.108437,505.2104575,424.6210839,306.5095246,524.3130732,395.7720197,157.819289,133.2499855,153.9072001,44.91307149,20.06117622,10.48557637,11.01044705,385.5147252,1461.18378,2417.611312,7168.130188,40080.50736,13830.24748,13175.78,9730.910683,7532.343553,5278.122738,3420.696821,1919.689192,891.3804115,580.1232052,997.2862643,2255.091444,10486.22553,8817.409282,6896.327358,4730.513912,3227.570911,1619.289407,782.1160639,3839.698887,10451.56927,16114.55762,180844.4761,145002.5847,43726.48901,13404.63047,10842.41265,8488.890196,6459.5963,4520.61332,2839.486294,1523.169688,661.0214366,349.3685649,2753.353162,1752.673956,6315.650591,19189.7864,11360.39356,8818.800141,6664.001095,4604.955742,2848.918895,1415.112151,566.9715161,338.035234,134.0792843,70.30252662,233.685579,107.2967803,69.23414675,22.42522811,23.13235307,24.32189275,39.37424202,38.74635783,16.99528165,781.2679215,32829.71857,37574.9488,12980.38442,9427.772504,7236.630964,5085.502569,3576.540558,1942.756786,846.3650906,396.1231966,297.6430496,694.580834,1792.554731,6300.1373,9913.472214,7842.314485,5922.505954,3968.138178,2453.154878,1096.547492,582.0689195,453.8732169,315.9282095,3089.581838,14790.56783,48678.31026,26622.64948,11285.86404,10465.5332,7789.460142,5739.691468,3879.971588,2166.438739,1037.276122,523.3389096,39267.15274
93,SUR_SGU,9328.197954,9489.009368,13783.94712,16526.85317,17027.97483,14057.23847,11822.38995,10056.85658,9562.282976,9471.649711,9045.824891,9246.774948,9336.054171,8364.94104,9264.541114,8942.82282,9240.460694,8940.009445,2569.756427,66.05788503,18.65644156,462.1053528,1828.486272,2391.657749,6362.789634,12584.39308,18488.04039,17985.97581,18997.77697,15521.22899,13340.0146,10921.7615,9634.192611,9500.639191,9111.919504,9574.533611,9542.286259,9212.887087,10890.40816,10178.17621,9885.613017,9361.658845,9459.646893,9310.982427,8953.858897,9244.482322,8951.817675,9234.659654,9265.90287,8556.216236,9270.489229,9153.478271,9502.736231,9142.688621,9291.575658,9239.293837,8942.038978,9235.908445,4809.412017,131.2633837,319.2555533,1134.763233,20832.49168,37498.17995,17341.21348,14176.87887,11905.47257,10080.90307,9425.898436,9459.077778,9000.171861,9287.102525,9913.254676,92602.82676,86504.47815,36476.42782,17518.78131,14569.2968,12374.3483,10244.62196,9586.003421,9549.543734,9030.530164,10425.47521,183748.9994,174874.3832,49294.47725,26701.44097,16879.61614,14280.10252,12246.59112,10259.64214,9628.72984,9479.245616,9027.593887,9259.875508,9248.253311,8487.483053,9353.260005,9159.689255,9830.806752,9525.037002,9463.003147,9316.647522,8944.72288,9279.574007,8948.838882,8474.403471,70461.38221,60693.31196,102505.3667,30662.4493,17334.39387,14528.94675,12320.29435,10259.20293,9615.415554,9481.017184,9021.651886,9255.115084,9328.197954,14729.20723,49395.96925,20823.31486,16394.79368,13298.43486,11221.18757,9949.522286,9237.889072,9426.747364,9076.719407,10365.10392,17637.188,25292.66528,17245.27405,14201.27478,11911.76181,9759.828323,9759.536795,9451.340528,9004.135246,9239.702646,8977.657869,9327.686823,9465.493914,87666.79253,52720.18771,41891.08649,56251.26398,21020.26061,15798.7787,12882.05251,10297.92753,9947.663721,9195.724947,9368.36312,9273.107921,8365.495396,9242.349335,9022.46171,9243.903575,8951.829173,9223.945163,796.0827704,52.15592882,21.72422266,15.14144117,11.11592638,48.88447681,2688.514786,4421.340676,11535.59619,15110.01058,12833.76899,11046.33008,9951.30069,9222.051968,9412.67412,8975.478282,9238.956733,9378.591483,9917.582331,13783.94712,16526.85317,15316.02635,12160.5765,10361.95003,9909.45667,9171.222941,9318.531256,8991.173817,9259.955136,9285.336945,8352.673319,9249.440217,5914.187182,233.653901,171.4207437,63.14433564,17.11660393,20.33396578,12.40933929,538.2727182,1009.279843,1427.129526,3478.596844,32693.5606,25612.89062,20112.64046,16071.52922,14051.50177,11401.29008,9638.681244,9618.851743,9137.584626,9339.148359,9259.837108,9950.206193,10627.91795,13182.24477,12789.7632,10543.25478,9943.101071,9506.023094,9065.331349,11860.00448,11637.00351,18010.94896,208093.4369,166378.6062,55897.6308,25120.55651,17476.31128,14867.13899,12694.98237,10512.66251,9651.015241,9512.432633,9053.32069,9256.971065,9770.515878,8766.531348,10599.28405,22949.89225,18546.58449,15276.41771,12993.35732,10674.12702,9625.343933,9471.107074,9034.913998,9256.195462,9250.268589,8408.917889,9247.993709,6202.614787,222.9444265,46.29770957,36.9373426,37.78911198,64.58002028,28.15125569,37.24953001,519.3110723,18711.92795,45505.05308,22043.654,15830.05488,13863.26077,10981.8168,9979.431996,9609.627214,9117.383863,9268.605035,8958.563178,9262.084998,9256.350239,9489.009368,11254.05866,12813.49703,11812.27849,9786.696887,9811.281878,9465.341278,9006.245613,9259.571536,8941.353568,9411.545145,13283.30978,54617.47468,40163.35867,17923.85851,16789.64315,14083.93393,11890.25749,10080.67925,9414.759455,9479.693603,9020.808014,37338.97354
94,SUR_SGC,3515.56727,9182.137871,4776.513324,3541.974164,2122.880465,1544.516739,1287.377282,1101.302675,2401.439396,1494.526335,1746.586077,1091.361507,2865.238107,2825.954129,2194.236125,1036.208153,724.5267352,784.9471326,680.1772696,819.1437568,864.1420144,4046.437569,2656.904341,4043.306641,5195.586991,3087.575177,1819.981649,4647.071694,1556.258397,1243.063136,1005.250059,872.0955409,903.0951872,699.5824572,2075.516735,7227.659946,2010.479553,3686.897909,2610.896109,1304.195778,986.4370089,828.9606801,1070.949385,995.6838714,1705.694181,1470.29982,1363.093119,939.0033774,3732.446028,7067.881948,1484.90826,1940.941955,2484.263936,1271.54128,1518.775516,1151.174069,1288.159398,1015.681409,1314.461896,570.9549322,3768.545499,7885.149572,18359.83377,8739.919328,1813.137413,1209.369646,1034.180941,893.291611,897.4238951,1688.28332,807.8443069,4369.177156,4009.553339,41406.86803,34169.98723,8229.584656,2020.629201,1524.077425,1655.150548,1152.042004,1010.149775,2421.467434,889.6317716,11507.62243,83060.30154,67118.94338,16970.65023,3330.477351,2120.153215,2779.820515,1364.168632,977.8239789,864.3795751,897.9765106,1720.594508,2292.580103,1220.709483,5122.915969,3929.668834,2363.807106,1335.390894,1291.163585,1154.977399,1238.931094,1099.616909,1638.88886,1978.542756,2137.349137,42440.48247,20036.84213,46505.07727,7098.096004,1994.287824,3114.620732,1800.150559,1402.018766,1106.809136,846.9901059,490.6685838,2169.182846,3515.56727,15703.57965,13934.88351,2627.337998,1782.929936,1237.698329,1165.440909,1056.834825,960.7416255,1978.706131,3810.828145,8729.381297,13424.10699,2231.019106,1718.760346,1240.500415,1131.136342,868.0634169,921.2998882,920.3758795,1737.814717,900.7610165,3847.466345,6037.230606,6862.867322,53088.44369,20282.88384,11685.93772,16324.41775,2162.572905,2063.448537,1692.130582,1270.928404,762.7292062,1958.538973,1164.418706,2628.090008,1754.554681,1821.093141,3420.035841,1206.940375,1421.958279,1025.459656,1001.898313,837.1543489,1048.904302,907.8876435,1129.418414,1787.851197,11892.26113,7333.292961,4650.7131,1884.16235,1454.066429,1179.815162,1149.64601,1176.294342,2521.670238,689.8386929,468.9283418,6679.050641,13671.41951,4709.876644,3541.974164,1785.393856,1435.26164,1308.928192,969.7730281,769.9815641,734.7117854,2467.554156,2337.997035,1813.801977,1156.853053,1307.817613,557.7112342,747.3819882,598.1588185,703.4421934,725.2629082,930.5588124,877.915502,4327.674458,6311.794262,1164.465935,9603.86411,16121.58118,3935.477374,3173.879189,1566.93462,1363.377657,1263.232785,1091.998842,1209.842449,1849.367401,2731.72786,1346.360927,10657.31061,4776.513324,1964.169608,1466.394199,910.9818555,931.106558,937.5817781,1006.084923,11790.30217,3106.46994,8012.744018,81019.97207,71233.86193,20318.27207,3885.126994,2558.031664,1752.040585,1472.970514,1197.70739,1486.784642,2587.237929,994.8739719,1942.552798,3004.194023,3711.835176,8384.529783,7408.80279,2363.513836,1794.458936,1605.359342,1091.286533,1092.10705,866.003125,752.9509003,1796.127717,1029.738382,2686.297721,831.2995875,1528.627065,1001.115417,1021.346137,1397.246872,1563.810098,2617.164337,1792.281837,1450.557938,3436.698286,16598.01251,13304.75511,2375.315388,1709.1194,2293.300172,1359.407938,1624.36034,1571.476733,1287.6568,1256.272767,2760.172789,5382.16097,1895.257554,9182.137871,2246.745035,1755.778036,1398.656762,883.5503643,1395.311138,1526.108393,1400.464477,2432.613582,1030.022307,5395.241766,11969.10383,19578.07844,10745.81837,3786.613797,1879.101347,1323.835059,1276.829522,1500.991054,1328.885356,2845.620327,2187.91665,30519.60989
95,SUR_SGP,2882.148844,8632.02992,5809.524605,4106.819679,1081.834077,642.7112602,406.9886901,276.2871891,2461.655635,704.1712102,1665.602303,564.0834423,3898.931781,2066.073346,1576.056633,381.0778651,208.7572261,236.3417384,104.1779719,148.9953814,184.4748287,4190.360462,2195.260997,3467.633104,4541.068918,2301.3006,1439.508431,4211.890235,1511.454813,490.733368,287.1003054,188.9072715,237.1668282,164.7307679,1366.679619,6367.741252,1677.816964,3281.887399,2083.637232,637.5942952,384.1687292,235.980525,259.3569683,225.2682654,595.3048963,502.6106263,601.1982597,341.1899503,2682.077668,6101.15331,900.213357,1203.243091,2070.017749,451.9249391,441.4766786,284.4436914,318.8583474,250.0001361,391.5811594,163.6080671,3440.130622,6826.972598,24567.86639,22502.16778,2153.08296,511.4138717,315.3863872,213.039044,200.3231731,848.0028115,192.5619168,3434.217246,4219.369716,86852.98921,80828.09637,21143.74948,2214.888901,621.6172893,946.9788679,310.0872689,244.6945009,1927.011849,302.5739617,9310.808097,205449.284,183841.6823,33134.9467,12310.02298,1009.15702,2003.726297,486.3503043,269.5213121,198.560691,214.7206532,901.0355396,1912.149235,601.5554593,4492.543573,3551.332788,1807.828893,522.3862503,439.671474,302.1023618,300.272273,271.7940712,930.1862729,999.186886,1312.233542,77751.47202,46717.82713,106823.2237,17167.69501,1440.231033,2190.266266,655.480857,414.3199581,261.7219949,196.1138389,114.8869093,1228.392805,2882.148844,17224.3833,33857.43782,7230.079819,791.5487089,438.7887928,305.4579459,236.8873363,220.114217,1630.633755,3770.741991,7131.455542,13627.28688,9645.050383,1106.801807,513.3808089,369.9992148,197.9549301,190.6552125,197.9714588,1106.616401,205.0307197,2752.801947,3864.458775,7072.941631,111210.9652,41033.53759,26130.67779,40432.47131,7403.607839,950.5199243,601.9823538,653.8437372,186.5021078,1320.259307,360.8341242,1593.273917,1031.953395,960.7863682,2289.382419,442.7162721,800.9171707,210.1826121,216.7418817,184.5340896,249.9077192,184.9561257,560.06083,941.0895905,9801.240534,5809.524605,4106.819679,957.6672942,599.4787684,366.7894511,275.566178,325.0488385,1659.777204,142.6029805,103.0222675,5346.067439,13302.37591,4299.953165,2704.304342,801.8791193,550.7079887,362.9170101,218.086125,156.6589595,175.8114638,2624.784612,1964.002992,1377.581747,566.1142158,538.0339171,119.2504326,300.1056799,125.3671124,140.1193761,145.2144071,171.1236983,377.6223859,3509.569642,3969.987362,523.2548467,8786.975317,25362.30287,13155.53727,3925.271953,813.1163172,519.1678226,377.5373155,273.2551189,408.8523863,763.1229485,2376.573658,527.4715221,8632.02992,4275.255675,1044.526211,571.23261,265.9070287,205.9874969,199.4067868,234.6679474,12142.79619,2907.719453,6785.063497,233258.3017,186538.862,41583.50447,12161.84715,1554.404397,795.7681344,531.4432022,340.2277378,590.3149947,2134.086556,279.143289,1462.182846,1656.634256,2876.929487,6630.325632,12233.91828,2539.468764,766.5597679,554.8392673,294.9212687,265.1330601,218.5637309,228.1643672,725.7889319,377.6085647,1945.625167,231.4248333,1255.565327,277.5949861,285.8780511,394.5676713,451.8959606,1290.562925,857.3014843,818.0714405,3062.57966,23173.07953,31639.06464,7502.490766,850.5554872,2334.275169,553.5882342,639.5830098,503.5872009,389.4279183,379.6743626,2407.886071,4601.632086,1077.45706,10678.88706,1774.198508,903.3097435,562.3212496,285.5321019,417.9931175,462.3214949,417.3228437,1391.026436,251.2664511,4258.348667,11076.20579,42223.87825,24837.43835,4329.98969,841.5846199,498.6531571,411.7137264,459.0261772,397.7467634,2289.483811,1560.976776,50820.91482
96,SUR_SJC,3914.416799,8131.010572,3020.39521,1662.206299,1197.295515,847.6071996,647.5814178,560.182209,2942.241579,757.0908012,2132.785328,705.9868809,5174.200115,2216.393869,1936.952789,552.4518179,363.4324862,368.7605282,242.2540875,372.3488947,400.7247403,4705.178047,1992.116272,4548.973336,5900.949157,2714.14849,927.5990445,5181.184611,818.908252,649.3272236,498.4959209,430.9326874,404.1684187,322.8545398,2036.090175,8478.577035,1674.095585,4067.359647,2578.686938,755.494284,553.1177397,454.5281833,597.7145788,526.2281499,1207.407022,1110.119542,874.3318251,523.09201,3914.416799,8131.010572,788.7044576,1190.957412,2721.359763,615.5460346,803.8031665,598.255982,763.8235699,502.0746122,727.8857674,207.7578928,4539.103699,11472.08344,15112.60977,1497.489816,954.886407,622.8922019,512.5976247,453.365443,445.3036299,1157.37219,305.9539231,4848.239124,5098.56786,21049.4843,17469.78275,1612.97325,1109.159874,804.7482591,915.4282236,565.7513137,490.8519202,2401.834263,389.1190778,13324.07272,44564.22087,28615.79699,6343.235365,1534.438782,1165.618388,2933.764666,712.1239253,497.8918332,433.3191237,397.1644392,1549.880181,2189.833299,811.7932559,6790.030341,4970.873319,2078.472448,656.6864212,664.6686961,576.9128625,655.7973511,562.6988775,1072.333907,1410.368688,1513.915327,31621.47534,4777.295332,26373.01531,3125.222354,1008.224518,3068.006879,936.6788461,704.4453603,529.5556847,387.4980198,196.2169925,2024.200056,5120.325715,12889.98221,7067.608072,1662.206299,895.9141882,601.8820773,553.7177849,513.4475788,464.2657783,2464.811999,5253.891522,9618.913492,16512.50748,1375.52736,829.7584791,660.0384258,627.7866267,433.0727997,442.1801469,457.7116695,1497.188421,406.5779691,4183.581266,6089.126176,10417.6562,48042.62034,11995.61431,2834.24096,5327.368301,1040.307413,1030.749906,883.4588753,943.1136409,340.8806084,1788.289446,683.6419833,2386.328984,1507.303887,1255.282799,3115.191162,651.4695883,619.9737223,417.1643056,456.4284874,392.4849322,436.0007441,305.1202278,592.4598739,1621.662512,11986.04253,5827.409207,4330.561361,979.9597872,701.279995,564.2803744,543.8808205,586.8703699,2450.645592,263.2420406,166.5998233,7971.382771,17319.56778,3020.39521,2752.094038,1057.330559,765.3983963,661.8252683,462.1458666,331.0320765,306.1201712,2657.395891,2299.780664,1573.574535,683.0549986,912.078183,321.6285142,482.5190921,276.8563368,318.6528688,326.7002255,356.0999682,534.1478133,5351.451192,5742.051104,485.0514761,10886.97394,13701.70972,3921.099161,3108.061346,813.0668394,701.5571405,661.4138805,575.2980113,646.429933,1665.210711,3289.192043,908.7420661,14923.09154,2820.636684,1429.356127,798.7593685,462.6363153,463.0361944,472.8834754,531.5444083,15258.37437,3005.484949,9674.618098,29712.67911,29710.815,6358.902047,2964.472302,1698.293523,969.4027582,724.5424592,607.5014703,1067.394132,2557.897917,457.3011879,2994.65365,1033.342452,4473.59997,7130.090811,6912.950641,1562.398604,878.9019643,776.5441344,537.5246679,545.4735283,395.7365147,364.4828779,1114.429674,537.7611355,2308.418738,426.1225765,1644.213642,558.5281916,611.1207362,894.5977707,977.4335226,2088.269635,1205.135189,2226.672795,3098.408131,15683.19041,4051.14497,1247.403859,950.3707236,1922.467461,803.784715,1028.028842,1017.393953,791.3308916,664.7747032,2982.901942,6348.889397,1120.128724,13191.44249,1377.646754,1010.636722,781.5423935,506.6001487,839.3899028,931.6807394,870.8639103,1931.330164,584.6778417,5076.970064,13310.0473,12695.98243,2593.667566,2885.656684,984.5098015,724.4309332,770.6470457,927.4308871,788.2949489,2167.312871,2205.158178,28441.74113
97,SUR_SAC,35.11452806,305.1510199,601.3498616,524.1056168,423.990655,70.74822279,44.84451785,24.43449112,14.12101952,21.53216845,17.37622274,16.0302385,19.95246932,19.52562774,33.06857598,32.07127441,20.30665462,11.23221506,4.515402731,1.296391959,0.567519188,5.832385953,251.5227035,317.889704,271.3718884,202.97639,483.3787131,245.1864689,223.9033964,67.81397728,43.4720016,23.4281815,12.20007027,6.075469446,6.714077477,71.41165768,191.8844488,473.1353916,253.3095223,103.4843035,52.257343,30.7807287,15.85521826,7.270856549,2.872909018,2.579759857,2.661867928,3.303948921,12.95279799,72.56561723,115.7647364,89.75393129,73.09370796,70.13770062,44.78114931,24.41795812,11.88847996,4.539172,2.247929871,1.761847365,11.35921367,33.15985678,1940.875109,855.5787448,451.6573612,74.20217453,45.78982432,25.1216415,12.33659792,6.05886828,5.48490617,4.45568903,73.78892106,2395.950781,2430.222011,799.4027833,428.2840094,71.30856151,51.85910941,39.25855222,21.28831998,13.22661305,24.51375505,131.7852692,5040.577401,3114.700399,1492.050047,741.6934792,389.3403102,198.569732,77.99291817,45.39218528,24.24404352,12.98795953,5.954344488,6.273194767,4.619512422,17.38052479,58.46988312,110.1222894,138.8796682,62.21082382,41.51285136,22.34025985,10.93746322,6.684676722,5.458526755,5.225612099,4076.250098,1559.134314,4115.175917,859.8146019,536.7106677,168.6813162,103.1111441,50.81009231,29.20785559,15.15067492,6.604934517,4.223896793,6.502999821,1557.891605,1796.889457,664.0832747,417.4109586,69.53235074,44.34078512,24.03108777,11.65352307,4.923075654,14.37210583,451.4049288,1243.297114,763.4634737,475.752306,78.2810802,47.03826812,28.24040129,15.74693709,7.659956573,2.689236662,2.651632436,6.656490477,39.70180404,67.39460225,3845.28779,1621.444368,893.4936946,1712.502854,595.6478851,209.1998178,57.66709094,36.22345732,19.05467256,10.93791824,7.802246337,4.999508183,14.08078973,18.20558073,40.69686392,49.918503,37.83583093,25.54026407,13.87077074,5.482270159,1.836706267,1.926611856,1.263512661,2.227331555,305.1510199,923.9102271,592.958077,271.9132978,80.83272152,47.32656818,26.5495662,13.41896834,7.103699495,7.196258236,3.318004337,25.36395358,358.9181074,815.5392876,594.9937261,213.6443304,61.38678338,41.37801453,22.17002737,10.50191815,3.622144039,3.465593435,10.11833791,10.41863631,14.06974922,13.76645188,10.71467544,5.018388383,2.325024922,0.895431412,0.305565947,0.140023784,0.392892021,14.19928427,30.05527735,43.21404863,345.3889164,1424.294763,595.0424488,419.6378867,118.0772582,58.27706643,37.41204045,18.52238215,9.65859285,5.452566363,4.975142194,11.05872773,73.86832283,331.7825233,121.4173955,61.53098762,37.9636948,20.52792218,9.856034673,2.741926482,136.2900975,381.7040494,210.8810897,6350.491168,4403.181236,1848.106501,716.9394607,492.7744864,94.78783019,51.21330665,30.37018357,14.82629937,13.17595178,13.45474702,9.750489432,42.86453896,36.39853026,366.7026186,1255.306,558.8280451,137.9971656,56.43394724,35.83222164,17.29408747,9.141747616,2.702674552,2.918648865,2.996133277,5.307388247,16.93255432,15.04156817,12.45599126,6.460500129,2.760678593,1.62757374,3.105513843,5.312128059,2.944170045,14.81760191,955.1387034,877.78267,601.3498616,133.8093564,56.51777137,50.41543927,33.01980237,16.59000986,8.46405653,3.255662507,4.554029731,16.69769613,35.11452806,220.6576072,193.7543447,64.51854747,42.0661605,22.36171743,11.61104412,4.666584923,2.092380964,6.472598533,6.68555225,26.36685274,254.6263717,1052.922129,774.844332,524.1056168,162.1802891,56.88201721,38.12272822,19.58743121,10.20211285,8.503659502,10.71619518,1014.717609
98,SUR_SAU,48.43844693,1050.747485,1384.844583,1250.219194,1303.852148,1191.851828,1229.837824,1229.754298,1190.084804,1229.754298,1190.084804,733.2274706,32.62607964,30.85910829,43.62815345,37.72915939,22.40477013,13.74356152,5.690540416,2.724690064,2.04146744,30.32741452,1122.847183,1301.34328,1301.937873,1222.425691,1294.922009,1261.285969,1262.450993,1191.397459,1229.85833,1229.754298,1190.084804,609.3472347,15.63570497,362.2620384,1258.349028,1194.645929,1273.434513,1195.941287,1230.059006,1190.084805,1229.754298,965.1959531,6.21620964,5.406939493,6.551323267,5.285926447,29.81858599,357.2237543,1236.957079,1203.357221,1235.074261,1191.917874,1229.861061,1229.754298,1190.084804,517.8401747,5.286891566,2.945180055,23.44809683,87.58036414,3032.393628,1589.513695,1306.227255,1192.171816,1229.883141,1229.754298,1190.084804,593.6938551,7.784895056,15.66011604,659.6269166,3731.913708,3678.157659,1519.71238,1302.448121,1191.752418,1231.29414,1229.804775,1190.084804,1229.754297,1190.084804,1261.770447,6913.333176,4474.48192,2461.309365,1432.797483,1301.597823,1224.767749,1232.008763,1229.864508,1190.084804,1229.754298,615.1187982,11.38251789,8.643504041,36.22740035,273.5972387,1198.710615,1243.142133,1191.03679,1229.84606,1229.754298,1190.084804,522.2788418,11.19482262,11.90325544,5548.030169,2499.97764,5735.677356,1610.871558,1307.961705,1213.157789,1235.793532,1230.004668,1190.084805,1229.754298,887.0426561,9.419689578,29.60073241,2374.995005,2886.911784,1334.528821,1299.470726,1191.717939,1229.832575,1229.754298,1190.084804,456.7508413,38.18583872,998.9230318,2250.672472,1449.562092,1295.159544,1192.770904,1229.88585,1190.242665,1229.754298,971.8777817,6.400145856,4.489129828,21.02419618,164.4080033,1230.534544,5426.653688,2681.845315,1677.254039,2764.361826,1229.847112,1265.691713,1230.277264,1190.124806,1229.754298,1190.084804,436.3693478,11.99792021,22.27227953,23.73170788,206.0168705,1229.754297,1190.084804,1229.754297,991.8631217,6.888028981,4.139644575,3.958788443,3.489064507,7.332162717,603.4799365,1693.364817,1271.153066,1285.57719,1192.911812,1229.918799,1229.754298,1190.084804,764.9116867,9.547081227,4.732342868,53.44908315,1050.747485,1576.549762,1222.573704,1265.621404,1191.081444,1229.835373,1229.754298,1190.084804,322.9547072,11.46305675,17.88531154,18.54074191,18.44268343,18.67256427,12.11339895,6.83385312,3.342998773,1.928829441,1.345964069,1.360267757,1.310490206,29.25311219,46.29324933,48.43844693,763.0997633,2450.785215,1256.484424,1315.740491,1198.684937,1230.288313,1229.779872,1190.084804,1229.754297,195.8895757,14.42194024,15.26401877,249.7956455,1304.347535,1200.822892,1230.743437,1190.115875,1229.754298,1229.754297,144.334287,590.5331631,1249.743907,1334.645325,8415.371376,6040.082199,2939.936283,1413.648856,1277.279038,1195.010674,1230.06916,1229.754298,1190.084804,1229.754297,720.4151894,24.55071896,695.8598622,1110.745817,1384.844583,2193.687671,1281.800269,1203.765653,1230.222817,1229.764624,1190.084804,1225.039866,17.90821423,7.251124771,6.32584635,19.09299662,25.36061459,21.50209389,15.80460037,8.620134149,4.919951766,4.156746699,9.774627216,9.448307165,7.079373488,34.91663917,1786.062711,1647.720214,1297.110347,1202.456969,1234.079064,1190.450489,1229.757558,1229.754298,1134.748843,6.073656251,14.58102339,37.13665827,47.23011812,964.5693911,1255.823652,1191.685162,1229.838189,1190.084804,1229.754297,437.6953682,4.372481809,14.49314327,9.360427181,54.73677298,1080.291983,1923.595118,1512.105185,1250.219194,1249.775978,1190.607309,1229.774815,1229.754298,1190.084804,355.2546719,19.38386102,1682.898279
99,SUR_SAW,10.30192385,55.04195517,1049.346969,1785.12712,1844.662306,1785.127121,1162.999827,2.765099301,6.118024503,5.571511248,4.581561898,2.889073691,4.662865443,2.749195542,3.011785226,2.068951301,1.455857983,1.582006256,1.697219228,2.25564591,1.989659243,11.33829237,21.07029842,11.27012615,11.85249924,10.53598759,12.33997388,10.70807839,7.831775665,3.778870734,2.540648245,2.162905562,2.099527819,1.439894814,1.821948974,13.82022257,10.30192385,9.376212037,6.208602801,3.555745537,2.148553621,1.832883651,2.373995328,2.137692959,1.963440679,1.856807859,2.158219658,1.758615546,1.902790602,31.66386013,18.59225729,6.117663129,4.314363952,3.947676857,3.628116574,2.475976113,2.651273249,2.255237532,2.646790004,2.136105827,2.416754067,9.416140345,284.9216465,1785.12712,699.8760074,4.854061269,2.470673274,1.812118561,1.47317235,1.57024404,1.715115645,6.228700054,29.04063465,1263.468321,1912.818833,1792.663974,1844.633331,1785.12712,844.5397512,3.063455435,2.458603502,2.496832137,2.215686303,22.33834518,2022.745373,2783.374302,1992.460967,1797.31375,1844.686329,1785.127121,1408.832727,3.053624948,2.235805851,1.844172444,1.971950416,2.481348655,1.46851079,18.3686852,17.12874604,7.503570036,2.989331275,2.54660229,2.117594981,2.661308378,2.45502932,2.208806257,2.246909721,3.004403366,2608.302504,1731.258321,2186.632783,1800.123238,1844.913608,1785.127121,1717.03732,3.388676465,2.721411896,1.768692539,0.89825882,2.895958056,3.099448134,388.5027918,1844.631357,1785.12712,911.3733054,4.231735207,2.87251409,2.5347721,2.439560936,2.923920787,7.281373623,967.8388119,1867.114347,1673.958639,1844.648164,1785.12712,943.2427533,2.523761161,2.407620654,2.348233783,2.544029806,2.377193991,3.981114466,32.51732363,10.83716552,2502.031758,2103.051369,1828.142346,1861.452038,1785.258387,1844.631358,1299.787598,2.735328273,1.940090661,3.167150934,2.116113713,2.179522745,1.948354866,3.447737165,8.738799925,4.309446463,2.7400452,2.222992531,2.397423553,1.833622935,1.934128025,1.878571875,1.489611434,1.706872464,472.8862344,1846.751087,1785.127121,1844.631358,1711.220668,3.589569923,2.761936911,2.193476993,2.620271089,2.330336578,1.205548887,1109.336627,1824.097273,1931.484442,1789.888924,1844.635196,1785.12712,940.4425225,2.424554662,1.665946531,1.247329804,3.066010703,4.358071473,3.238874849,3.022334477,2.04305043,1.126045131,1.515200909,1.624399991,1.674096447,1.786874481,1.726795393,1.156371631,5.216923757,19.27099789,10.8658198,46.17856498,1049.346969,1785.396029,1844.631358,1785.12712,343.2171215,2.757671519,1.935055209,1.215246713,1.015545174,2.656841647,2.826303418,299.22823,1844.631357,920.8698543,5.611545689,2.512820928,2.2698734,2.160030059,2.512829211,16.42962983,15.35324546,175.0722191,2821.556575,2746.192706,1952.991078,1793.457481,1844.928426,1785.127121,1528.629725,2.758679036,2.123157339,2.919433847,2.355417473,7.190194706,16.38997415,6.985061356,22.07729785,59.77526334,17.9769309,7.708968798,4.415734029,2.957166097,2.510957162,1.91907445,1.449543422,1.584007822,0.9120479,1.160456426,0.732509319,0.920690386,0.853556466,0.853173961,1.175088774,1.208016756,1.854230087,2.595033902,1.327993339,4.00700343,334.4180558,1732.388111,1846.645494,1785.127121,1844.631357,213.3169179,1.901407329,1.394701911,1.019437566,0.767247488,1.41272726,12.10879119,8.772301667,55.04195517,33.21531953,8.983180867,3.559271002,1.453544035,1.558370039,1.313065633,1.088185196,8.665877734,3.593089507,15.45720395,609.8925575,1805.742003,1859.613159,1785.562046,1844.631358,1785.12712,139.8692234,1.667803057,1.133957115,2.096439144,1.521859757,742.3506092
100,SUR_SMD,35.47335505,120.3327859,138.8389016,93.60187959,46.47153297,15.49062797,6.705843184,3.96627508,16.57270866,6.524724352,13.7068583,6.496349601,24.79852515,23.13184541,20.65255858,9.57685847,3.934479677,3.514384018,1.595252237,3.826936905,2.669794528,44.82307907,54.74256535,53.86315568,75.6534689,72.93578839,55.113604,71.6312859,35.50170037,11.79503605,5.215626241,3.000255967,9.901778828,3.590238005,17.74898199,56.30617992,31.75605769,110.3760576,56.54764477,22.20852848,9.467007614,4.73183496,3.385887881,2.763154377,6.096854696,5.68040975,7.060118246,3.585774269,35.47335505,52.23847311,21.14388203,21.76944914,21.81280319,10.23921023,5.98696602,3.587413335,3.877648494,3.402084724,6.552331437,2.286953063,23.10284712,86.82209882,550.9679005,171.7289578,48.89150293,15.3150542,6.247216749,3.475558168,2.9352889,8.603550821,4.022095305,24.31850965,48.17140135,741.7889719,746.6385082,196.4634311,57.79228973,18.95000779,25.96231348,9.289296563,4.963122592,25.1017613,9.214553957,117.6203711,1525.579404,1126.155808,398.3764881,167.0636911,50.56905187,68.40230219,20.19633419,7.425922653,3.9960203,3.182673948,8.92407642,11.96733343,8.544374825,40.3223913,48.10534554,35.38244265,46.47263483,18.42154846,8.328765785,5.128564175,3.912672089,9.500609827,11.57018511,14.85373775,1171.384962,377.4141196,1052.590114,207.5206397,69.61895534,57.84302343,29.50794853,11.10864911,5.148467095,3.569786244,2.537610656,11.02726106,47.44459221,798.9119768,452.5202123,140.9969769,48.36405172,15.72086291,6.865910063,3.769865641,3.031995877,11.91620557,39.3795813,166.6292948,402.1503666,165.865435,54.45178112,16.41084561,6.756931808,4.962034246,2.717750086,2.381557512,7.045494447,3.275818273,23.89791595,49.64430125,41.94722555,1297.259743,525.476401,265.4652579,578.8468424,110.7839684,40.98150016,15.69351676,6.204477106,3.621579683,11.7647873,3.718540862,15.24303719,14.41349172,11.9736046,35.27441267,12.30102216,11.55288453,5.139930445,3.679934345,2.637742036,4.374129749,3.44705612,3.134644226,10.21977459,122.5803738,176.3860026,102.8947524,48.26617623,16.12465699,6.762822756,4.237199248,5.902658158,9.307288869,2.949021082,2.216889362,47.0977452,140.0340592,168.5463705,95.00556167,35.85369558,13.37898253,6.516174346,3.590857465,2.733001112,2.86446941,19.85591145,16.56514467,17.45720635,8.57232341,9.330611938,2.873142126,4.417662541,2.428682915,1.994527311,1.985937362,2.339633949,1.759553946,40.74666728,31.75063527,9.487135769,120.3327859,365.9071021,93.60187959,85.33005224,29.5999379,13.16042242,6.525058979,3.882214206,7.268626237,6.341028695,22.90764904,8.471639463,163.8285536,124.9860918,40.93511166,15.52381524,5.349143679,3.334091676,2.524658418,2.604337268,202.4590751,74.31210405,170.5747148,1935.637649,1308.6139,447.9239381,136.1380356,65.21011494,21.39107926,10.45420818,5.235114571,4.730125332,28.27702425,6.261328361,17.45795322,41.70869923,38.39537126,138.8389016,414.044039,73.22055345,25.71570547,11.38567059,4.746334577,3.74123085,3.117124572,2.439802113,9.430534819,6.362193625,27.4003901,9.566654061,13.31864765,6.127517233,3.998537744,4.108506938,4.835015327,13.38008961,5.331242882,8.310988282,35.29928331,529.749916,342.3685577,130.4475042,37.83541091,32.6965079,12.66459875,7.38627729,5.205368242,4.302671968,5.503318088,19.26898819,24.36224686,15.83638578,93.39039489,31.18798923,12.58868014,6.227049715,3.311839272,4.553546495,4.886175498,4.34564641,16.60062322,5.048183448,63.23986843,199.698546,405.1470247,215.6012251,119.2118692,43.61164796,14.20620845,6.670997529,5.716213048,4.884981371,32.82710118,20.06893303,676.1339406
101,SUR_SPV,5089.874775,12225.8099,4452.392917,4426.660641,2439.174627,1731.528155,2432.488219,2018.030848,3889.675861,2243.960625,4555.927503,1794.785217,3505.710893,2544.085837,3364.790092,1073.17357,908.7432937,1239.123664,1621.350673,2255.950145,1868.267826,14889.38158,5296.922959,9004.343066,8059.26085,7289.555459,2281.214261,9013.65879,2277.190599,2178.052614,2122.532043,1890.137525,1823.434809,1176.373477,2528.399701,12384.39485,2571.515675,5792.031868,3027.516681,1286.250535,1175.412735,1365.770692,2202.637119,2158.746889,2459.42054,2232.560588,1899.721571,1108.810966,5637.951009,8907.967024,1934.27351,1503.393097,2690.085758,1979.277171,3132.269708,2414.234552,2119.449864,1732.696722,2275.739076,1370.987457,4767.09189,12937.50261,19388.65311,3363.900775,2233.341171,1520.909146,1610.177076,1575.005888,1339.102176,2452.558245,1113.050881,13954.11548,9154.276747,67653.07736,32807.60797,4426.660641,2527.991208,1764.967654,2059.432867,2025.556994,1696.23665,3280.139046,1069.730202,16648.78012,56641.13368,45290.92111,16758.72238,4394.391936,2417.576909,3273.503567,2045.645663,1606.700053,1469.857708,1968.910222,2113.806521,2760.841055,1590.907822,10650.30451,6857.258698,2730.133295,1365.718524,1671.89279,2239.457763,2422.153178,2003.068172,2678.532627,2502.211303,3558.473333,67003.68125,8983.200563,35760.23145,5874.915876,2528.542628,2940.256293,2049.244158,2165.70583,2219.299234,1454.432778,732.6261797,4253.315972,5193.669564,12984.24409,6791.431935,2980.888032,2120.252823,1988.10462,2500.733037,2414.39294,1990.726087,3759.860859,5756.867465,20497.28264,18014.81555,3209.915836,2118.312059,1490.099487,1701.256832,1876.145192,2441.74814,2223.250567,2499.45062,1546.592981,6930.458088,17376.68566,8651.041285,90971.73881,17014.91494,7373.06537,15162.92374,2565.590102,2423.358153,2423.879273,1940.215512,1334.435924,3799.281832,1672.732901,4649.779544,2323.74186,4452.392917,6735.587327,1399.182677,2178.773249,2118.079531,2148.811767,1767.272235,1692.519828,1960.363577,1724.255265,3598.203882,21083.85168,10746.72065,8885.927098,2429.547944,2037.194041,2125.02573,2467.162103,1868.326299,4653.011058,1269.604375,808.9614971,17689.71207,29629.03479,16939.85771,5695.499002,2179.440547,1804.379951,2069.424888,2000.542442,1667.930206,1529.338527,4732.939704,3150.465217,3163.906417,1239.90773,1214.197206,727.189431,1177.172797,1482.155221,1978.608941,1948.870293,1970.46418,1174.522096,8009.584097,9918.462508,1696.396382,24055.55963,13252.44348,7336.270535,6359.719315,1501.255775,2077.523227,2109.549694,1964.349594,1733.767166,881.8040764,4515.754564,2302.018002,14414.93667,3293.391178,1548.647417,1739.195286,1639.866071,1937.279504,2083.440362,1953.868422,16257.10119,2858.289326,25270.77943,55478.71169,58593.65855,9884.381485,5276.105341,2910.665557,1813.973526,2123.76262,2164.121611,1736.192711,5104.298681,2204.506142,6210.324242,5089.874775,7886.662733,9829.574861,8901.281877,3620.911821,2219.06811,2608.046496,2022.270107,2044.423907,1355.407576,1232.50247,2516.11656,1315.890013,3714.503891,671.7986754,1754.889537,762.173969,748.8661818,1056.436931,1132.99571,3352.261512,1854.518562,1371.269308,3587.599402,33865.61713,9982.47595,2684.45577,1485.046809,1237.722262,1013.095824,1185.766587,1076.919196,870.1794067,794.1080295,4473.791305,6857.722864,1777.821813,18431.80103,2789.449008,1409.910543,1167.568347,634.0102283,1016.264891,1049.652655,928.2209035,5590.54885,710.306553,7872.964322,16538.92009,12225.8099,3643.496011,4900.753004,1520.095106,1006.206511,934.2056878,1016.303074,890.6086463,3914.53407,2841.878506,24689.36473
102,SUR_THM,3946.663761,8215.050671,3049.245489,1685.792251,1208.888619,855.1166106,652.47615,563.3032799,2959.799154,774.1856241,2153.003171,714.9964279,5181.300011,2242.298574,1954.238478,555.0421359,365.673861,370.0173555,243.9865948,373.2440564,402.7855221,4754.762613,2018.034034,4591.423542,5941.547929,2749.136492,947.2135805,5241.820447,825.1696712,653.8889767,501.6214988,433.5297448,406.977618,326.5515776,2052.685627,8554.554196,1691.679789,4089.329628,2610.875463,760.2808337,555.806335,456.209893,599.6835788,528.2523922,1214.680146,1118.28346,883.976855,531.3157578,3946.663761,8215.050671,794.5257708,1202.340449,2753.02126,619.5579965,808.0599044,601.1066567,766.4512746,506.5571576,734.3150994,211.6987682,4584.167945,11603.17832,15285.83633,1515.224696,964.0071444,628.1916098,516.1890647,455.9731914,448.0077044,1170.912418,311.7889506,4897.005985,5157.286974,21268.34333,17679.42032,1630.108694,1121.177416,812.233581,925.0235757,569.3672385,494.567064,2425.825405,395.6047629,13459.33853,44795.85612,28748.93743,6375.861531,1546.116708,1174.758579,2954.365151,717.1612103,500.1639652,435.7808363,404.6866723,1571.431106,2213.277637,824.283852,6859.646595,5027.282789,2095.414592,661.813343,669.1961051,581.1109079,658.5763361,566.5980763,1080.136699,1428.177866,1532.919389,32077.31749,4812.678596,26679.72109,3140.688632,1017.866848,3094.740879,944.7945623,709.6007688,533.6238888,391.8662085,199.8761531,2050.329131,5182.91035,13045.55161,7162.090503,1685.792251,906.0965727,606.7304689,557.4937444,515.8339107,468.0732062,2501.35809,5303.798106,9719.0271,16680.5258,1393.749902,841.1538616,665.05589,632.0624179,435.6877348,444.6339955,459.2688704,1513.593602,411.1595298,4231.335448,6144.236932,10530.55238,48617.02444,12156.73014,2871.628119,5339.37316,1048.877493,1039.805382,882.5499294,954.7825308,344.7991376,1804.224188,693.0606025,2404.066233,1524.281776,1266.479697,3150.334737,648.7394679,639.9459163,420.1331761,458.7797262,395.8585051,440.8327424,311.1955799,601.2496327,1639.624188,12121.26475,5929.841591,4386.452479,989.5082722,708.2736224,568.6552829,547.9433728,592.5802051,2484.070926,268.5169811,170.430004,8088.844624,17550.90388,3049.245489,2787.194727,1065.91105,770.5460395,666.7736073,465.1558026,334.1089548,310.7343845,2684.350404,2339.567553,1588.95275,693.4742456,919.0670731,323.3795374,487.9675544,278.2654326,320.1862078,328.5918074,358.539966,548.7782012,5389.991845,5806.449281,490.8633283,11041.42723,13845.95681,3952.837871,3137.021284,819.9350728,706.9554923,664.9610872,579.1716197,652.8955222,1693.626621,3303.759863,929.1743447,15063.52498,2876.037448,1477.286598,808.0979768,466.2017754,465.9294815,475.6558014,533.3576612,15375.04684,3025.250472,9800.556158,30024.71084,29771.89188,6405.381311,2993.277146,1712.10408,976.4939094,730.2445509,610.9329126,1074.970914,2589.1517,466.658137,3027.334839,1069.440387,4520.359284,7207.179059,6978.568041,1576.398638,888.4751787,783.580132,541.0979165,549.2249136,401.5411906,368.962555,1130.508885,538.8222118,2334.071815,429.4175156,1656.877265,561.0737909,613.4113144,897.9249323,982.589088,2110.903755,1220.473889,2241.988776,3143.08795,15887.8389,4106.323882,1262.707142,958.9502092,1964.768161,810.6660626,1034.780449,1023.468854,796.480115,671.8435711,3022.483449,6425.119896,1135.984683,13330.89256,1394.301226,1020.950472,787.8166236,510.0997081,843.4209403,937.5360474,876.2353529,1957.714548,591.7858486,5137.202817,13465.10237,12829.78419,2628.783108,2921.827647,994.3853819,729.75069,774.3449004,932.3307613,794.674791,2180.303682,2227.734679,28748.81416
103,SUR_LAU,3978.165145,14257.66691,4473.765766,5293.06656,1601.673142,1067.979168,1554.388328,1257.165208,3332.3301,1430.744984,3235.434548,1007.591593,3208.81688,2245.338742,2968.127397,697.0580444,598.3317767,940.317645,1008.994912,1406.256884,1142.934413,18554.39843,4483.66033,6136.671407,7288.907642,9028.186975,1950.85793,7609.23632,1438.159883,1359.486614,1347.184347,1225.335591,1066.703913,704.404865,1871.673231,9717.327639,1634.848065,5856.570093,2069.399785,769.8332331,778.698393,843.5536644,1389.190276,1343.440595,1636.264314,1608.795621,1520.235182,662.2550155,4531.130283,8462.547285,998.0069611,1830.333125,2116.878694,1194.837162,1975.278952,1645.335267,1316.439611,1025.402293,1810.927882,690.0917293,4071.109976,13545.9742,27596.2994,3976.733075,1474.280693,945.1217892,1019.779488,971.7013065,828.0529795,1374.594313,583.2622125,11488.536,9478.593678,99130.96893,49294.47546,6000.316876,1789.373086,1061.141714,1414.274713,1256.09659,1047.328807,2974.136451,632.9512755,16195.63736,130359.1561,103765.8886,24154.42639,4063.975349,1621.053678,3340.810477,1319.381881,994.5962792,903.9656285,1280.693435,1866.642093,2932.89301,1277.074447,9485.045389,6007.338337,1667.862765,714.3245284,968.0941767,1406.920945,1497.852978,1253.367548,3655.108078,1762.006315,3283.141441,94671.69457,15205.92066,61412.94607,7242.499745,2237.066624,2385.472392,1290.104374,1370.975636,1392.954907,864.4172136,409.6574263,3097.502817,4038.370163,18708.19729,8814.99124,2501.859315,1354.180474,1232.07014,1568.55998,1509.940671,1253.836946,3064.34965,4915.792153,18039.25289,20434.1562,3284.070884,1397.498123,957.0482254,1095.056571,1179.784731,1536.742898,1380.877709,1791.338378,926.0163217,6343.333013,9925.524463,5859.179891,123834.7054,29717.22991,8249.592888,15971.34141,1771.432286,1445.167841,1436.84988,1244.112145,823.0304893,3685.120237,1052.26973,4256.506088,1340.859596,4473.765766,6602.197847,1510.534644,1911.046902,1316.858205,1260.494899,1033.9884,980.5576416,1027.775432,813.2476575,2493.826642,25181.92635,11547.545,9105.555946,1516.232347,1268.0917,1323.114952,1612.906786,1386.869145,3352.597095,694.3353635,430.5223946,15935.53147,30049.00376,11817.97862,5089.704406,1343.382077,1142.890056,1329.134993,1207.440436,964.5643788,904.5388724,4552.1979,2381.153187,2683.897583,790.8070545,777.6445049,414.7350176,805.6734304,822.9938341,1129.171728,1142.825737,1259.66387,696.1481942,4998.03012,8394.060607,820.6671561,22242.31657,12225.61049,5285.838582,4789.468464,841.6092038,1267.15126,1374.044965,1190.626526,1807.054419,732.4811043,3555.450713,1354.91364,16472.48425,2773.737728,1088.059874,1102.17603,964.7947477,1182.119787,1308.390802,1228.424903,21915.69689,3203.731224,31886.76919,137266.4932,115200.1551,23705.09471,5992.397325,2209.783607,1158.317732,1382.876906,1395.496824,1293.583684,5017.454639,1385.656851,5712.972564,3978.165145,7392.457775,9695.981159,11645.69296,2967.233266,1391.725645,1776.000723,1314.293668,1286.607387,884.0335557,650.0896955,1753.952212,748.5311944,2950.473655,366.6622354,1014.122342,434.8896616,413.2932857,610.7714936,670.3488056,3779.571809,1740.259217,1472.758284,3003.862316,39401.97214,11023.34335,1536.637074,821.5539626,832.4910963,587.7212719,703.7767566,641.9595987,513.7706575,490.8809435,4718.443919,6473.868075,1434.342507,16759.29468,1820.210449,851.0432574,705.7232992,422.813579,601.3669506,626.1477921,551.6384353,3528.397988,361.5266378,7871.981556,22239.2434,19226.10391,4810.317902,4818.974197,1124.797234,694.0598967,600.9768771,609.2012592,523.9660809,3260.664506,3018.95006,33752.32617
104,SUR_VER,886.6298373,3044.580721,1491.353114,885.8066084,340.4636945,206.5657024,137.4616708,105.3345768,882.9448145,139.7575804,449.9416325,166.3646058,651.8875379,519.68667,530.4467689,144.0950651,108.3694614,77.36948843,91.27102656,105.1730605,75.62141359,1861.072218,1052.028486,907.7053658,1516.425911,1844.821164,684.1972799,1556.996104,323.6587664,182.5453093,116.4227984,143.6898871,108.7346346,55.8868632,518.2831454,1887.726498,358.4429055,1474.749644,543.2369989,199.2200498,136.803863,94.85646941,89.31890373,83.87981463,380.6626854,238.7782851,260.3455946,82.92412698,892.848715,1636.629545,201.2535832,479.6085284,461.5134396,139.8101662,133.1450276,113.7721678,87.7057755,66.8592658,308.5698031,39.03721457,688.7195457,3044.580721,6323.392915,814.5583111,330.665478,167.2554075,113.1324069,84.69208937,78.55328874,310.7980465,56.50439336,1581.320121,1731.699236,13049.7127,9207.001971,885.8066084,371.5077879,226.5532387,398.2991169,141.2191106,96.38662056,791.3552908,102.1604534,2909.591431,15252.74246,11463.46787,3857.632391,788.5721328,356.9086767,865.3577629,195.8320647,104.2172191,79.15416826,109.1599024,369.2547812,454.5811594,234.2480953,1425.110994,1107.183197,466.3150826,259.7431098,177.3236531,118.6869036,101.0933141,80.31024447,435.5685953,245.5195526,438.1248902,16235.95864,2803.750562,8413.372211,1232.41959,447.3580247,832.0915749,286.9850099,159.8097231,103.157327,70.70132766,30.08849809,419.0386188,948.741232,5026.930028,2767.908427,659.0353316,280.6163049,154.3597592,121.1609716,101.1781424,90.8177076,500.716811,994.3226587,3101.78856,4738.057734,791.6520221,319.6863255,203.3279312,136.0414804,98.86245935,86.43983309,83.69804061,223.311832,79.02556212,991.0928862,1451.005641,1910.121897,17221.11754,4496.551068,1808.580307,3286.701538,456.8789566,315.951835,171.2277401,148.0701774,57.68849076,498.18792,90.35325357,886.6298373,430.701922,599.7765931,1149.885499,405.0392156,371.499805,157.2436096,125.740113,106.7865853,86.07497456,135.2021028,93.08261998,356.9855422,4973.436798,2708.592722,1723.928139,373.2567821,208.0862114,145.7858937,122.3729811,181.1960339,504.7670442,64.74144171,31.70957602,1806.713407,4983.258477,1825.779635,1215.593911,339.3759982,228.1777173,154.1724083,112.3714697,86.85883744,61.62079249,757.7483636,578.1057365,612.1756069,218.8694305,233.72113,80.59228147,156.9253981,82.35473561,85.49521834,84.56068105,185.8932956,53.62028771,1282.891404,1376.61,138.5702113,3931.260447,3554.032442,1201.880476,919.275634,244.4355141,170.9247449,118.7778022,100.6512435,243.6686393,84.23726549,774.9228483,137.7766831,3768.078056,948.3815499,223.250907,175.0673317,105.7164982,101.4901453,93.13435772,94.37586813,4830.474637,595.2272838,9426.263774,17551.42707,13794.56392,3052.542919,903.5917053,505.7325962,274.3337765,182.341705,114.818843,173.0724989,788.9938108,60.53297404,1729.339614,567.9510725,1628.930205,3000.748315,3011.87735,713.7127381,337.9294877,199.4025745,110.3599444,93.73023637,60.45901107,27.68600893,313.7611525,203.5878471,671.4285975,109.9337949,277.3865363,107.8208976,108.418635,172.7793089,156.5457861,583.988852,267.3862242,203.2853048,998.3343625,8850.462519,1604.930607,465.735114,259.554281,289.3999357,164.4417508,168.9988219,145.9634815,108.7087765,92.37297174,939.8694158,1163.777972,384.7586895,3077.764421,420.2453979,228.6283599,194.1833339,108.0051489,161.9427779,154.4879878,125.480843,630.5557254,93.62191876,1726.251412,4007.558341,5203.488953,1491.353114,1471.800033,355.1605086,223.3040211,166.2070773,138.328129,95.98098412,629.9016651,586.7922936,8559.513613
105,SUR_WLL,1509.844299,3709.557697,2190.121846,1288.477266,750.4772379,449.6006215,257.2317575,154.8758825,1090.854634,396.0199447,769.9211846,266.0465909,2475.527761,991.6796577,831.8434407,272.8580836,133.2762958,91.70991985,58.04482016,83.10425236,95.09896719,1813.192767,1024.967642,1758.799793,2199.566733,1464.405628,742.5653483,2104.997348,592.6833202,360.9542696,187.8375824,105.3235224,106.4640163,73.58435011,588.220567,3081.567546,1107.05937,1716.1576,1298.352501,483.4231907,286.3578153,157.9431026,162.4869991,130.6188028,277.7244144,249.7707356,272.2816431,152.2228212,1212.04641,2978.09669,659.7197794,817.9480308,933.5809396,314.4229585,286.3197245,167.7421711,181.624963,121.7867563,178.2426085,76.68100248,1509.844299,3709.557697,10624.67057,2206.55524,684.0644783,364.0235385,203.1142803,117.480586,101.7322102,344.7535996,69.4498024,1542.013031,2178.537838,11328.58193,12727.66741,1859.921846,717.6068843,431.9124336,526.0775272,175.8448401,120.9486962,859.8616649,167.466892,4069.714855,27641.50699,20145.5761,4449.970759,1175.454924,713.5666265,1021.07222,329.5171874,161.9349882,101.8323583,77.53157017,317.0354862,904.0422081,202.314787,2025.686345,1766.820304,1011.506484,382.9555727,288.6758132,177.2998512,169.4499386,138.7622489,494.9698788,385.8025449,500.6184908,16438.27325,5495.027624,18938.60383,1725.491392,691.3084206,1222.295799,436.6971662,249.7990799,135.6283458,85.01048975,42.11713906,418.8383739,1749.266323,7722.661033,5705.803289,929.6224125,553.7964082,293.4269639,178.8886417,127.5596811,108.0385773,543.0430151,1681.658133,3382.896419,7730.88762,1128.152765,590.1055576,367.028947,250.5910934,121.5437548,108.645929,111.2031508,428.4196199,84.9868269,1037.913006,1804.061592,3751.492453,23660.7145,7187.0531,2665.762931,5233.193652,870.1071241,668.9741577,401.6863525,517.0780327,92.10326519,551.3599073,168.9907603,673.1561765,516.0144755,426.0927977,961.6813775,331.9764698,193.2935649,103.916279,110.4316731,91.58257743,100.9597079,61.12131448,227.1370006,340.1159008,4050.806928,2947.000601,2065.72374,680.7948225,410.0963604,231.7728748,146.1363872,136.9719838,661.0480512,52.62416712,33.78025472,2098.590556,7489.825609,2190.121846,1319.99205,569.9739863,367.7677108,216.6093601,113.0618201,69.17266476,64.89716893,986.2564506,824.1475157,612.465677,255.5885999,234.9268814,63.95953454,170.7647059,70.2088544,78.92632924,77.84396811,83.25966647,196.3687382,1520.015934,1925.881658,307.5251841,3277.10794,7886.125894,1751.256683,1592.137598,585.9965674,354.4100168,231.4348051,148.4568325,154.8124773,270.4687045,1002.257835,254.6642609,4187.635452,1575.148714,630.8814594,383.5887255,168.7249173,112.8550101,108.1005124,128.9049923,5480.209862,1760.813522,3899.254598,27087.05176,24966.83,6099.478243,1510.986413,915.9457013,570.5708143,338.3481105,199.7171533,294.2592714,858.6634259,108.0456414,901.8086459,316.459026,1641.24855,2389.6828,5360.362482,920.6672507,528.4022359,351.9247468,174.8831831,134.3916369,89.91633311,98.57862021,234.4241164,189.8314637,674.8771577,98.61045573,493.3009672,134.5230317,149.7015217,218.1419245,239.2710939,407.2139677,334.0105095,598.8824298,929.9878303,7946.885062,4150.066667,962.0525741,611.5913745,826.8146191,323.8975046,345.8287269,288.7786591,208.8032057,161.2500501,1004.067128,2133.045123,480.6080819,5523.413853,1285.42705,626.0224581,375.9884839,175.4559242,229.6456639,241.8912896,219.258608,510.9552047,95.35113518,1810.540432,5255.78022,8695.296261,2905.700493,1288.477266,579.7504027,329.9780354,253.669068,257.1690165,199.3730668,1273.25996,650.8473726,16749.30899
106,SUR_WLU,1955.182087,3572.737546,4046.682795,3037.455946,2688.370009,1942.754084,1351.600811,788.5284998,1003.012984,1567.313362,1372.605272,1095.866715,3257.123436,2166.807098,2133.96968,1461.464497,878.0899678,355.6732358,100.8244744,96.84301302,99.20499757,892.5663684,2301.255573,2842.072934,3685.711645,2941.87564,2826.001251,3239.544943,2460.165222,1754.113252,1135.365857,529.6438035,224.7418974,92.13152208,339.6112552,2667.569329,2878.473761,3344.281179,2925.718885,2122.985974,1569.329174,955.2547351,623.3315037,262.5226218,165.0241413,165.6572895,176.3162893,114.3995245,769.7454987,3255.50492,2582.026915,2198.885241,2044.254337,1578.866362,1209.849911,654.9102501,391.5793762,192.323181,138.0209882,79.35765657,1748.171954,2696.541289,12805.99533,5511.996127,2656.722235,1827.664913,1223.071066,624.6557141,255.4957865,187.1702583,99.37955866,531.4390873,2852.708958,11176.19928,14381.10112,4958.81406,2662.223373,1907.128597,1448.796974,866.2938133,378.267933,621.2197056,1112.186271,4150.510979,24903.64228,20618.21334,8169.737834,3751.094643,2609.763839,2401.372166,1653.81621,990.4764131,450.3980161,136.635953,164.252665,384.0689962,211.0899382,2313.837551,2885.746418,2640.16929,2023.666106,1486.605152,964.6679021,581.5846484,283.6025085,697.6389791,571.1186062,653.8928659,15328.88871,8937.787666,19772.56968,4242.920387,2666.48359,2511.313604,1855.633919,1230.878614,632.6887011,205.8546845,76.74967062,258.854158,829.6890524,7780.893501,9114.055412,2982.639166,2282.697827,1532.255693,977.8370216,463.1983381,187.6278667,254.699706,1168.887754,4063.929865,8342.634004,3586.35953,2490.933548,1792.463016,1313.909526,703.8282263,301.853721,109.7767626,209.0303704,99.95585491,517.3453088,2765.992945,4091.6145,18898.26712,9841.873579,5943.411147,7640.653274,2999.774078,2442.073073,1785.100935,1704.342431,707.2001278,757.1466063,606.9591279,658.4363972,1299.669349,1100.542682,1829.159494,1178.172759,847.2279346,393.0083679,159.3486483,98.42161426,104.2023478,91.45533585,178.4108346,185.9606066,2905.296143,4966.261403,3537.225326,2658.889078,1913.224595,1308.790808,755.2194206,321.7744504,317.2605584,142.924595,90.07446448,2153.634048,7622.687676,5115.422636,3169.719494,2354.566748,1715.84258,1168.353643,565.5316943,154.4992736,89.15687732,433.1623287,801.7221547,1137.762163,925.7825031,822.4966684,547.9550732,364.3761341,115.2380119,95.83452326,94.66843893,95.06315778,85.32624821,1836.120243,2665.863785,1774.588454,3611.496596,9613.04495,3775.279424,3495.904915,2297.745051,1742.072217,1171.866219,638.2700327,314.3144511,423.0802555,892.53039,1259.307128,3572.737546,4046.682795,2498.846313,1860.988466,1110.25212,589.5553058,239.9670944,115.1195682,3711.510094,3545.913024,4571.842355,26671.01355,23290.16713,10258.62816,3835.819483,3037.960193,2274.763235,1673.444537,1065.279202,825.2861045,1453.251755,759.1383628,564.7743108,1406.575721,1456.413875,3858.367773,8321.974268,3010.224384,2240.874388,1680.81437,1014.474147,534.2370881,167.7746486,98.88970546,165.7716256,194.7962958,300.9967646,237.1929903,290.1223891,191.2929012,148.3994238,160.98213,164.7900154,197.0867681,188.6020749,234.5530361,1024.115798,8955.622186,7476.723287,3188.368913,2356.85921,1925.224093,1381.548831,1214.180505,947.1505212,605.9852764,365.3267694,686.8519447,2418.053697,1955.182087,6097.458851,3253.380488,2293.059118,1696.294111,1005.118735,819.4024638,712.3334088,556.3401835,844.3118692,392.9453565,1983.987047,5151.497849,10071.09408,6267.121955,3037.455946,2272.047495,1557.902694,1134.905897,900.3121724,608.6099873,803.1172689,941.9610947,13853.83605
107,SUR_ALH,0.0,0.0,0.0,0.0,0.0,0.0,0.0,0.0,0.0,0.0,0.0,0.0,0.0,0.0,0.0,0.0,0.0,0.0,0.0,0.0,0.0,0.0,0.0,0.0,0.0,0.0,0.0,0.0,0.0,0.0,0.0,0.0,0.0,0.0,0.0,0.0,0.0,0.0,0.0,0.0,0.0,0.0,0.0,0.0,0.0,0.0,0.0,0.0,0.0,0.0,0.0,0.0,0.0,0.0,0.0,0.0,0.0,0.0,0.0,0.0,0.0,0.0,0.0,0.0,0.0,0.0,0.0,0.0,0.0,0.0,0.0,0.0,0.0,0.0,0.0,0.0,0.0,0.0,0.0,0.0,0.0,0.0,0.0,0.0,0.0,0.0,0.0,0.0,0.0,0.0,0.0,0.0,0.0,0.0,0.0,0.0,0.0,0.0,0.0,0.0,0.0,0.0,0.0,0.0,0.0,0.0,0.0,0.0,0.0,0.0,0.0,0.0,0.0,0.0,0.0,0.0,0.0,0.0,0.0,0.0,0.0,0.0,0.0,0.0,0.0,0.0,0.0,0.0,0.0,0.0,0.0,0.0,0.0,0.0,0.0,0.0,0.0,0.0,0.0,0.0,0.0,0.0,0.0,0.0,0.0,0.0,0.0,0.0,0.0,0.0,0.0,0.0,0.0,0.0,0.0,0.0,0.0,0.0,0.0,0.0,0.0,0.0,0.0,0.0,0.0,0.0,0.0,0.0,0.0,0.0,0.0,0.0,0.0,0.0,0.0,0.0,0.0,0.0,0.0,0.0,0.0,0.0,0.0,0.0,0.0,0.0,0.0,0.0,0.0,0.0,0.0,0.0,0.0,0.0,0.0,0.0,0.0,0.0,0.0,0.0,0.0,0.0,0.0,0.0,0.0,0.0,0.0,0.0,0.0,0.0,0.0,0.0,0.0,0.0,0.0,0.0,0.0,0.0,0.0,0.0,0.0,0.0,0.0,0.0,0.0,0.0,0.0,0.0,0.0,0.0,0.0,0.0,0.0,0.0,0.0,0.0,0.0,0.0,0.0,0.0,0.0,0.0,0.0,0.0,0.0,0.0,0.0,0.0,0.0,0.0,0.0,0.0,0.0,0.0,0.0,0.0,0.0,0.0,0.0,0.0,0.0,0.0,0.0,0.0,0.0,0.0,0.0,0.0,0.0,0.0,0.0,0.0,0.0,0.0,0.0,0.0,0.0,0.0,0.0,0.0,0.0,0.0,0.0,0.0,0.0,0.0,0.0,0.0,0.0,0.0,0.0,0.0,0.0,0.0,0.0,0.0,0.0,0.0,0.0,0.0
108,SUR_ARC,0.0,0.0,0.0,0.0,0.0,0.0,0.0,0.0,0.0,0.0,0.0,0.0,0.0,0.0,0.0,0.0,0.0,0.0,0.0,0.0,0.0,0.0,0.0,0.0,0.0,0.0,0.0,0.0,0.0,0.0,0.0,0.0,0.0,0.0,0.0,0.0,0.0,0.0,0.0,0.0,0.0,0.0,0.0,0.0,0.0,0.0,0.0,0.0,0.0,0.0,0.0,0.0,0.0,0.0,0.0,0.0,0.0,0.0,0.0,0.0,0.0,0.0,0.0,0.0,0.0,0.0,0.0,0.0,0.0,0.0,0.0,0.0,0.0,0.0,0.0,0.0,0.0,0.0,0.0,0.0,0.0,0.0,0.0,0.0,0.0,0.0,0.0,0.0,0.0,0.0,0.0,0.0,0.0,0.0,0.0,0.0,0.0,0.0,0.0,0.0,0.0,0.0,0.0,0.0,0.0,0.0,0.0,0.0,0.0,0.0,0.0,0.0,0.0,0.0,0.0,0.0,0.0,0.0,0.0,0.0,0.0,0.0,0.0,0.0,0.0,0.0,0.0,0.0,0.0,0.0,0.0,0.0,0.0,0.0,0.0,0.0,0.0,0.0,0.0,0.0,0.0,0.0,0.0,0.0,0.0,0.0,0.0,0.0,0.0,0.0,0.0,0.0,0.0,0.0,0.0,0.0,0.0,0.0,0.0,0.0,0.0,0.0,0.0,0.0,0.0,0.0,0.0,0.0,0.0,0.0,0.0,0.0,0.0,0.0,0.0,0.0,0.0,0.0,0.0,0.0,0.0,0.0,0.0,0.0,0.0,0.0,0.0,0.0,0.0,0.0,0.0,0.0,0.0,0.0,0.0,0.0,0.0,0.0,0.0,0.0,0.0,0.0,0.0,0.0,0.0,0.0,0.0,0.0,0.0,0.0,0.0,0.0,0.0,0.0,0.0,0.0,0.0,0.0,0.0,0.0,0.0,0.0,0.0,0.0,0.0,0.0,0.0,0.0,0.0,0.0,0.0,0.0,0.0,0.0,0.0,0.0,0.0,0.0,0.0,0.0,0.0,0.0,0.0,0.0,0.0,0.0,0.0,0.0,0.0,0.0,0.0,0.0,0.0,0.0,0.0,0.0,0.0,0.0,0.0,0.0,0.0,0.0,0.0,0.0,0.0,0.0,0.0,0.0,0.0,0.0,0.0,0.0,0.0,0.0,0.0,0.0,0.0,0.0,0.0,0.0,0.0,0.0,0.0,0.0,0.0,0.0,0.0,0.0,0.0,0.0,0.0,0.0,0.0,0.0,0.0,0.0,0.0,0.0,0.0,0.0
109,SUR_COV,0.0,0.0,0.0,0.0,0.0,0.0,0.0,0.0,0.0,0.0,0.0,0.0,0.0,0.0,0.0,0.0,0.0,0.0,0.0,0.0,0.0,0.0,0.0,0.0,0.0,0.0,0.0,0.0,0.0,0.0,0.0,0.0,0.0,0.0,0.0,0.0,0.0,0.0,0.0,0.0,0.0,0.0,0.0,0.0,0.0,0.0,0.0,0.0,0.0,0.0,0.0,0.0,0.0,0.0,0.0,0.0,0.0,0.0,0.0,0.0,0.0,0.0,0.0,0.0,0.0,0.0,0.0,0.0,0.0,0.0,0.0,0.0,0.0,0.0,0.0,0.0,0.0,0.0,0.0,0.0,0.0,0.0,0.0,0.0,0.0,0.0,0.0,0.0,0.0,0.0,0.0,0.0,0.0,0.0,0.0,0.0,0.0,0.0,0.0,0.0,0.0,0.0,0.0,0.0,0.0,0.0,0.0,0.0,0.0,0.0,0.0,0.0,0.0,0.0,0.0,0.0,0.0,0.0,0.0,0.0,0.0,0.0,0.0,0.0,0.0,0.0,0.0,0.0,0.0,0.0,0.0,0.0,0.0,0.0,0.0,0.0,0.0,0.0,0.0,0.0,0.0,0.0,0.0,0.0,0.0,0.0,0.0,0.0,0.0,0.0,0.0,0.0,0.0,0.0,0.0,0.0,0.0,0.0,0.0,0.0,0.0,0.0,0.0,0.0,0.0,0.0,0.0,0.0,0.0,0.0,0.0,0.0,0.0,0.0,0.0,0.0,0.0,0.0,0.0,0.0,0.0,0.0,0.0,0.0,0.0,0.0,0.0,0.0,0.0,0.0,0.0,0.0,0.0,0.0,0.0,0.0,0.0,0.0,0.0,0.0,0.0,0.0,0.0,0.0,0.0,0.0,0.0,0.0,0.0,0.0,0.0,0.0,0.0,0.0,0.0,0.0,0.0,0.0,0.0,0.0,0.0,0.0,0.0,0.0,0.0,0.0,0.0,0.0,0.0,0.0,0.0,0.0,0.0,0.0,0.0,0.0,0.0,0.0,0.0,0.0,0.0,0.0,0.0,0.0,0.0,0.0,0.0,0.0,0.0,0.0,0.0,0.0,0.0,0.0,0.0,0.0,0.0,0.0,0.0,0.0,0.0,0.0,0.0,0.0,0.0,0.0,0.0,0.0,0.0,0.0,0.0,0.0,0.0,0.0,0.0,0.0,0.0,0.0,0.0,0.0,0.0,0.0,0.0,0.0,0.0,0.0,0.0,0.0,0.0,0.0,0.0,0.0,0.0,0.0,0.0,0.0,0.0,0.0,0.0,0.0
110,SUR_OWN,36707.0,38519.0,42042.0,41887.0,48608.0,46589.0,48336.0,48602.0,43158.0,41687.0,44249.0,40181.0,38113.0,34323.0,30308.0,28692.0,35102.0,46036.0,45905.0,48399.0,41792.0,25299.0,23624.0,30425.0,34092.0,29601.0,37941.0,29349.0,31891.0,38084.0,37213.0,37682.0,16614.0,14683.0,23119.0,39170.0,35798.0,32357.0,24248.0,13953.0,21822.0,30522.0,34695.0,24749.0,26659.0,12274.0,13172.0,17975.0,16740.0,13702.0,13889.0,15135.0,6120.0,11105.0,7575.0,3734.0,0.0,8548.0,4874.0,4766.0,11831.0,10766.0,15482.0,21203.0,19668.0,21878.0,23943.0,11664.0,9821.0,12614.0,13317.0,14258.0,19934.0,7176.0,16775.0,11381.0,19791.0,16214.0,21232.0,20189.0,15069.0,8638.0,8432.0,12071.0,10450.0,6795.0,34338.0,27692.0,31750.0,36426.0,33464.0,35754.0,21782.0,18244.0,12148.0,20436.0,11144.0,10893.0,15411.0,3695.0,16632.0,13730.0,18305.0,18206.0,5933.0,6279.0,5865.0,6448.0,24886.0,25972.0,33332.0,42313.0,44505.0,43467.0,46841.0,46472.0,44923.0,45141.0,34785.0,31465.0,23999.0,30637.0,39457.0,41731.0,38687.0,42446.0,44807.0,42981.0,36774.0,44026.0,14222.0,24349.0,36546.0,34606.0,41842.0,41478.0,40799.0,42970.0,46190.0,46061.0,39080.0,26470.0,15743.0,24519.0,20312.0,17737.0,36332.0,40278.0,39838.0,43959.0,46573.0,46680.0,43487.0,44926.0,45295.0,43003.0,26903.0,17089.0,20570.0,20594.0,32015.0,37364.0,41473.0,37669.0,29535.0,21054.0,13687.0,11524.0,14683.0,12870.0,22523.0,14669.0,34721.0,38667.0,42117.0,29804.0,16806.0,7830.0,13567.0,6879.0,6222.0,20079.0,22232.0,5828.0,28929.0,38454.0,41085.0,35590.0,30859.0,15694.0,3859.0,17649.0,8836.0,14177.0,6536.0,6261.0,21529.0,26149.0,25873.0,24729.0,24096.0,7494.0,5115.0,8442.0,12786.0,14134.0,15768.0,11827.0,19964.0,33144.0,26870.0,33973.0,29243.0,16063.0,14500.0,23068.0,5656.0,13702.0,15383.0,14833.0,16399.0,15038.0,28689.0,31103.0,18290.0,15570.0,13613.0,14914.0,4068.0,16945.0,34964.0,35360.0,43680.0,40632.0,45714.0,46893.0,30888.0,32552.0,29735.0,14963.0,9918.0,13201.0,28178.0,34817.0,39869.0,42150.0,45288.0,44968.0,32840.0,29102.0,31791.0,28113.0,31044.0,2772.0,11544.0,4935.0,4623.0,10797.0,13156.0,15718.0,15136.0,8454.0,3024.0,6189.0,6323.0,12358.0,7539.0,15982.0,35790.0,11837.0,18173.0,14951.0,9893.0,3282.0,6070.0,6209.0,10378.0,14338.0,11953.0,68.0,6670.0,6518.0,10334.0,14480.0,14911.0,15951.0,15109.0,16551.0,1866.0,18288.0,16058.0,19986.0,21517.0,34688.0,33326.0,30156.0,18194.0,20628.0,18243.0,18176.0
111,SUR_PAC,0.0,0.0,0.0,0.0,0.0,0.0,0.0,0.0,0.0,0.0,0.0,0.0,0.0,0.0,0.0,0.0,0.0,0.0,0.0,0.0,0.0,0.0,0.0,0.0,0.0,0.0,0.0,0.0,0.0,0.0,0.0,0.0,0.0,0.0,0.0,0.0,0.0,0.0,0.0,0.0,0.0,0.0,0.0,0.0,0.0,0.0,0.0,0.0,0.0,0.0,0.0,0.0,0.0,0.0,0.0,0.0,0.0,0.0,0.0,0.0,0.0,0.0,0.0,0.0,0.0,0.0,0.0,0.0,0.0,0.0,0.0,0.0,0.0,0.0,0.0,0.0,0.0,0.0,0.0,0.0,0.0,0.0,0.0,0.0,0.0,0.0,0.0,0.0,0.0,0.0,0.0,0.0,0.0,0.0,0.0,0.0,0.0,0.0,0.0,0.0,0.0,0.0,0.0,0.0,0.0,0.0,0.0,0.0,0.0,0.0,0.0,0.0,0.0,0.0,0.0,0.0,0.0,0.0,0.0,0.0,0.0,0.0,0.0,0.0,0.0,0.0,0.0,0.0,0.0,0.0,0.0,0.0,0.0,0.0,0.0,0.0,0.0,0.0,0.0,0.0,0.0,0.0,0.0,0.0,0.0,0.0,0.0,0.0,0.0,0.0,0.0,0.0,0.0,0.0,0.0,0.0,0.0,0.0,0.0,0.0,0.0,0.0,0.0,0.0,0.0,0.0,0.0,0.0,0.0,0.0,0.0,0.0,0.0,0.0,0.0,0.0,0.0,0.0,0.0,0.0,0.0,0.0,0.0,0.0,0.0,0.0,0.0,0.0,0.0,0.0,0.0,0.0,0.0,0.0,0.0,0.0,0.0,0.0,0.0,0.0,0.0,0.0,0.0,0.0,0.0,0.0,0.0,0.0,0.0,0.0,0.0,0.0,0.0,0.0,0.0,0.0,0.0,0.0,0.0,0.0,0.0,0.0,0.0,0.0,0.0,0.0,0.0,0.0,0.0,0.0,0.0,0.0,0.0,0.0,0.0,0.0,0.0,0.0,0.0,0.0,0.0,0.0,0.0,0.0,0.0,0.0,0.0,0.0,0.0,0.0,0.0,0.0,0.0,0.0,0.0,0.0,0.0,0.0,0.0,0.0,0.0,0.0,0.0,0.0,0.0,0.0,0.0,0.0,0.0,0.0,0.0,0.0,0.0,0.0,0.0,0.0,0.0,0.0,0.0,0.0,0.0,0.0,0.0,0.0,0.0,0.0,0.0,0.0,0.0,0.0,0.0,0.0,0.0,0.0,0.0,0.0,0.0,0.0,0.0,0.0
112,SUR_RHL,0.0,0.0,0.0,0.0,0.0,0.0,0.0,0.0,0.0,0.0,0.0,0.0,0.0,0.0,0.0,0.0,0.0,0.0,0.0,0.0,0.0,0.0,0.0,0.0,0.0,0.0,0.0,0.0,0.0,0.0,0.0,0.0,0.0,0.0,0.0,0.0,0.0,0.0,0.0,0.0,0.0,0.0,0.0,0.0,0.0,0.0,0.0,0.0,0.0,0.0,0.0,0.0,0.0,0.0,0.0,0.0,0.0,0.0,0.0,0.0,0.0,0.0,0.0,0.0,0.0,0.0,0.0,0.0,0.0,0.0,0.0,0.0,0.0,0.0,0.0,0.0,0.0,0.0,0.0,0.0,0.0,0.0,0.0,0.0,0.0,0.0,0.0,0.0,0.0,0.0,0.0,0.0,0.0,0.0,0.0,0.0,0.0,0.0,0.0,0.0,0.0,0.0,0.0,0.0,0.0,0.0,0.0,0.0,0.0,0.0,0.0,0.0,0.0,0.0,0.0,0.0,0.0,0.0,0.0,0.0,0.0,0.0,0.0,0.0,0.0,0.0,0.0,0.0,0.0,0.0,0.0,0.0,0.0,0.0,0.0,0.0,0.0,0.0,0.0,0.0,0.0,0.0,0.0,0.0,0.0,0.0,0.0,0.0,0.0,0.0,0.0,0.0,0.0,0.0,0.0,0.0,0.0,0.0,0.0,0.0,0.0,0.0,0.0,0.0,0.0,0.0,0.0,0.0,0.0,0.0,0.0,0.0,0.0,0.0,0.0,0.0,0.0,0.0,0.0,0.0,0.0,0.0,0.0,0.0,0.0,0.0,0.0,0.0,0.0,0.0,0.0,0.0,0.0,0.0,0.0,0.0,0.0,0.0,0.0,0.0,0.0,0.0,0.0,0.0,0.0,0.0,0.0,0.0,0.0,0.0,0.0,0.0,0.0,0.0,0.0,0.0,0.0,0.0,0.0,0.0,0.0,0.0,0.0,0.0,0.0,0.0,0.0,0.0,0.0,0.0,0.0,0.0,0.0,0.0,0.0,0.0,0.0,0.0,0.0,0.0,0.0,0.0,0.0,0.0,0.0,0.0,0.0,0.0,0.0,0.0,0.0,0.0,0.0,0.0,0.0,0.0,0.0,0.0,0.0,0.0,0.0,0.0,0.0,0.0,0.0,0.0,0.0,0.0,0.0,0.0,0.0,0.0,0.0,0.0,0.0,0.0,0.0,0.0,0.0,0.0,0.0,0.0,0.0,0.0,0.0,0.0,0.0,0.0,0.0,0.0,0.0,0.0,0.0,0.0,0.0,0.0,0.0,0.0,0.0,0.0
113,SUR_SGM,0.0,0.0,0.0,0.0,0.0,0.0,0.0,0.0,0.0,0.0,0.0,0.0,0.0,0.0,0.0,0.0,0.0,0.0,0.0,0.0,0.0,0.0,0.0,0.0,0.0,0.0,0.0,0.0,0.0,0.0,0.0,0.0,0.0,0.0,0.0,0.0,0.0,0.0,0.0,0.0,0.0,0.0,0.0,0.0,0.0,0.0,0.0,0.0,0.0,0.0,0.0,0.0,0.0,0.0,0.0,0.0,0.0,0.0,0.0,0.0,0.0,0.0,0.0,0.0,0.0,0.0,0.0,0.0,0.0,0.0,0.0,0.0,0.0,0.0,0.0,0.0,0.0,0.0,0.0,0.0,0.0,0.0,0.0,0.0,0.0,0.0,0.0,0.0,0.0,0.0,0.0,0.0,0.0,0.0,0.0,0.0,0.0,0.0,0.0,0.0,0.0,0.0,0.0,0.0,0.0,0.0,0.0,0.0,0.0,0.0,0.0,0.0,0.0,0.0,0.0,0.0,0.0,0.0,0.0,0.0,0.0,0.0,0.0,0.0,0.0,0.0,0.0,0.0,0.0,0.0,0.0,0.0,0.0,0.0,0.0,0.0,0.0,0.0,0.0,0.0,0.0,0.0,0.0,0.0,0.0,0.0,0.0,0.0,0.0,0.0,0.0,0.0,0.0,0.0,0.0,0.0,0.0,0.0,0.0,0.0,0.0,0.0,0.0,0.0,0.0,0.0,0.0,0.0,0.0,0.0,0.0,0.0,0.0,0.0,0.0,0.0,0.0,0.0,0.0,0.0,0.0,0.0,0.0,0.0,0.0,0.0,0.0,0.0,0.0,0.0,0.0,0.0,0.0,0.0,0.0,0.0,0.0,0.0,0.0,0.0,0.0,0.0,0.0,0.0,0.0,0.0,0.0,0.0,0.0,0.0,0.0,0.0,0.0,0.0,0.0,0.0,0.0,0.0,0.0,0.0,0.0,0.0,0.0,0.0,0.0,0.0,0.0,0.0,0.0,0.0,0.0,0.0,0.0,0.0,0.0,0.0,0.0,0.0,0.0,0.0,0.0,0.0,0.0,0.0,0.0,0.0,0.0,0.0,0.0,0.0,0.0,0.0,0.0,0.0,0.0,0.0,0.0,0.0,0.0,0.0,0.0,0.0,0.0,0.0,0.0,0.0,0.0,0.0,0.0,0.0,0.0,0.0,0.0,0.0,0.0,0.0,0.0,0.0,0.0,0.0,0.0,0.0,0.0,0.0,0.0,0.0,0.0,0.0,0.0,0.0,0.0,0.0,0.0,0.0,0.0,0.0,0.0,0.0,0.0,0.0
114,SUR_SGO,0.0,0.0,0.0,0.0,0.0,0.0,0.0,0.0,0.0,0.0,0.0,0.0,0.0,0.0,0.0,0.0,0.0,0.0,0.0,0.0,0.0,0.0,0.0,0.0,0.0,0.0,0.0,0.0,0.0,0.0,0.0,0.0,0.0,0.0,0.0,0.0,0.0,0.0,0.0,0.0,0.0,0.0,0.0,0.0,0.0,0.0,0.0,0.0,0.0,0.0,0.0,0.0,0.0,0.0,0.0,0.0,0.0,0.0,0.0,0.0,0.0,0.0,0.0,0.0,0.0,0.0,0.0,0.0,0.0,0.0,0.0,0.0,0.0,0.0,0.0,0.0,0.0,0.0,0.0,0.0,0.0,0.0,0.0,0.0,0.0,0.0,0.0,0.0,0.0,0.0,0.0,0.0,0.0,0.0,0.0,0.0,0.0,0.0,0.0,0.0,0.0,0.0,0.0,0.0,0.0,0.0,0.0,0.0,0.0,0.0,0.0,0.0,0.0,0.0,0.0,0.0,0.0,0.0,0.0,0.0,0.0,0.0,0.0,0.0,0.0,0.0,0.0,0.0,0.0,0.0,0.0,0.0,0.0,0.0,0.0,0.0,0.0,0.0,0.0,0.0,0.0,0.0,0.0,0.0,0.0,0.0,0.0,0.0,0.0,0.0,0.0,0.0,0.0,0.0,0.0,0.0,0.0,0.0,0.0,0.0,0.0,0.0,0.0,0.0,0.0,0.0,0.0,0.0,0.0,0.0,0.0,0.0,0.0,0.0,0.0,0.0,0.0,0.0,0.0,0.0,0.0,0.0,0.0,0.0,0.0,0.0,0.0,0.0,0.0,0.0,0.0,0.0,0.0,0.0,0.0,0.0,0.0,0.0,0.0,0.0,0.0,0.0,0.0,0.0,0.0,0.0,0.0,0.0,0.0,0.0,0.0,0.0,0.0,0.0,0.0,0.0,0.0,0.0,0.0,0.0,0.0,0.0,0.0,0.0,0.0,0.0,0.0,0.0,0.0,0.0,0.0,0.0,0.0,0.0,0.0,0.0,0.0,0.0,0.0,0.0,0.0,0.0,0.0,0.0,0.0,0.0,0.0,0.0,0.0,0.0,0.0,0.0,0.0,0.0,0.0,0.0,0.0,0.0,0.0,0.0,0.0,0.0,0.0,0.0,0.0,0.0,0.0,0.0,0.0,0.0,0.0,0.0,0.0,0.0,0.0,0.0,0.0,0.0,0.0,0.0,0.0,0.0,0.0,0.0,0.0,0.0,0.0,0.0,0.0,0.0,0.0,0.0,0.0,0.0,0.0,0.0,0.0,0.0,0.0,0.0
115,SUR_TUJ,0.0,0.0,0.0,0.0,0.0,0.0,0.0,0.0,0.0,0.0,0.0,0.0,0.0,0.0,0.0,0.0,0.0,0.0,0.0,0.0,0.0,0.0,0.0,0.0,0.0,0.0,0.0,0.0,0.0,0.0,0.0,0.0,0.0,0.0,0.0,0.0,0.0,0.0,0.0,0.0,0.0,0.0,0.0,0.0,0.0,0.0,0.0,0.0,0.0,0.0,0.0,0.0,0.0,0.0,0.0,0.0,0.0,0.0,0.0,0.0,0.0,0.0,0.0,0.0,0.0,0.0,0.0,0.0,0.0,0.0,0.0,0.0,0.0,0.0,0.0,0.0,0.0,0.0,0.0,0.0,0.0,0.0,0.0,0.0,0.0,0.0,0.0,0.0,0.0,0.0,0.0,0.0,0.0,0.0,0.0,0.0,0.0,0.0,0.0,0.0,0.0,0.0,0.0,0.0,0.0,0.0,0.0,0.0,0.0,0.0,0.0,0.0,0.0,0.0,0.0,0.0,0.0,0.0,0.0,0.0,0.0,0.0,0.0,0.0,0.0,0.0,0.0,0.0,0.0,0.0,0.0,0.0,0.0,0.0,0.0,0.0,0.0,0.0,0.0,0.0,0.0,0.0,0.0,0.0,0.0,0.0,0.0,0.0,0.0,0.0,0.0,0.0,0.0,0.0,0.0,0.0,0.0,0.0,0.0,0.0,0.0,0.0,0.0,0.0,0.0,0.0,0.0,0.0,0.0,0.0,0.0,0.0,0.0,0.0,0.0,0.0,0.0,0.0,0.0,0.0,0.0,0.0,0.0,0.0,0.0,0.0,0.0,0.0,0.0,0.0,0.0,0.0,0.0,0.0,0.0,0.0,0.0,0.0,0.0,0.0,0.0,0.0,0.0,0.0,0.0,0.0,0.0,0.0,0.0,0.0,0.0,0.0,0.0,0.0,0.0,0.0,0.0,0.0,0.0,0.0,0.0,0.0,0.0,0.0,0.0,0.0,0.0,0.0,0.0,0.0,0.0,0.0,0.0,0.0,0.0,0.0,0.0,0.0,0.0,0.0,0.0,0.0,0.0,0.0,0.0,0.0,0.0,0.0,0.0,0.0,0.0,0.0,0.0,0.0,0.0,0.0,0.0,0.0,0.0,0.0,0.0,0.0,0.0,0.0,0.0,0.0,0.0,0.0,0.0,0.0,0.0,0.0,0.0,0.0,0.0,0.0,0.0,0.0,0.0,0.0,0.0,0.0,0.0,0.0,0.0,0.0,0.0,0.0,0.0,0.0,0.0,0.0,0.0,0.0,0.0,0.0,0.0,0.0,0.0,0.0
116,SUR_TUU,0.0,0.0,0.0,0.0,0.0,0.0,0.0,0.0,0.0,0.0,0.0,0.0,0.0,0.0,0.0,0.0,0.0,0.0,0.0,0.0,0.0,0.0,0.0,0.0,0.0,0.0,0.0,0.0,0.0,0.0,0.0,0.0,0.0,0.0,0.0,0.0,0.0,0.0,0.0,0.0,0.0,0.0,0.0,0.0,0.0,0.0,0.0,0.0,0.0,0.0,0.0,0.0,0.0,0.0,0.0,0.0,0.0,0.0,0.0,0.0,0.0,0.0,0.0,0.0,0.0,0.0,0.0,0.0,0.0,0.0,0.0,0.0,0.0,0.0,0.0,0.0,0.0,0.0,0.0,0.0,0.0,0.0,0.0,0.0,0.0,0.0,0.0,0.0,0.0,0.0,0.0,0.0,0.0,0.0,0.0,0.0,0.0,0.0,0.0,0.0,0.0,0.0,0.0,0.0,0.0,0.0,0.0,0.0,0.0,0.0,0.0,0.0,0.0,0.0,0.0,0.0,0.0,0.0,0.0,0.0,0.0,0.0,0.0,0.0,0.0,0.0,0.0,0.0,0.0,0.0,0.0,0.0,0.0,0.0,0.0,0.0,0.0,0.0,0.0,0.0,0.0,0.0,0.0,0.0,0.0,0.0,0.0,0.0,0.0,0.0,0.0,0.0,0.0,0.0,0.0,0.0,0.0,0.0,0.0,0.0,0.0,0.0,0.0,0.0,0.0,0.0,0.0,0.0,0.0,0.0,0.0,0.0,0.0,0.0,0.0,0.0,0.0,0.0,0.0,0.0,0.0,0.0,0.0,0.0,0.0,0.0,0.0,0.0,0.0,0.0,0.0,0.0,0.0,0.0,0.0,0.0,0.0,0.0,0.0,0.0,0.0,0.0,0.0,0.0,0.0,0.0,0.0,0.0,0.0,0.0,0.0,0.0,0.0,0.0,0.0,0.0,0.0,0.0,0.0,0.0,0.0,0.0,0.0,0.0,0.0,0.0,0.0,0.0,0.0,0.0,0.0,0.0,0.0,0.0,0.0,0.0,0.0,0.0,0.0,0.0,0.0,0.0,0.0,0.0,0.0,0.0,0.0,0.0,0.0,0.0,0.0,0.0,0.0,0.0,0.0,0.0,0.0,0.0,0.0,0.0,0.0,0.0,0.0,0.0,0.0,0.0,0.0,0.0,0.0,0.0,0.0,0.0,0.0,0.0,0.0,0.0,0.0,0.0,0.0,0.0,0.0,0.0,0.0,0.0,0.0,0.0,0.0,0.0,0.0,0.0,0.0,0.0,0.0,0.0,0.0,0.0,0.0,0.0,0.0,0.0
117,SUR_OIL,0.0,0.0,0.0,0.0,0.0,0.0,0.0,0.0,0.0,0.0,0.0,0.0,0.0,0.0,0.0,0.0,0.0,0.0,0.0,0.0,0.0,0.0,0.0,0.0,0.0,0.0,0.0,0.0,0.0,0.0,0.0,0.0,0.0,0.0,0.0,0.0,0.0,0.0,0.0,0.0,0.0,0.0,0.0,0.0,0.0,0.0,0.0,0.0,0.0,0.0,0.0,0.0,0.0,0.0,0.0,0.0,0.0,0.0,0.0,0.0,0.0,0.0,0.0,0.0,0.0,0.0,0.0,0.0,0.0,0.0,0.0,0.0,0.0,0.0,0.0,0.0,0.0,0.0,0.0,0.0,0.0,0.0,0.0,0.0,0.0,0.0,0.0,0.0,0.0,0.0,0.0,0.0,0.0,0.0,0.0,0.0,0.0,0.0,0.0,0.0,0.0,0.0,0.0,0.0,0.0,0.0,0.0,0.0,0.0,0.0,0.0,0.0,0.0,0.0,0.0,0.0,0.0,0.0,0.0,0.0,0.0,0.0,0.0,0.0,0.0,0.0,0.0,0.0,0.0,0.0,0.0,0.0,0.0,0.0,0.0,0.0,0.0,0.0,0.0,0.0,0.0,0.0,0.0,0.0,0.0,0.0,0.0,0.0,0.0,0.0,0.0,0.0,0.0,0.0,0.0,0.0,0.0,0.0,0.0,0.0,0.0,0.0,0.0,0.0,0.0,0.0,0.0,0.0,0.0,0.0,0.0,0.0,0.0,0.0,0.0,0.0,0.0,0.0,0.0,0.0,0.0,0.0,0.0,0.0,0.0,0.0,0.0,0.0,0.0,0.0,0.0,0.0,0.0,0.0,0.0,0.0,0.0,0.0,0.0,0.0,0.0,0.0,0.0,0.0,0.0,0.0,0.0,0.0,0.0,0.0,0.0,0.0,0.0,0.0,0.0,0.0,0.0,0.0,0.0,0.0,0.0,0.0,0.0,0.0,0.0,0.0,0.0,0.0,0.0,0.0,0.0,0.0,0.0,0.0,0.0,0.0,0.0,0.0,0.0,0.0,0.0,0.0,0.0,0.0,0.0,0.0,0.0,0.0,0.0,0.0,0.0,0.0,0.0,0.0,0.0,0.0,0.0,0.0,0.0,0.0,0.0,0.0,0.0,0.0,0.0,0.0,0.0,0.0,0.0,0.0,0.0,0.0,0.0,0.0,0.0,0.0,0.0,0.0,0.0,0.0,0.0,0.0,0.0,0.0,0.0,0.0,0.0,0.0,0.0,0.0,0.0,0.0,0.0,0.0,0.0,0.0,0.0,0.0,0.0,0.0
